activation,seed,epoch,train_loss,train_accuracy,val_loss,val_accuracy
relu,654571,1,0.8449972835041906,0.77042,0.38436853639459106,0.8892
relu,654571,2,0.3346232477635552,0.9046,0.31062578810357766,0.9067
relu,654571,3,0.2808923633018693,0.92006,0.264507783503996,0.925
relu,654571,4,0.24333098212667076,0.9316,0.23361795637248112,0.9325
relu,654571,5,0.21531605231285247,0.93986,0.2066099113763004,0.9405
relu,654571,6,0.19393331187991344,0.94584,0.18666271395572182,0.9463
relu,654571,7,0.17660543301985632,0.94988,0.17804857542089633,0.9497
relu,654571,8,0.16216144246267244,0.95466,0.17136749887990002,0.9498
relu,654571,9,0.1499693771007921,0.95812,0.15680049564904144,0.9553
relu,654571,10,0.1386814437516343,0.96054,0.14445187104601345,0.9579
relu,654571,11,0.12839549321920252,0.9647,0.14109303297902945,0.9594
relu,654571,12,0.11924316729667622,0.96676,0.1312244892392059,0.9624
relu,654571,13,0.11151553214815992,0.96958,0.12609061564123997,0.9634
relu,654571,14,0.10431540463786461,0.9708,0.12158920776502255,0.9653
relu,654571,15,0.09766444190273255,0.97268,0.11573885498168646,0.9668
relu,654571,16,0.09202564266716931,0.97444,0.11404057266316843,0.9677
relu,654571,17,0.08662454079926875,0.9765,0.10796106025326482,0.9685
relu,654571,18,0.08155241682913812,0.978,0.10376284493447022,0.9696
relu,654571,19,0.0770324482775352,0.9791,0.10204871589773666,0.9708
relu,654571,20,0.07298752636713354,0.98032,0.09698920291044082,0.9715
relu,654571,21,0.06946827577957917,0.98104,0.09671817293234941,0.9706
relu,654571,22,0.06569485150382835,0.98212,0.09572872179564688,0.9721
relu,654571,23,0.06265956597236626,0.98288,0.09306335572146766,0.9723
relu,654571,24,0.059603549921734146,0.98428,0.09137761572551244,0.9729
relu,654571,25,0.056662523716012485,0.98508,0.08947479391057642,0.9725
relu,654571,26,0.054211988935939835,0.98568,0.08754940693061139,0.9736
relu,654571,27,0.051736315104834445,0.9867,0.08645313405506101,0.9728
relu,654571,28,0.04939945652630473,0.98708,0.08961538812748017,0.9727
relu,654571,29,0.0473366474511844,0.98802,0.08447957927610306,0.9737
relu,654571,30,0.04516064840738867,0.98838,0.08260610942908062,0.9748
relu,654571,31,0.04337705443172589,0.98952,0.08115896664586682,0.9758
relu,654571,32,0.041447332281494866,0.98944,0.0812256446552806,0.9757
relu,654571,33,0.039850503199368476,0.99024,0.08009154059278242,0.9758
relu,654571,34,0.03805704252782812,0.99084,0.07846183256700168,0.9763
relu,654571,35,0.03679589567778403,0.9914,0.07785204570620063,0.9757
relu,654571,36,0.035173250541038086,0.9917,0.07922700655919913,0.9756
relu,654571,37,0.03372772808539674,0.99226,0.0775585940222946,0.9762
relu,654571,38,0.03250367836374921,0.9926,0.07995328987152164,0.9747
relu,654571,39,0.031362082801888055,0.99278,0.07599750544478437,0.9761
relu,654571,40,0.030029910523789203,0.9937,0.07513541681968415,0.9768
relu,654571,41,0.028952871417161494,0.99374,0.07508163338498117,0.9775
relu,654571,42,0.027915510847426307,0.9939,0.07523102135461533,0.9768
relu,654571,43,0.02685681359320376,0.99432,0.07535546905700076,0.9767
relu,654571,44,0.02589660757330259,0.9948,0.07613681770174752,0.9774
relu,654571,45,0.02481807660818374,0.99508,0.07361514707845225,0.9769
relu,654571,46,0.024052568113957222,0.99534,0.07465709645182296,0.9776
relu,654571,47,0.02329279660899442,0.99558,0.07445014255988185,0.9779
relu,654571,48,0.022427295520785564,0.996,0.07340647856139693,0.9781
relu,654571,49,0.02166813297596986,0.9963,0.07484902660006834,0.9771
relu,654571,50,0.020949372444614128,0.99644,0.07476008751577387,0.978
relu,654571,51,0.020287960261104777,0.9967,0.07302764851722703,0.9786
relu,654571,52,0.01943449126228228,0.99706,0.07319019452021203,0.9781
relu,654571,53,0.01888963200890745,0.99708,0.07266538725492164,0.979
relu,654571,54,0.01815093356918456,0.9975,0.07243924476081752,0.9785
relu,654571,55,0.017679875183193777,0.99752,0.07159724786384886,0.9782
relu,654571,56,0.016950320440840362,0.99788,0.07345832075608401,0.9791
relu,654571,57,0.016524903806857075,0.99784,0.0723998082486656,0.9789
relu,654571,58,0.015993955231826017,0.99804,0.07283635989680248,0.9793
relu,654571,59,0.01557267345783403,0.99814,0.07182576163269769,0.9791
relu,654571,60,0.015030673856397848,0.9982,0.07234682684264385,0.9792
relu,654571,61,0.014521360879522263,0.99852,0.07267532930337076,0.9787
relu,654571,62,0.014171932870890823,0.9984,0.07297321383448112,0.9792
relu,654571,63,0.013760038062821186,0.99836,0.07259098797907358,0.9783
relu,654571,64,0.013282781697792859,0.99858,0.07191792531119484,0.9787
relu,654571,65,0.01296253630278248,0.99866,0.07216498456013096,0.9783
relu,654571,66,0.012482108757761682,0.99876,0.07264732840176036,0.9789
relu,654571,67,0.012139695049255154,0.99886,0.07292423566160088,0.9785
relu,654571,68,0.011791775289607044,0.99898,0.0730517328982921,0.978
relu,654571,69,0.011507196164006727,0.99912,0.07263823400629478,0.9787
relu,654571,70,0.011162433578281969,0.9991,0.0734723226313655,0.9795
relu,654571,71,0.010841683170683057,0.99918,0.07318365491865562,0.9791
relu,654571,72,0.010659458151037153,0.99924,0.0726931268317808,0.9791
relu,654571,73,0.010300204367299821,0.99918,0.07177027890998497,0.9796
relu,654571,74,0.009984520284295537,0.99936,0.07196594482358445,0.9792
relu,654571,75,0.0097408434623639,0.9993,0.07256912987299043,0.98
relu,654571,76,0.009475786674425469,0.9994,0.07315158432287092,0.9791
relu,654571,77,0.009205449044189401,0.99948,0.07323794792221278,0.979
relu,654571,78,0.008959401058636596,0.99946,0.07285414415683204,0.9787
relu,654571,79,0.008756711767999971,0.99952,0.07339774087220828,0.9793
relu,654571,80,0.008588545977288628,0.99954,0.07296881974228228,0.9785
relu,654571,81,0.00836209420377292,0.99948,0.07328779420861635,0.9796
relu,654571,82,0.008146613088532376,0.99952,0.0731662127386338,0.9794
relu,654571,83,0.007939656811564982,0.99954,0.07377937570323255,0.979
relu,654571,84,0.007808556752834961,0.99962,0.07292961973249094,0.9789
relu,654571,85,0.007587805766418978,0.99966,0.07287683650838668,0.979
relu,654571,86,0.007389287924779684,0.9997,0.07370353353776363,0.9792
relu,654571,87,0.007215475210357409,0.99966,0.07438510532883255,0.979
relu,654571,88,0.0070670514728285285,0.99976,0.07353026025181486,0.9791
relu,654571,89,0.006893323218203685,0.9997,0.07533867870108989,0.9796
relu,654571,90,0.006817209365669813,0.99974,0.07341383872966539,0.9796
relu,654571,91,0.00659043626949997,0.99972,0.07415493318350608,0.9793
relu,654571,92,0.006509214156718714,0.9998,0.0745271682666559,0.9797
relu,654571,93,0.006312535344818897,0.99978,0.07383388973427708,0.9796
relu,654571,94,0.006236614667478033,0.99976,0.0741493221795712,0.9794
relu,654571,95,0.006069015055265072,0.99984,0.07522190969537976,0.9788
relu,654571,96,0.005952366370951113,0.9998,0.07445231252950106,0.9791
relu,654571,97,0.0058479039085743,0.9998,0.07402861205142892,0.9796
relu,654571,98,0.005750306799146825,0.9998,0.07381732815509635,0.9793
relu,654571,99,0.005617856501734996,0.99984,0.07468252396107418,0.9794
relu,654571,100,0.005512646906223869,0.99988,0.07506565636790104,0.9794
relu,89250,1,0.8489915399479467,0.78226,0.37272591618681156,0.8925
relu,89250,2,0.3335391262431221,0.90432,0.2934831743903742,0.9148
relu,89250,3,0.2768463704413384,0.92128,0.2518761351429784,0.9278
relu,89250,4,0.2397660931937538,0.93252,0.2290984626053274,0.933
relu,89250,5,0.21085209122183365,0.94066,0.20410732601446863,0.9413
relu,89250,6,0.1880360844602972,0.94758,0.18425788096964446,0.9473
relu,89250,7,0.16953740144243903,0.9525,0.16828755415292454,0.9518
relu,89250,8,0.1540941083746412,0.95728,0.15755781423121532,0.9539
relu,89250,9,0.14047155622150423,0.9606,0.14868169876144874,0.9558
relu,89250,10,0.1294981283772953,0.9642,0.1397979103819253,0.9596
relu,89250,11,0.11962622641689462,0.96726,0.12977363613058557,0.9613
relu,89250,12,0.11097595986661934,0.96972,0.12568105257183795,0.9617
relu,89250,13,0.10372916367684974,0.97124,0.11942438097389844,0.9638
relu,89250,14,0.09705914578089671,0.97306,0.11258346815894085,0.9662
relu,89250,15,0.09101709666879118,0.97554,0.11060457330201477,0.9671
relu,89250,16,0.08582009465538444,0.97688,0.10546760447498223,0.9669
relu,89250,17,0.08079129295140403,0.9781,0.10191222166136472,0.9687
relu,89250,18,0.07658521626822624,0.9794,0.09936632152679349,0.9693
relu,89250,19,0.07241221067603425,0.98012,0.09613044509129799,0.9707
relu,89250,20,0.06924401523479176,0.98116,0.09579420812532423,0.9707
relu,89250,21,0.065855493007665,0.9827,0.09329752912479451,0.9714
relu,89250,22,0.06258481206830896,0.98306,0.09061555467426849,0.9728
relu,89250,23,0.05947863209732698,0.98412,0.08938426504723831,0.9739
relu,89250,24,0.05666304958193016,0.98522,0.09101494378186172,0.9712
relu,89250,25,0.05455417298039504,0.98562,0.08666971297558587,0.9743
relu,89250,26,0.052184621290110346,0.98644,0.08785265664396082,0.9725
relu,89250,27,0.049892758390311126,0.98702,0.08641729622847914,0.9727
relu,89250,28,0.047465158897534304,0.98806,0.08307927000411312,0.9746
relu,89250,29,0.04582167866384659,0.98854,0.08457451995112573,0.9723
relu,89250,30,0.044070559523316094,0.98902,0.08308679617242558,0.9744
relu,89250,31,0.042178690181177605,0.98976,0.08714915267469203,0.9726
relu,89250,32,0.04053346210603922,0.99012,0.08120729138744709,0.9749
relu,89250,33,0.03897147319608309,0.99066,0.0821801668051557,0.9748
relu,89250,34,0.037258792633517245,0.99124,0.08141353658233393,0.9751
relu,89250,35,0.03618881188983376,0.99144,0.07972228820106834,0.9749
relu,89250,36,0.03480731668927832,0.99164,0.07887939847660501,0.9749
relu,89250,37,0.03328938365919715,0.99222,0.07931560170553559,0.9764
relu,89250,38,0.03237832285299575,0.99238,0.07866221878087067,0.9754
relu,89250,39,0.03105881485810975,0.99308,0.07735068987323038,0.9761
relu,89250,40,0.02993254485525676,0.99352,0.07893326931170033,0.9769
relu,89250,41,0.028720477628042935,0.99362,0.0772716531890331,0.9771
relu,89250,42,0.027647034289899303,0.99402,0.07917610246178138,0.9765
relu,89250,43,0.026826230063261628,0.9943,0.07640075753669942,0.9757
relu,89250,44,0.025856271846303243,0.9945,0.07655888242793167,0.9767
relu,89250,45,0.024835016899750696,0.99526,0.07870605442318905,0.9773
relu,89250,46,0.024017708012389134,0.9953,0.07742076373958408,0.9764
relu,89250,47,0.0232392653484673,0.99568,0.07867106578333495,0.976
relu,89250,48,0.02264273787669109,0.99566,0.07645766876136426,0.9768
relu,89250,49,0.021759516540801365,0.99624,0.07613599439597232,0.9767
relu,89250,50,0.021104786307091887,0.99634,0.07719639115937581,0.9779
relu,89250,51,0.020331423867614995,0.99656,0.07746305029383949,0.978
relu,89250,52,0.01972088691233718,0.9967,0.07617528922299208,0.978
relu,89250,53,0.018887689307573775,0.99686,0.0769315881397986,0.9773
relu,89250,54,0.018339275292305567,0.99716,0.07618062741223947,0.9779
relu,89250,55,0.017791567900385795,0.99734,0.07648396374045902,0.9777
relu,89250,56,0.017139101671208874,0.99764,0.07656816823093665,0.9778
relu,89250,57,0.016703205348509602,0.99756,0.07541149327740723,0.9773
relu,89250,58,0.016146236307501557,0.9979,0.07589957995733991,0.9773
relu,89250,59,0.015584529999402921,0.99794,0.07601472620970402,0.9773
relu,89250,60,0.015146968784663425,0.99814,0.07526124566245719,0.9783
relu,89250,61,0.014714924228216164,0.9982,0.07525983299166558,0.9777
relu,89250,62,0.014356673391293285,0.99838,0.07438624567538295,0.9778
relu,89250,63,0.013868625236878427,0.99832,0.07580107851736481,0.9781
relu,89250,64,0.013452558203647368,0.99856,0.07650563723009542,0.9783
relu,89250,65,0.013123930513273705,0.9985,0.07565965615864169,0.9785
relu,89250,66,0.012689763077751628,0.99882,0.07597016109678568,0.9786
relu,89250,67,0.012297580874472499,0.9988,0.07720086919409297,0.9779
relu,89250,68,0.011930398519204065,0.999,0.07593618481695892,0.9795
relu,89250,69,0.011695168991152985,0.99894,0.07749214929507348,0.9777
relu,89250,70,0.011285079798179876,0.99902,0.07840383123769522,0.9774
relu,89250,71,0.011018440826671118,0.99916,0.07624385049719551,0.9782
relu,89250,72,0.010690303996625062,0.99918,0.07744678190775613,0.9781
relu,89250,73,0.010397022101476127,0.99922,0.07688348865238523,0.9783
relu,89250,74,0.010226768894200289,0.99922,0.07671277917711487,0.9781
relu,89250,75,0.009852720969800574,0.99922,0.07782686892211055,0.9781
relu,89250,76,0.009594586572260614,0.99932,0.07747389325953423,0.9779
relu,89250,77,0.009465283611846365,0.99928,0.0772187974280699,0.9782
relu,89250,78,0.009157830157022736,0.99944,0.07745436484970997,0.9788
relu,89250,79,0.00895370148465154,0.99938,0.07772575850578273,0.978
relu,89250,80,0.008717926673292695,0.99944,0.07803019055199605,0.9787
relu,89250,81,0.008519799680033881,0.99946,0.07711227954153865,0.9786
relu,89250,82,0.00831480604103855,0.99954,0.07729188287463994,0.9787
relu,89250,83,0.008098808211811536,0.9995,0.07904928752016756,0.9793
relu,89250,84,0.007973428215797993,0.99954,0.07858258779390938,0.9787
relu,89250,85,0.007758633396681855,0.99956,0.07839218572111654,0.9784
relu,89250,86,0.007599774253761514,0.9996,0.07862655657497797,0.9785
relu,89250,87,0.007391161249426001,0.99958,0.08056986987261633,0.9778
relu,89250,88,0.0072582784562156295,0.99968,0.079496965297002,0.9782
relu,89250,89,0.007101648577387494,0.99966,0.07882887126407608,0.9781
relu,89250,90,0.006930267354765931,0.9997,0.07905439779050222,0.9787
relu,89250,91,0.006758407694866122,0.99966,0.07910739452156412,0.9787
relu,89250,92,0.006611469785499686,0.99972,0.07829457864410796,0.9788
relu,89250,93,0.00647328166390764,0.99968,0.07921978217286522,0.9794
relu,89250,94,0.0063603574661790716,0.99974,0.07872310867888845,0.9794
relu,89250,95,0.00622169852162834,0.99976,0.07983855382631527,0.9789
relu,89250,96,0.006095204382914448,0.99976,0.08022544122134367,0.9782
relu,89250,97,0.006011846654118245,0.99978,0.07905431081769547,0.979
relu,89250,98,0.00582080995405109,0.99986,0.07983516274722709,0.9787
relu,89250,99,0.005764569358053137,0.9998,0.08008156057797626,0.9786
relu,89250,100,0.005628023976191273,0.99982,0.08042245737767167,0.9787
relu,773955,1,0.8415264246888604,0.78244,0.3751575621287497,0.8954
relu,773955,2,0.33253277021981137,0.90474,0.30324925179789236,0.9115
relu,773955,3,0.28087954681080524,0.91964,0.2734741963293925,0.9178
relu,773955,4,0.2434466642207618,0.93106,0.2333541696033495,0.9339
relu,773955,5,0.21401669225468667,0.9399,0.2020354840245889,0.9422
relu,773955,6,0.19023185005410856,0.94662,0.184459913716571,0.9478
relu,773955,7,0.1703853415537127,0.95196,0.17204349938928765,0.9511
relu,773955,8,0.15446083108587175,0.95648,0.15797038409393094,0.9542
relu,773955,9,0.14085529927922294,0.96056,0.148357139612768,0.9576
relu,773955,10,0.1292144804968453,0.96396,0.14266078176447278,0.9605
relu,773955,11,0.11950156533966745,0.96676,0.13103936305215083,0.9625
relu,773955,12,0.11065952203490519,0.96918,0.1250475648059146,0.9648
relu,773955,13,0.10281752808295282,0.97118,0.11951801723707192,0.9662
relu,773955,14,0.09643370031458966,0.97308,0.11275646137006132,0.9665
relu,773955,15,0.09044611729157442,0.97544,0.10809507793168018,0.9686
relu,773955,16,0.0853149216985375,0.97682,0.10633067875992099,0.9692
relu,773955,17,0.08042171410133288,0.97796,0.10290187106041353,0.9698
relu,773955,18,0.07620054148090379,0.97968,0.10117106836893491,0.9711
relu,773955,19,0.07230612484187253,0.98026,0.09765984592029538,0.971
relu,773955,20,0.0682889407291378,0.9814,0.09289422346034436,0.9717
relu,773955,21,0.06504627667134655,0.98232,0.09544333420925943,0.972
relu,773955,22,0.06195302692257529,0.98316,0.09118077866808995,0.972
relu,773955,23,0.059014238541968016,0.98442,0.08989743156133086,0.9738
relu,773955,24,0.05668462863817852,0.98518,0.08906836654464688,0.9729
relu,773955,25,0.05424622132507375,0.98596,0.08676630869639135,0.9735
relu,773955,26,0.05181434339202342,0.98632,0.08517362576950138,0.9748
relu,773955,27,0.04957610957621277,0.98724,0.08380284557305899,0.9751
relu,773955,28,0.047481233198443676,0.9877,0.08225700583876416,0.9757
relu,773955,29,0.045541148575150334,0.98856,0.084083873586335,0.9748
relu,773955,30,0.043587834582209516,0.9886,0.08501333605761036,0.9746
relu,773955,31,0.04194251643281343,0.98918,0.08326217023745495,0.9754
relu,773955,32,0.040499737472935456,0.98996,0.07975142917765685,0.9759
relu,773955,33,0.03872515238735664,0.99078,0.07746323249875042,0.9762
relu,773955,34,0.03719349178769869,0.99084,0.08039116512373733,0.9753
relu,773955,35,0.0359331367040213,0.9911,0.0767644622759298,0.9766
relu,773955,36,0.034607664225340305,0.99162,0.07726434798391432,0.9775
relu,773955,37,0.03331597813521131,0.9919,0.07770642727669429,0.976
relu,773955,38,0.031986313558037376,0.99262,0.07636967275211765,0.9772
relu,773955,39,0.030961449951070166,0.99252,0.0757563407784756,0.9765
relu,773955,40,0.029783412436886557,0.99338,0.07822697698049447,0.9761
relu,773955,41,0.028576142206296753,0.99362,0.07709923692718347,0.9772
relu,773955,42,0.027697932159143426,0.99402,0.0759825917418591,0.9767
relu,773955,43,0.026656564900513626,0.99444,0.07438950204360076,0.9777
relu,773955,44,0.025694569784215988,0.99466,0.07412852897163477,0.9774
relu,773955,45,0.02503424744127744,0.99486,0.07527467434480833,0.9778
relu,773955,46,0.023958452406899464,0.99522,0.07494823358848746,0.9784
relu,773955,47,0.023370898169200013,0.9953,0.0743033565929806,0.9768
relu,773955,48,0.022348362931615465,0.99598,0.07384146603333289,0.9775
relu,773955,49,0.021692665783873973,0.9958,0.07465120965960098,0.9771
relu,773955,50,0.02097899763835017,0.99634,0.07389355186750093,0.978
relu,773955,51,0.020398246048839434,0.9963,0.07416984945034329,0.9775
relu,773955,52,0.019688651562843645,0.99672,0.07450706723113719,0.9775
relu,773955,53,0.019166155709871992,0.99674,0.07464107541064124,0.9774
relu,773955,54,0.01844033145367085,0.99712,0.07365049198151472,0.9775
relu,773955,55,0.017864908756386008,0.99718,0.0759505376431574,0.9776
relu,773955,56,0.01728926569365243,0.9973,0.07422675878139436,0.9774
relu,773955,57,0.01692500699285247,0.99748,0.07458154619773591,0.9776
relu,773955,58,0.016235661977783065,0.99772,0.07305880285239406,0.9777
relu,773955,59,0.015756297098303552,0.99804,0.07334694630156319,0.9774
relu,773955,60,0.015364581530742712,0.99784,0.07465856352336782,0.9785
relu,773955,61,0.014969227042159763,0.99814,0.07391780511788792,0.978
relu,773955,62,0.01455587823953073,0.99822,0.07303035538363983,0.9774
relu,773955,63,0.014019234454527626,0.99838,0.0741859069714905,0.9782
relu,773955,64,0.013699640482286682,0.9985,0.07451533217434295,0.9777
relu,773955,65,0.013256058052819453,0.99866,0.07558849830315077,0.9775
relu,773955,66,0.01300884312278012,0.99876,0.07496006224664811,0.9777
relu,773955,67,0.012582521878557655,0.99872,0.07406402805387066,0.9783
relu,773955,68,0.012245964012434002,0.9987,0.07407110900984265,0.9779
relu,773955,69,0.01194426842451971,0.99894,0.07466736226013125,0.977
relu,773955,70,0.01162905694844192,0.99898,0.07416990090510378,0.9777
relu,773955,71,0.011343138006450693,0.99892,0.074858652619209,0.9774
relu,773955,72,0.010990244204726145,0.99898,0.07452653869372583,0.9786
relu,773955,73,0.010679078496737977,0.99918,0.07466071414090865,0.9778
relu,773955,74,0.01037249679504924,0.99912,0.07458397292311424,0.9779
relu,773955,75,0.010173750904046179,0.9991,0.07504657325825391,0.9772
relu,773955,76,0.009925157976369323,0.99926,0.07355158137935253,0.9786
relu,773955,77,0.009715852694611844,0.99924,0.07578555398090399,0.9781
relu,773955,78,0.00941612745820677,0.99932,0.07533562811810765,0.9775
relu,773955,79,0.009215065961822526,0.9994,0.07543514445690128,0.9784
relu,773955,80,0.009028094522677929,0.99932,0.07426904102298583,0.9789
relu,773955,81,0.008787906336656695,0.99948,0.0752201299225333,0.9782
relu,773955,82,0.008687126455456447,0.99946,0.07443158718055462,0.9781
relu,773955,83,0.008420066033837588,0.99954,0.07518499526222663,0.9782
relu,773955,84,0.008218895003512595,0.99956,0.0762907358644587,0.978
relu,773955,85,0.008020216579353161,0.99954,0.075181840703729,0.978
relu,773955,86,0.007822465355743989,0.99954,0.07583664763647668,0.9781
relu,773955,87,0.007666442327584274,0.99956,0.07666514625886095,0.9785
relu,773955,88,0.007467624344389886,0.99954,0.07594435003920254,0.978
relu,773955,89,0.00732015346374658,0.99968,0.07643642604279716,0.9781
relu,773955,90,0.007145864783838395,0.99968,0.07643279565969598,0.9781
relu,773955,91,0.007025908973797467,0.99964,0.07704826519112776,0.9782
relu,773955,92,0.006852150231283955,0.99968,0.07621998308628997,0.9779
relu,773955,93,0.006731357889250198,0.99968,0.07695630862469094,0.9775
relu,773955,94,0.006602243471364182,0.9997,0.07662557646424686,0.9778
relu,773955,95,0.0064418534729252155,0.9997,0.0764702208212877,0.9783
relu,773955,96,0.0063153820291510145,0.99976,0.07677795583653607,0.9781
relu,773955,97,0.006156409225998724,0.99978,0.0770676879332655,0.9775
relu,773955,98,0.006043251457002794,0.9998,0.0775784516497583,0.9783
relu,773955,99,0.0059357109063450705,0.99984,0.07726876066364392,0.9779
relu,773955,100,0.005817619477154203,0.99982,0.07739398352710858,0.9776
tanh,654571,1,0.808174097354861,0.79586,0.3768838860338929,0.8935
tanh,654571,2,0.3354704362700338,0.9052,0.30733612281777817,0.9105
tanh,654571,3,0.28875598160805493,0.91724,0.27631597666270113,0.9202
tanh,654571,4,0.25914745076945706,0.92568,0.2503963373795352,0.9269
tanh,654571,5,0.2340826303522067,0.93268,0.22590925477741367,0.9351
tanh,654571,6,0.21221000928676056,0.93998,0.2048587211593247,0.9408
tanh,654571,7,0.19377306286753376,0.9451,0.19311998207518466,0.9444
tanh,654571,8,0.1782326813109651,0.94974,0.18160347380370903,0.9467
tanh,654571,9,0.16512428357787462,0.9534,0.16829330573641085,0.9509
tanh,654571,10,0.15367414595594525,0.9563,0.15703690886481617,0.9544
tanh,654571,11,0.14341809006855,0.96002,0.1516420809618306,0.9562
tanh,654571,12,0.13454794565036485,0.9622,0.1429882832843032,0.9604
tanh,654571,13,0.12672303446984762,0.96398,0.13648492434273596,0.9615
tanh,654571,14,0.1197494506241611,0.96652,0.13318822835974903,0.9619
tanh,654571,15,0.11332345505400696,0.96836,0.12579138940542406,0.9647
tanh,654571,16,0.10768771960941853,0.96994,0.1253834503282954,0.964
tanh,654571,17,0.1023209094784162,0.97186,0.11884214255448555,0.9655
tanh,654571,18,0.0973187755982468,0.97346,0.11457221073877037,0.9666
tanh,654571,19,0.09275920726423224,0.97458,0.11143455945799749,0.9679
tanh,654571,20,0.08870316831983971,0.97572,0.10752248555820898,0.9684
tanh,654571,21,0.08471156536127092,0.97676,0.10603679387794128,0.9683
tanh,654571,22,0.08111111695952189,0.97772,0.10488057098323779,0.9689
tanh,654571,23,0.07772211337397894,0.97916,0.1017089702417221,0.9699
tanh,654571,24,0.07442174217990834,0.98026,0.0992983955453639,0.9702
tanh,654571,25,0.07149135272693255,0.98092,0.09775676829399334,0.9714
tanh,654571,26,0.06862016490410565,0.98176,0.09558637110136026,0.9711
tanh,654571,27,0.0659793422485261,0.98234,0.09323375337956688,0.9725
tanh,654571,28,0.06336450417786432,0.98314,0.0937556220942609,0.971
tanh,654571,29,0.061052341665020896,0.98402,0.09175142626427374,0.9724
tanh,654571,30,0.058694189979032224,0.98478,0.08924978203776389,0.9729
tanh,654571,31,0.056564475432278966,0.98552,0.08864257359541325,0.9731
tanh,654571,32,0.054427374456152575,0.98592,0.0876646459421977,0.9725
tanh,654571,33,0.05252787426608202,0.98666,0.08541560494341886,0.974
tanh,654571,34,0.050544598304909594,0.98736,0.08530047708938229,0.9736
tanh,654571,35,0.049057231521108316,0.98784,0.08389920818322712,0.9742
tanh,654571,36,0.04716977171196321,0.9882,0.0846613211654567,0.9743
tanh,654571,37,0.04560161529985004,0.98918,0.08304741956525535,0.9745
tanh,654571,38,0.04404249372291253,0.98988,0.08238751245163964,0.9751
tanh,654571,39,0.042603942552408,0.99028,0.0806428820507078,0.975
tanh,654571,40,0.04120631190134814,0.99046,0.08065465293895467,0.9758
tanh,654571,41,0.039937762427146015,0.99098,0.07914992739566576,0.9753
tanh,654571,42,0.038598197881587026,0.99136,0.07915691904022613,0.975
tanh,654571,43,0.03733985200124934,0.99162,0.07964950015354945,0.9756
tanh,654571,44,0.0361600488292042,0.9919,0.07987219217244576,0.9757
tanh,654571,45,0.034971067445673236,0.99232,0.07772389521473298,0.9757
tanh,654571,46,0.033781519206730976,0.99276,0.07785055399497376,0.9766
tanh,654571,47,0.032841226910234556,0.99332,0.07706408857522061,0.9765
tanh,654571,48,0.03194162656289025,0.99326,0.07611065542573568,0.9767
tanh,654571,49,0.030909328480305573,0.99392,0.07748821085289097,0.9752
tanh,654571,50,0.030003344969686204,0.99408,0.0762783127075812,0.9762
tanh,654571,51,0.029156547811614045,0.9943,0.0752035932033373,0.977
tanh,654571,52,0.028219586278209485,0.9947,0.0756935580587543,0.9769
tanh,654571,53,0.027435901362245982,0.9947,0.07488816345377401,0.9771
tanh,654571,54,0.026615060235678802,0.99526,0.07403488488028923,0.9773
tanh,654571,55,0.02589517072935574,0.99526,0.07381053245113205,0.9771
tanh,654571,56,0.025031112847841087,0.9955,0.07444473813887066,0.9772
tanh,654571,57,0.024444805586039897,0.996,0.07450808746549727,0.9767
tanh,654571,58,0.02369623261398496,0.9959,0.0740513918344939,0.977
tanh,654571,59,0.023082797594326018,0.99608,0.07333547280784351,0.9774
tanh,654571,60,0.022395457425012914,0.99648,0.07378886015684455,0.9764
tanh,654571,61,0.02179656974672279,0.99664,0.07368058030779444,0.977
tanh,654571,62,0.02122409284165506,0.99678,0.07393043530199443,0.9775
tanh,654571,63,0.020697838179816498,0.99674,0.0729863259456017,0.9778
tanh,654571,64,0.020050354240216443,0.99712,0.07291366663879259,0.9777
tanh,654571,65,0.019577800670288054,0.99716,0.07292591712399236,0.9774
tanh,654571,66,0.019012741060678462,0.9975,0.07294894269112585,0.9772
tanh,654571,67,0.018558667114683822,0.99756,0.07259329895686029,0.9778
tanh,654571,68,0.01806818352068686,0.99758,0.0729137459927477,0.977
tanh,654571,69,0.017676807754230604,0.99782,0.07281485003384291,0.9779
tanh,654571,70,0.017205434191349917,0.99792,0.072225220357976,0.9779
tanh,654571,71,0.016780377162340814,0.99806,0.07252469014782532,0.9777
tanh,654571,72,0.016422590088106735,0.99806,0.0724033035791185,0.9779
tanh,654571,73,0.015937386754332,0.99828,0.07159557625692231,0.9783
tanh,654571,74,0.015558031850413824,0.99848,0.0716450733810484,0.9781
tanh,654571,75,0.01523113127293159,0.99838,0.07171804835063322,0.9779
tanh,654571,76,0.014823329703039144,0.99838,0.07286381861942302,0.9775
tanh,654571,77,0.014431645378732314,0.9986,0.07183929590254799,0.9781
tanh,654571,78,0.014148734810705553,0.99852,0.07159125062268111,0.9782
tanh,654571,79,0.013761185689402619,0.99874,0.07208345120268639,0.978
tanh,654571,80,0.013537959549315534,0.99876,0.07149548503617609,0.9779
tanh,654571,81,0.013217033056944638,0.99876,0.07156083094055496,0.9781
tanh,654571,82,0.012915059034121257,0.99884,0.07181070895304921,0.9781
tanh,654571,83,0.012615342821514693,0.99896,0.07225026998058931,0.9779
tanh,654571,84,0.012374116567328125,0.9989,0.07183283537123435,0.9779
tanh,654571,85,0.012081705577264444,0.99908,0.07162716701600047,0.9779
tanh,654571,86,0.011820889630663951,0.99906,0.07160301946862707,0.9781
tanh,654571,87,0.011548572507835609,0.99908,0.0720248444661498,0.9777
tanh,654571,88,0.011345148950373782,0.99908,0.0713019916625344,0.9779
tanh,654571,89,0.011076799333162501,0.99914,0.07188964680099959,0.9776
tanh,654571,90,0.010887957551578129,0.9992,0.0711815905075233,0.9775
tanh,654571,91,0.010624756095114424,0.9993,0.07141999382095726,0.978
tanh,654571,92,0.010444810987675803,0.99934,0.07186261400969875,0.9773
tanh,654571,93,0.010181733302331087,0.99944,0.07097066106833265,0.9783
tanh,654571,94,0.010030511588342414,0.99936,0.07156557360469754,0.9781
tanh,654571,95,0.009786230187781426,0.9994,0.07240848815042257,0.9782
tanh,654571,96,0.009616195983238976,0.99936,0.0715066149545226,0.9783
tanh,654571,97,0.0094118876653558,0.99952,0.07145075722394786,0.978
tanh,654571,98,0.009285905699032928,0.99952,0.07139083037211319,0.9783
tanh,654571,99,0.009099627102660744,0.99948,0.0718103335972427,0.9781
tanh,654571,100,0.008923578148404315,0.99946,0.07154808100475325,0.9777
tanh,89250,1,0.8035421978857338,0.80438,0.3724126539068425,0.894
tanh,89250,2,0.33614743850818396,0.90486,0.30141081411254533,0.913
tanh,89250,3,0.28837247149263695,0.91778,0.2688168317752024,0.922
tanh,89250,4,0.25871428273218755,0.92666,0.24748172246864752,0.9263
tanh,89250,5,0.23327399182137826,0.93362,0.22499917970258912,0.935
tanh,89250,6,0.2113322401426514,0.94056,0.2064389483990583,0.9405
tanh,89250,7,0.19276474274935576,0.9462,0.189195537712299,0.9449
tanh,89250,8,0.1767301311405548,0.95054,0.17751542495123185,0.948
tanh,89250,9,0.16239882976300288,0.95434,0.1667590697162071,0.9516
tanh,89250,10,0.15098448492015382,0.95758,0.15646112352943564,0.9546
tanh,89250,11,0.1404246279975112,0.96084,0.14745311729046112,0.957
tanh,89250,12,0.13121980940461123,0.9636,0.14103298983722098,0.96
tanh,89250,13,0.12338160869726171,0.96562,0.13495365154987843,0.9601
tanh,89250,14,0.11604982599421329,0.96766,0.12734969725535486,0.9637
tanh,89250,15,0.10960698066908463,0.97028,0.12448414241480728,0.9629
tanh,89250,16,0.10378473378482957,0.97158,0.12050644115647931,0.9645
tanh,89250,17,0.09826458335700841,0.97348,0.11533503237686754,0.9664
tanh,89250,18,0.09358359107867807,0.97466,0.11137814009892466,0.9666
tanh,89250,19,0.08889555114506759,0.97578,0.10817648486309875,0.9678
tanh,89250,20,0.08506127144859496,0.97676,0.10558350247859113,0.968
tanh,89250,21,0.08117753472945406,0.9782,0.10510390888118482,0.9682
tanh,89250,22,0.07755700440474814,0.9791,0.10047212426609117,0.97
tanh,89250,23,0.07412187527409161,0.98006,0.09841081917169237,0.9709
tanh,89250,24,0.0709868689150297,0.98106,0.09726823911242244,0.9706
tanh,89250,25,0.06820414902727405,0.98188,0.09543507492116382,0.9705
tanh,89250,26,0.06542381758739577,0.98254,0.09437898653936876,0.972
tanh,89250,27,0.06275224071195479,0.98362,0.09213885988797833,0.9721
tanh,89250,28,0.06025145462191399,0.98434,0.09099765217434751,0.9722
tanh,89250,29,0.05811797758277139,0.98494,0.089494690688465,0.9725
tanh,89250,30,0.056102710258117076,0.98586,0.08815848605979418,0.9722
tanh,89250,31,0.05394389785567375,0.98674,0.08765403931692166,0.9731
tanh,89250,32,0.052058928654704906,0.9869,0.0856411007023122,0.9727
tanh,89250,33,0.05026482765918128,0.98754,0.08584469076245935,0.973
tanh,89250,34,0.04834921492036315,0.98812,0.08387176751735252,0.9746
tanh,89250,35,0.04691555360368624,0.98846,0.08281820998264648,0.9746
tanh,89250,36,0.04531857392250018,0.98914,0.08244771462155723,0.9744
tanh,89250,37,0.0436934372830522,0.98966,0.08178173613129158,0.9738
tanh,89250,38,0.04232737099198411,0.9899,0.08060526040311013,0.9764
tanh,89250,39,0.04098161776384067,0.99026,0.0800423207958246,0.9757
tanh,89250,40,0.03959654162593925,0.9913,0.08096841072862458,0.9752
tanh,89250,41,0.03835994492785176,0.9913,0.07862578030532602,0.976
tanh,89250,42,0.03711794999070515,0.99172,0.07906429522560966,0.9759
tanh,89250,43,0.036100930166429325,0.99212,0.07766755988706348,0.976
tanh,89250,44,0.03487786160559415,0.99246,0.07777491711266686,0.9751
tanh,89250,45,0.03375779405797227,0.99302,0.07802601226805499,0.9758
tanh,89250,46,0.03281496883436372,0.99328,0.0774626713069659,0.9766
tanh,89250,47,0.031761071353122304,0.99352,0.07816098697560593,0.9751
tanh,89250,48,0.030908251044677086,0.99384,0.07549162452244594,0.9759
tanh,89250,49,0.030014632485225966,0.99424,0.07454542308297119,0.9768
tanh,89250,50,0.0291468652487878,0.99422,0.07458405745794593,0.977
tanh,89250,51,0.02831883767869084,0.9946,0.07474910467052961,0.9767
tanh,89250,52,0.02755281498091901,0.99498,0.07462268967604074,0.9767
tanh,89250,53,0.026624986280155753,0.99498,0.07445600950236449,0.9775
tanh,89250,54,0.02590214483753014,0.99532,0.0743682233596724,0.9767
tanh,89250,55,0.025263167569868343,0.9955,0.07440765370590927,0.9766
tanh,89250,56,0.024464773719322944,0.99578,0.07446004970149254,0.9775
tanh,89250,57,0.023888582725426946,0.9957,0.07242598657121713,0.9768
tanh,89250,58,0.023251175541512067,0.9961,0.07325565475899865,0.9775
tanh,89250,59,0.02252892544003946,0.99642,0.07218700403355949,0.9773
tanh,89250,60,0.02196478284241012,0.99664,0.07169516058250673,0.9777
tanh,89250,61,0.021414477967389458,0.99662,0.07144020619653538,0.9775
tanh,89250,62,0.020868557999263876,0.99706,0.07139634085960765,0.9775
tanh,89250,63,0.02026449155238643,0.99704,0.07169726278534112,0.978
tanh,89250,64,0.019782320046974926,0.99724,0.07169944883159668,0.9784
tanh,89250,65,0.019294165777670503,0.99742,0.07151829783851915,0.9778
tanh,89250,66,0.018794473693110172,0.99758,0.07195669373756257,0.977
tanh,89250,67,0.01828642726510151,0.99764,0.07158866941143203,0.9784
tanh,89250,68,0.017846837425424956,0.9977,0.0707206180979944,0.9781
tanh,89250,69,0.017413072108339214,0.99776,0.07139458174377002,0.9783
tanh,89250,70,0.016997128160123828,0.99782,0.07171687462825638,0.9778
tanh,89250,71,0.016595713956794773,0.99788,0.07062437355899921,0.9782
tanh,89250,72,0.016176331745588354,0.99804,0.0713615714066294,0.978
tanh,89250,73,0.015686916580075316,0.99836,0.07103263554424334,0.9782
tanh,89250,74,0.015469239288188812,0.99816,0.0709511541756799,0.9776
tanh,89250,75,0.01503361179044651,0.99858,0.07118797996955843,0.9779
tanh,89250,76,0.014668899555522303,0.99852,0.07045989835402412,0.9786
tanh,89250,77,0.014402039388675089,0.99868,0.07020962326980741,0.9786
tanh,89250,78,0.014031389524238104,0.99876,0.07041349280520912,0.9785
tanh,89250,79,0.01376333682942997,0.9986,0.07049668134575501,0.9776
tanh,89250,80,0.013407707066113458,0.99884,0.07084470457104451,0.9782
tanh,89250,81,0.013123392011792807,0.99888,0.07034017134151634,0.9782
tanh,89250,82,0.012827903125073817,0.99892,0.07085995566850417,0.9782
tanh,89250,83,0.012541108080418988,0.99898,0.07138724649816683,0.9781
tanh,89250,84,0.012316251825035186,0.99898,0.07079082546489125,0.9785
tanh,89250,85,0.012048798088008732,0.99916,0.07060698853561884,0.9784
tanh,89250,86,0.011778371830242322,0.99902,0.07041406356948875,0.9792
tanh,89250,87,0.011517831580404493,0.99924,0.07085196905710238,0.9786
tanh,89250,88,0.011249384684622506,0.99918,0.07097163816526222,0.9787
tanh,89250,89,0.01106986079538997,0.99916,0.06980213052331818,0.9794
tanh,89250,90,0.010831202417787572,0.99928,0.070650801521971,0.9786
tanh,89250,91,0.010609721106729478,0.99924,0.06991996835358438,0.9795
tanh,89250,92,0.01039650216782822,0.9993,0.06994726956219208,0.9787
tanh,89250,93,0.010192299996068426,0.99936,0.06996618732935853,0.9794
tanh,89250,94,0.00998677920071853,0.9994,0.07012256473093031,0.9794
tanh,89250,95,0.00978293549045206,0.99934,0.07010487223334662,0.9794
tanh,89250,96,0.009613214888322697,0.99938,0.07044157031791845,0.9794
tanh,89250,97,0.009418942787467566,0.99946,0.07059376159410137,0.9795
tanh,89250,98,0.009201559933876904,0.99946,0.07039155048440077,0.9792
tanh,89250,99,0.009072555057757599,0.99946,0.07036066744418752,0.9798
tanh,89250,100,0.00887759064906268,0.99952,0.07072695713076478,0.9788
tanh,773955,1,0.8024521334357699,0.809,0.374177324850799,0.8969
tanh,773955,2,0.33508147762326057,0.90442,0.30360155567962105,0.9118
tanh,773955,3,0.2886877271787157,0.91722,0.2749851586723654,0.917
tanh,773955,4,0.2580833536680169,0.92606,0.25049970264504967,0.9263
tanh,773955,5,0.23264441301948977,0.93398,0.2221210106831972,0.9366
tanh,773955,6,0.2109913280432378,0.94102,0.20447417667789494,0.9397
tanh,773955,7,0.19209108688547097,0.94608,0.19228293833333063,0.9441
tanh,773955,8,0.17658433049516262,0.95048,0.17721941051381165,0.948
tanh,773955,9,0.1630611173884434,0.9544,0.1677504412605346,0.9511
tanh,773955,10,0.15150827033221623,0.9572,0.16041200705625203,0.9525
tanh,773955,11,0.1413715032041142,0.9604,0.14915838037465,0.9559
tanh,773955,12,0.13212805137062852,0.96312,0.14222605293187462,0.9582
tanh,773955,13,0.1240773748728951,0.96538,0.13585303477491945,0.9593
tanh,773955,14,0.11698739431320952,0.96762,0.12840945717672045,0.9626
tanh,773955,15,0.11056335914349107,0.96906,0.12387124169694776,0.9637
tanh,773955,16,0.10477731247123796,0.97102,0.12013891584459854,0.9665
tanh,773955,17,0.09929681185292472,0.97252,0.11563719473120919,0.9663
tanh,773955,18,0.09449012985416555,0.97344,0.11393230895651728,0.9675
tanh,773955,19,0.09022827410546388,0.97534,0.10956830952821366,0.9676
tanh,773955,20,0.08583306313692281,0.97644,0.10516112886236756,0.9698
tanh,773955,21,0.08189209253989119,0.9778,0.10507200471427496,0.9706
tanh,773955,22,0.07843965667879274,0.97848,0.10069710840127608,0.9709
tanh,773955,23,0.07487113583167496,0.97964,0.09939075290119516,0.9722
tanh,773955,24,0.07207661253255135,0.9802,0.09859710390010093,0.9715
tanh,773955,25,0.06915006282555376,0.98142,0.09557434213787708,0.9731
tanh,773955,26,0.06635065979270298,0.98222,0.09393984786476911,0.9722
tanh,773955,27,0.06380422808496279,0.98328,0.0916312228498328,0.9736
tanh,773955,28,0.06131166469475554,0.98392,0.08931064087196595,0.9748
tanh,773955,29,0.058828280540914595,0.98448,0.09004775845008217,0.9741
tanh,773955,30,0.05668038708601064,0.98524,0.08905852697396534,0.974
tanh,773955,31,0.054705392027178924,0.98588,0.08673421972683354,0.9747
tanh,773955,32,0.05272685043864874,0.98656,0.08497602791756097,0.9757
tanh,773955,33,0.050911098909091845,0.98708,0.08287107030850685,0.9767
tanh,773955,34,0.04899630360481265,0.98762,0.08542819674876566,0.9738
tanh,773955,35,0.04751165405096905,0.988,0.08144697489116787,0.9759
tanh,773955,36,0.04590797785710019,0.9886,0.08070137532826885,0.9771
tanh,773955,37,0.04430046483327667,0.98916,0.08166690850481093,0.9766
tanh,773955,38,0.04269613444214382,0.98972,0.07973976425933231,0.977
tanh,773955,39,0.0415051043077663,0.99016,0.0785071415315265,0.9768
tanh,773955,40,0.04012611811533307,0.99092,0.07882132653387397,0.9767
tanh,773955,41,0.038720509428650324,0.99118,0.07897707194994359,0.9767
tanh,773955,42,0.0375344648378953,0.9915,0.0780045610036649,0.9766
tanh,773955,43,0.03630694990958825,0.9921,0.07696300288996871,0.9773
tanh,773955,44,0.03516728577321525,0.9925,0.07604384150021369,0.9778
tanh,773955,45,0.0341923075939224,0.99252,0.076810942390694,0.9777
tanh,773955,46,0.03303048156584629,0.99274,0.07648660681065596,0.9776
tanh,773955,47,0.0321257741549377,0.99318,0.07550746579002668,0.9775
tanh,773955,48,0.031083973745829066,0.99356,0.07529395316600873,0.9771
tanh,773955,49,0.030119404229582265,0.9939,0.07524958206869088,0.9776
tanh,773955,50,0.02927156938365602,0.99416,0.07437380870006216,0.9782
tanh,773955,51,0.028407289380961948,0.99452,0.07515966740849327,0.9779
tanh,773955,52,0.0276679969556464,0.9947,0.07443591988775182,0.978
tanh,773955,53,0.026892450971261465,0.99498,0.07415742901930557,0.9781
tanh,773955,54,0.026017249512815446,0.99516,0.07395238987299832,0.9786
tanh,773955,55,0.02535448909033455,0.99514,0.07397701151538934,0.9778
tanh,773955,56,0.024622615199134126,0.99546,0.07283378651960659,0.9784
tanh,773955,57,0.02391308593278272,0.9959,0.07269086286749786,0.9791
tanh,773955,58,0.023264274172693913,0.99588,0.07141809967474655,0.9786
tanh,773955,59,0.022638269332096485,0.99622,0.07216224551061728,0.979
tanh,773955,60,0.021992167753075723,0.99646,0.07206610094842222,0.9782
tanh,773955,61,0.0214365624191516,0.9966,0.07234098946304324,0.9792
tanh,773955,62,0.02087872142706137,0.99684,0.07159015437122851,0.9782
tanh,773955,63,0.020219409027567532,0.99704,0.07254629036674334,0.9783
tanh,773955,64,0.01984236439620175,0.99718,0.07198649274959297,0.9786
tanh,773955,65,0.019273009979816676,0.99744,0.07260320850952949,0.9788
tanh,773955,66,0.018864653037921127,0.99744,0.07209987403510529,0.9784
tanh,773955,67,0.018371890734481873,0.9975,0.07189376186505163,0.9789
tanh,773955,68,0.017861354981507427,0.99762,0.07142986996377058,0.9786
tanh,773955,69,0.0174944415085949,0.998,0.07179049936172407,0.9791
tanh,773955,70,0.016980252340928967,0.99798,0.0714985790681021,0.9792
tanh,773955,71,0.016588182788332517,0.9981,0.0714633769056974,0.9789
tanh,773955,72,0.01619821986712383,0.99832,0.07105830351085514,0.9793
tanh,773955,73,0.01578870549601627,0.99828,0.07088339601517717,0.9791
tanh,773955,74,0.015414212533905746,0.99828,0.07055857955907963,0.9793
tanh,773955,75,0.01504955148536248,0.99846,0.07100962908238279,0.9791
tanh,773955,76,0.014751097476512062,0.9986,0.07004832327468394,0.9794
tanh,773955,77,0.014427326978263837,0.99862,0.07162985909755953,0.979
tanh,773955,78,0.014070782525388511,0.99866,0.07090127800048596,0.9794
tanh,773955,79,0.013772289778897894,0.9987,0.07134590685203161,0.9796
tanh,773955,80,0.01349728210563187,0.99882,0.07032358530125969,0.979
tanh,773955,81,0.013157005307273003,0.9988,0.07016523872783707,0.979
tanh,773955,82,0.012929192040303891,0.99884,0.07016375326844237,0.9794
tanh,773955,83,0.012629733691140944,0.99886,0.0701453571632523,0.9785
tanh,773955,84,0.012368795548504842,0.99898,0.07091301455889913,0.9789
tanh,773955,85,0.012079714048278829,0.99908,0.07015836157716956,0.9795
tanh,773955,86,0.01187321609990644,0.99912,0.07095876893147864,0.9787
tanh,773955,87,0.011617349957820104,0.9991,0.0709865410139129,0.979
tanh,773955,88,0.011350227502784136,0.99908,0.07103594980429506,0.9789
tanh,773955,89,0.011149996489246562,0.99922,0.07066265099300265,0.9793
tanh,773955,90,0.01090332210873112,0.9993,0.07050993970426883,0.9791
tanh,773955,91,0.010701595555280042,0.99926,0.0712354913526378,0.9787
tanh,773955,92,0.010471445315958994,0.99936,0.07050311284978593,0.979
tanh,773955,93,0.010290583228422604,0.99936,0.07100580832795253,0.9798
tanh,773955,94,0.010105014499385967,0.9993,0.07094823810281557,0.9797
tanh,773955,95,0.009914435588439864,0.99946,0.0701437380888998,0.9791
tanh,773955,96,0.009717637585213953,0.9994,0.0707961068472607,0.9792
tanh,773955,97,0.009540562867088074,0.99952,0.07064589659012875,0.979
tanh,773955,98,0.009338623128953472,0.99946,0.07057912746310903,0.9788
tanh,773955,99,0.009199861274843563,0.99948,0.07070887722398753,0.9789
tanh,773955,100,0.009046441861118346,0.99952,0.07083015893532146,0.9791
sigmoid,654571,1,1.8905736809974891,0.39956,1.102396958823922,0.7087
sigmoid,654571,2,0.755890607052821,0.81214,0.5710078234011834,0.8467
sigmoid,654571,3,0.4907645897495287,0.87102,0.4347367772689987,0.8827
sigmoid,654571,4,0.4055775496236208,0.88996,0.37641425132255796,0.8955
sigmoid,654571,5,0.36384204673101167,0.89942,0.344552369910631,0.9025
sigmoid,654571,6,0.3385004529342375,0.9044,0.32254784978083634,0.9073
sigmoid,654571,7,0.3207040326375144,0.9089,0.3109748531616071,0.9115
sigmoid,654571,8,0.3069456238833688,0.91218,0.2967630319622367,0.9134
sigmoid,654571,9,0.29540840171642135,0.9155,0.28658442790945554,0.9168
sigmoid,654571,10,0.2856581159621275,0.9181,0.27714636461658365,0.9195
sigmoid,654571,11,0.2768549148913724,0.92118,0.2712498634984037,0.9211
sigmoid,654571,12,0.2685108050747178,0.9232,0.2632683223856319,0.924
sigmoid,654571,13,0.260835093097065,0.92542,0.25629050742434784,0.9246
sigmoid,654571,14,0.2537208252419762,0.92716,0.2506026177092642,0.9269
sigmoid,654571,15,0.24677411300012345,0.92936,0.24350768977216772,0.9305
sigmoid,654571,16,0.24001898644584552,0.93096,0.24033968693022156,0.9296
sigmoid,654571,17,0.23380108704309951,0.93334,0.2325851564787955,0.933
sigmoid,654571,18,0.2274192426069043,0.93484,0.22772872454648888,0.9327
sigmoid,654571,19,0.22158968964546566,0.93678,0.22109135021346218,0.9363
sigmoid,654571,20,0.21597163919091333,0.93838,0.2162092081894823,0.9378
sigmoid,654571,21,0.21068997109582438,0.93998,0.21188696677816146,0.9394
sigmoid,654571,22,0.20551833126502567,0.9415,0.20869788618939475,0.9388
sigmoid,654571,23,0.20060528704015404,0.94346,0.20391803702959121,0.9411
sigmoid,654571,24,0.1959007512737245,0.94458,0.19881954876189037,0.9433
sigmoid,654571,25,0.19150408735968072,0.94558,0.19665143501481458,0.9437
sigmoid,654571,26,0.187396638109733,0.9471,0.19179235753435628,0.9457
sigmoid,654571,27,0.18330912587374085,0.94824,0.18749954497270965,0.9466
sigmoid,654571,28,0.1792308545218473,0.9491,0.18675026173111647,0.9463
sigmoid,654571,29,0.17567070620245323,0.94996,0.18212521879392018,0.9482
sigmoid,654571,30,0.17205047383990302,0.95154,0.17816014927451987,0.9485
sigmoid,654571,31,0.16855652755940206,0.95246,0.1758988182103053,0.9497
sigmoid,654571,32,0.1652009243586103,0.95304,0.17254936062924156,0.9503
sigmoid,654571,33,0.16206626544287087,0.95364,0.1698993351812586,0.9508
sigmoid,654571,34,0.15892010876277388,0.95506,0.16735773292027536,0.9516
sigmoid,654571,35,0.1560882359131633,0.9559,0.1652575319989125,0.9515
sigmoid,654571,36,0.15308651649726396,0.95672,0.16236821305514146,0.9526
sigmoid,654571,37,0.15037729594245594,0.95788,0.1594718466996114,0.9533
sigmoid,654571,38,0.14753779723923124,0.9585,0.15909108500936064,0.9541
sigmoid,654571,39,0.14516072146098918,0.95898,0.15535224956869575,0.9548
sigmoid,654571,40,0.14254808193306692,0.95984,0.1535283335245023,0.9559
sigmoid,654571,41,0.14027530398381782,0.96026,0.15169953894092467,0.956
sigmoid,654571,42,0.13780456403922212,0.96176,0.14948160926938192,0.9568
sigmoid,654571,43,0.13556979451170567,0.96172,0.14797028810487498,0.9573
sigmoid,654571,44,0.13342528301455026,0.96238,0.14586224954708946,0.9579
sigmoid,654571,45,0.13108703833154742,0.96346,0.1441423697311624,0.9578
sigmoid,654571,46,0.12906471596073907,0.96358,0.1423979593765071,0.9581
sigmoid,654571,47,0.12710716781205483,0.96402,0.1417579917336158,0.9588
sigmoid,654571,48,0.12512377150288048,0.96494,0.1389097736486081,0.9586
sigmoid,654571,49,0.12329749608315235,0.96534,0.13872974581050887,0.96
sigmoid,654571,50,0.12138765613674617,0.96624,0.13621876721833423,0.9602
sigmoid,654571,51,0.11963096875489271,0.96678,0.13442439650533952,0.9605
sigmoid,654571,52,0.11778428956929468,0.9676,0.1330838621582132,0.9608
sigmoid,654571,53,0.11615198242603697,0.9676,0.13145432675029703,0.9614
sigmoid,654571,54,0.11449692174277548,0.96818,0.12993072300356903,0.9619
sigmoid,654571,55,0.11285695275456503,0.96858,0.12903270284259474,0.9622
sigmoid,654571,56,0.11122919866449081,0.9693,0.1280513732657551,0.9622
sigmoid,654571,57,0.10972165324265166,0.96954,0.12679970112346417,0.9622
sigmoid,654571,58,0.10820107271189056,0.97044,0.1256422376517401,0.9629
sigmoid,654571,59,0.10678307935867051,0.97062,0.12430714053204127,0.9638
sigmoid,654571,60,0.10531989396497213,0.9714,0.12348362199309576,0.9642
sigmoid,654571,61,0.1039196226982445,0.9714,0.12252931090864319,0.9644
sigmoid,654571,62,0.10264540039333518,0.97184,0.12136151863602646,0.9645
sigmoid,654571,63,0.10122037700322359,0.97224,0.12059547592466584,0.9644
sigmoid,654571,64,0.09980241875962716,0.9726,0.11909626849317952,0.9645
sigmoid,654571,65,0.09864009257351537,0.97318,0.11843434918261261,0.9657
sigmoid,654571,66,0.09743256336962919,0.97366,0.1168609770809079,0.966
sigmoid,654571,67,0.0962403957954596,0.97378,0.11651105592391095,0.9655
sigmoid,654571,68,0.09489667205826184,0.97416,0.11580100147163057,0.966
sigmoid,654571,69,0.09384690040459194,0.97442,0.11461528688538865,0.9666
sigmoid,654571,70,0.09269614707521963,0.9749,0.11391459248605963,0.9668
sigmoid,654571,71,0.09160088517289494,0.97538,0.11367615703862957,0.9666
sigmoid,654571,72,0.09053535419456148,0.97548,0.11264902222433838,0.9676
sigmoid,654571,73,0.08940148660977473,0.97572,0.11133560494754947,0.9678
sigmoid,654571,74,0.08831228220012519,0.97618,0.10988757505303827,0.968
sigmoid,654571,75,0.08726988431026655,0.97618,0.10969652407279386,0.9679
sigmoid,654571,76,0.08624492437788268,0.97634,0.10943996373610915,0.9678
sigmoid,654571,77,0.08517783360241421,0.97706,0.10805110292086388,0.9683
sigmoid,654571,78,0.08419096449115936,0.97728,0.10790671422387337,0.9682
sigmoid,654571,79,0.08322689140970693,0.9775,0.10653043390536118,0.9685
sigmoid,654571,80,0.08241691422943719,0.97764,0.10632231975719175,0.9683
sigmoid,654571,81,0.08143919186259894,0.9778,0.10490896751930641,0.9691
sigmoid,654571,82,0.08054609441455264,0.978,0.10473005061500605,0.9693
sigmoid,654571,83,0.07969270467883598,0.97852,0.10457676587322869,0.9689
sigmoid,654571,84,0.07874581378112099,0.97886,0.10397067387544634,0.9693
sigmoid,654571,85,0.07796693286472797,0.97898,0.10266774872933632,0.9698
sigmoid,654571,86,0.07715239993612164,0.9791,0.10195810428614377,0.9704
sigmoid,654571,87,0.07621028410388098,0.9796,0.1018172373180561,0.9702
sigmoid,654571,88,0.0754438829441698,0.97964,0.1005353995483479,0.9703
sigmoid,654571,89,0.07463953153004901,0.98008,0.10035064048582795,0.9701
sigmoid,654571,90,0.07388846878630786,0.97994,0.09970939255202313,0.9709
sigmoid,654571,91,0.07308190106597467,0.9803,0.09845565288859084,0.971
sigmoid,654571,92,0.07223313890088343,0.98054,0.09894438320474767,0.9703
sigmoid,654571,93,0.07150156795106405,0.98084,0.09805945371437688,0.9702
sigmoid,654571,94,0.07076100692604552,0.98068,0.09767817107066391,0.9709
sigmoid,654571,95,0.07000498593162262,0.98126,0.0974903930395993,0.9711
sigmoid,654571,96,0.069239957018504,0.98134,0.0963895246758413,0.9719
sigmoid,654571,97,0.06852109590568978,0.98178,0.0965446883202882,0.9713
sigmoid,654571,98,0.06790676505615623,0.98208,0.09538630192156668,0.9719
sigmoid,654571,99,0.06718334785886644,0.98184,0.09575506011013372,0.9714
sigmoid,654571,100,0.06649628197671266,0.9825,0.09462984686485898,0.9721
sigmoid,89250,1,1.8797408224808367,0.40366,1.0946635844058095,0.7205
sigmoid,89250,2,0.7497650833351341,0.81144,0.5638009173545675,0.8471
sigmoid,89250,3,0.4876278077569375,0.87138,0.430496030672712,0.884
sigmoid,89250,4,0.4045087606739292,0.8902,0.37640303338025566,0.8949
sigmoid,89250,5,0.36348341761387715,0.89832,0.34413426960165133,0.9018
sigmoid,89250,6,0.33843474291164866,0.90418,0.3238688200057296,0.9068
sigmoid,89250,7,0.32070871490664177,0.90886,0.3087163998787386,0.9128
sigmoid,89250,8,0.3069025982974867,0.91228,0.2974476130348019,0.9145
sigmoid,89250,9,0.2953030674900083,0.91518,0.2887450611622834,0.9148
sigmoid,89250,10,0.286012464489675,0.91754,0.2780446552750218,0.9191
sigmoid,89250,11,0.27701362663773393,0.91976,0.27005886700076265,0.9206
sigmoid,89250,12,0.26878999785153074,0.92278,0.2642863845359134,0.9219
sigmoid,89250,13,0.261479504830891,0.92476,0.2575151044655409,0.924
sigmoid,89250,14,0.25429974107857917,0.92674,0.2498551624130929,0.926
sigmoid,89250,15,0.2474854405631058,0.92898,0.2449095343314222,0.9278
sigmoid,89250,16,0.2411638615574441,0.93098,0.2393823453740325,0.9298
sigmoid,89250,17,0.2347145674001211,0.93352,0.23520421963808835,0.9309
sigmoid,89250,18,0.2290323367855865,0.93452,0.22715737107637915,0.9335
sigmoid,89250,19,0.22305157159826605,0.93642,0.22235222141737532,0.9353
sigmoid,89250,20,0.21764079708031073,0.93736,0.2183158060731173,0.9359
sigmoid,89250,21,0.2123161378703787,0.9395,0.21356836236294002,0.9376
sigmoid,89250,22,0.20725730012482155,0.94114,0.20829269159483393,0.9403
sigmoid,89250,23,0.20229136724148683,0.94264,0.20526096946556405,0.9403
sigmoid,89250,24,0.19758997568822786,0.94386,0.2010916943185066,0.9409
sigmoid,89250,25,0.19304459077090108,0.9453,0.19653544547831334,0.9432
sigmoid,89250,26,0.1886165298801887,0.9465,0.19300263913049537,0.9441
sigmoid,89250,27,0.18449897829175993,0.9476,0.18923634672558448,0.945
sigmoid,89250,28,0.1803513830339122,0.94904,0.18529260841539724,0.9455
sigmoid,89250,29,0.17675927339158395,0.94986,0.18302610386262078,0.9471
sigmoid,89250,30,0.17306031311282843,0.9513,0.17967829444853062,0.9474
sigmoid,89250,31,0.16946261412306393,0.95196,0.17578907436415758,0.9479
sigmoid,89250,32,0.1660597741590158,0.95266,0.1729560444884036,0.9493
sigmoid,89250,33,0.162750916671886,0.954,0.17109366841770082,0.9508
sigmoid,89250,34,0.1594711196233714,0.9547,0.16737616288180096,0.9506
sigmoid,89250,35,0.15644250247705593,0.95578,0.16472245127339982,0.9523
sigmoid,89250,36,0.15340029293324833,0.9562,0.16227875784362328,0.9528
sigmoid,89250,37,0.15056813665095295,0.9574,0.15945838807051022,0.9534
sigmoid,89250,38,0.14760809517764356,0.95846,0.15779251577589115,0.9535
sigmoid,89250,39,0.14509754503677455,0.959,0.15533179267204,0.9545
sigmoid,89250,40,0.1423485571654147,0.96006,0.1541223759388493,0.9544
sigmoid,89250,41,0.1398278415507526,0.96034,0.1505843599691744,0.9553
sigmoid,89250,42,0.13740834506711336,0.96146,0.14973362122084186,0.9561
sigmoid,89250,43,0.13507007939663984,0.96176,0.14648692875659852,0.9567
sigmoid,89250,44,0.13260647914784812,0.96238,0.14584959605902786,0.9561
sigmoid,89250,45,0.13053126498064055,0.96314,0.14340833305412784,0.9575
sigmoid,89250,46,0.12836147188070463,0.96362,0.1425086798084249,0.9592
sigmoid,89250,47,0.12621254472912985,0.9643,0.14022176530974204,0.959
sigmoid,89250,48,0.12420748070597012,0.96488,0.13749788077448252,0.9585
sigmoid,89250,49,0.12224532586378922,0.966,0.1356693806734966,0.9592
sigmoid,89250,50,0.12031741192474057,0.96662,0.1348226326911768,0.9597
sigmoid,89250,51,0.11851031881475535,0.96706,0.13374158738623435,0.9597
sigmoid,89250,52,0.1166747249602889,0.96752,0.13251498701446504,0.9606
sigmoid,89250,53,0.1149028050179803,0.96814,0.13167651717557297,0.9605
sigmoid,89250,54,0.11321518163094323,0.9686,0.12948897795715808,0.962
sigmoid,89250,55,0.11150082642016318,0.96924,0.1278825156382457,0.9607
sigmoid,89250,56,0.10977759088043494,0.96964,0.1274471263927906,0.9617
sigmoid,89250,57,0.1083293903960745,0.96994,0.12531370017015261,0.9627
sigmoid,89250,58,0.10671101818779236,0.9702,0.12411647349537452,0.9622
sigmoid,89250,59,0.10515253961431896,0.9713,0.12280667056412112,0.9627
sigmoid,89250,60,0.10374538057322705,0.97114,0.12158442353459074,0.9635
sigmoid,89250,61,0.1023711992003199,0.9718,0.12044705017533094,0.964
sigmoid,89250,62,0.10092367327877665,0.97246,0.11981367002258902,0.9647
sigmoid,89250,63,0.09950963405811018,0.9729,0.11794021031122937,0.9647
sigmoid,89250,64,0.09830496671537016,0.97306,0.1170132293062292,0.9648
sigmoid,89250,65,0.0969559827176044,0.97366,0.11658079409771778,0.9651
sigmoid,89250,66,0.09562919149765034,0.97408,0.11571660025497586,0.9638
sigmoid,89250,67,0.094501874820073,0.9744,0.11451915087320672,0.9645
sigmoid,89250,68,0.09317500130130986,0.97458,0.11335786078978934,0.9656
sigmoid,89250,69,0.09198437369132853,0.97498,0.11266100499768243,0.966
sigmoid,89250,70,0.09074401835350382,0.97578,0.1119520709212369,0.9658
sigmoid,89250,71,0.08975391768414649,0.976,0.11077075876476908,0.9658
sigmoid,89250,72,0.0885996784075279,0.97614,0.10988324603758672,0.9654
sigmoid,89250,73,0.0874285835793893,0.97624,0.10964432724504307,0.9669
sigmoid,89250,74,0.08649262440855733,0.9768,0.10863042711629255,0.9662
sigmoid,89250,75,0.08526985115999951,0.97724,0.10878003122702071,0.9672
sigmoid,89250,76,0.08428747743416706,0.97734,0.10696575863689138,0.9666
sigmoid,89250,77,0.08345252490757661,0.9773,0.10611020955632107,0.9679
sigmoid,89250,78,0.08232354308463385,0.97756,0.10493035398442144,0.9677
sigmoid,89250,79,0.08141536230529337,0.97804,0.10486357057518733,0.9675
sigmoid,89250,80,0.08029953510151139,0.97846,0.10454254674926344,0.9682
sigmoid,89250,81,0.07933728753653185,0.97832,0.1036419210760256,0.9684
sigmoid,89250,82,0.07861734915997697,0.97908,0.10333685922559264,0.9677
sigmoid,89250,83,0.07759188431582086,0.97914,0.1027148944605676,0.9687
sigmoid,89250,84,0.07681094442076176,0.97912,0.10138672408774532,0.9692
sigmoid,89250,85,0.07594240484447054,0.97962,0.10084643916007913,0.9696
sigmoid,89250,86,0.07514855580787395,0.97994,0.10042233547979695,0.9689
sigmoid,89250,87,0.074286431898611,0.9801,0.10016330252968221,0.97
sigmoid,89250,88,0.07341320008904295,0.98052,0.09970153469347308,0.9698
sigmoid,89250,89,0.07272685814941905,0.98054,0.09866892922122815,0.97
sigmoid,89250,90,0.0717876776575779,0.98056,0.0980779330590419,0.9702
sigmoid,89250,91,0.07103413826804328,0.98124,0.09755397793172238,0.9695
sigmoid,89250,92,0.07031862608762236,0.98118,0.09703421738188953,0.9698
sigmoid,89250,93,0.06958112346638579,0.98134,0.09667328522258033,0.9703
sigmoid,89250,94,0.06882745856206678,0.98178,0.09592838792263149,0.9708
sigmoid,89250,95,0.06807858988672427,0.98168,0.09521083124320434,0.9704
sigmoid,89250,96,0.06736458670517095,0.98218,0.09544041567934969,0.9702
sigmoid,89250,97,0.06664851326938633,0.98236,0.09487815047764102,0.9707
sigmoid,89250,98,0.06596837661398641,0.98256,0.09391065677464529,0.9715
sigmoid,89250,99,0.06524750282840305,0.98246,0.09437619133484888,0.9708
sigmoid,89250,100,0.0645615691429325,0.98302,0.09337254942670933,0.9714
sigmoid,773955,1,1.8775095120295973,0.40748,1.0878765748831587,0.7201
sigmoid,773955,2,0.7517144811315576,0.81102,0.5660435694538374,0.8521
sigmoid,773955,3,0.49055056599438596,0.87132,0.4354816360216275,0.8799
sigmoid,773955,4,0.4059946118488826,0.88992,0.381268029883003,0.8939
sigmoid,773955,5,0.3646329824019511,0.8989,0.344753111361913,0.903
sigmoid,773955,6,0.3393438151521501,0.90446,0.3239561405327392,0.908
sigmoid,773955,7,0.3212906142665069,0.90856,0.3101230268903879,0.9105
sigmoid,773955,8,0.30730607636492246,0.91172,0.29703602627563785,0.9137
sigmoid,773955,9,0.295833585999896,0.91514,0.28849639340185657,0.9154
sigmoid,773955,10,0.28577006149366213,0.91816,0.28175841732074075,0.9178
sigmoid,773955,11,0.2770552660298191,0.92056,0.27240207462953436,0.9201
sigmoid,773955,12,0.2686553256286089,0.92248,0.26431079716261285,0.9216
sigmoid,773955,13,0.26084625759378066,0.92548,0.2582628336601758,0.9248
sigmoid,773955,14,0.25342384190956035,0.92762,0.25175010845794615,0.9257
sigmoid,773955,15,0.24665359061984976,0.9296,0.2447458100671351,0.9282
sigmoid,773955,16,0.23985719518535056,0.93142,0.23871726794831052,0.9302
sigmoid,773955,17,0.2334741603920655,0.9335,0.23461644612035953,0.9308
sigmoid,773955,18,0.22756396155542774,0.93542,0.22809503080442634,0.9335
sigmoid,773955,19,0.22161491809628153,0.9372,0.2227487032647386,0.9353
sigmoid,773955,20,0.21614997278100873,0.93856,0.21747211742579317,0.9363
sigmoid,773955,21,0.21067483023327105,0.94044,0.21539747940897228,0.9373
sigmoid,773955,22,0.20569500072138505,0.94194,0.20894560727048228,0.9388
sigmoid,773955,23,0.20061500550983385,0.9432,0.20414617084872863,0.9407
sigmoid,773955,24,0.1962776945476884,0.94478,0.2007342964046325,0.9416
sigmoid,773955,25,0.1917179212152259,0.94588,0.1967567170669687,0.9437
sigmoid,773955,26,0.18745565669190545,0.9471,0.19300933444827634,0.9446
sigmoid,773955,27,0.18321609130344169,0.94858,0.18888927156062688,0.9457
sigmoid,773955,28,0.17922122229308857,0.94918,0.1856064125145779,0.9467
sigmoid,773955,29,0.17510578537062055,0.95004,0.18450452544795462,0.9465
sigmoid,773955,30,0.17142606682254072,0.9513,0.18087081892310025,0.948
sigmoid,773955,31,0.16800073384780898,0.9521,0.1772323075819859,0.949
sigmoid,773955,32,0.16452298476410976,0.95308,0.17293036365682304,0.9507
sigmoid,773955,33,0.161262025069236,0.95408,0.17049513307340358,0.9514
sigmoid,773955,34,0.15790776591180164,0.95524,0.16971795933928466,0.9503
sigmoid,773955,35,0.15490561415887932,0.9559,0.16460213204372937,0.9517
sigmoid,773955,36,0.15196380702990048,0.95678,0.16224758049106658,0.9532
sigmoid,773955,37,0.1490645155687243,0.95748,0.1617929571446336,0.9534
sigmoid,773955,38,0.14601923144338752,0.95832,0.1586793569987724,0.9542
sigmoid,773955,39,0.14365628156046406,0.95924,0.15507396413288685,0.9553
sigmoid,773955,40,0.14107341450969024,0.96038,0.15319667665396403,0.955
sigmoid,773955,41,0.13851442549676965,0.96072,0.1517559722934493,0.9557
sigmoid,773955,42,0.13607594304331738,0.96192,0.1486027756142663,0.9569
sigmoid,773955,43,0.13359008529371663,0.96236,0.1474348716364503,0.9578
sigmoid,773955,44,0.1314133211645977,0.96302,0.1444579762438143,0.9578
sigmoid,773955,45,0.12927332613309178,0.96406,0.14294559533990084,0.9584
sigmoid,773955,46,0.12703913473435297,0.96422,0.1413694964245847,0.9586
sigmoid,773955,47,0.12507007251680877,0.96508,0.14034380172458547,0.9589
sigmoid,773955,48,0.12286210764260395,0.96558,0.13816747228733875,0.9595
sigmoid,773955,49,0.12104649474168336,0.96658,0.13631854576531746,0.9603
sigmoid,773955,50,0.11911694056924418,0.96648,0.135229555681538,0.9597
sigmoid,773955,51,0.11731790918795268,0.96764,0.13349068872856437,0.9616
sigmoid,773955,52,0.11554426342348136,0.9679,0.13255536271363053,0.9609
sigmoid,773955,53,0.11396261255501865,0.96846,0.1305182635214957,0.9615
sigmoid,773955,54,0.11207222145601756,0.9687,0.1295128913060319,0.9621
sigmoid,773955,55,0.11045089593974002,0.96968,0.12831387036082614,0.9622
sigmoid,773955,56,0.10879769246978527,0.97026,0.1266893531904396,0.9632
sigmoid,773955,57,0.10728720027378416,0.97076,0.12563866362926784,0.963
sigmoid,773955,58,0.10576115881897818,0.9709,0.12386538952877531,0.9654
sigmoid,773955,59,0.1042969653663841,0.97126,0.12337929788366668,0.9642
sigmoid,773955,60,0.10277034328722148,0.97132,0.12225542748110811,0.9644
sigmoid,773955,61,0.10138788206635996,0.97208,0.12121076465468887,0.964
sigmoid,773955,62,0.10001657315148073,0.97248,0.11957518860088671,0.965
sigmoid,773955,63,0.09865872874079375,0.97344,0.1191683544376807,0.9652
sigmoid,773955,64,0.09744913630559848,0.9733,0.11774486170931572,0.9653
sigmoid,773955,65,0.09606714754221053,0.97368,0.11807170611382496,0.9653
sigmoid,773955,66,0.09493245856816784,0.97372,0.11689072545596416,0.9649
sigmoid,773955,67,0.09371111037091281,0.97428,0.11569228233878259,0.9651
sigmoid,773955,68,0.09247189406158643,0.9748,0.11379558776578179,0.9664
sigmoid,773955,69,0.09136141951504949,0.97526,0.11385248071984208,0.9665
sigmoid,773955,70,0.09001324130777717,0.97522,0.11219231931048346,0.9666
sigmoid,773955,71,0.08896033829007374,0.97562,0.11217685071310814,0.9674
sigmoid,773955,72,0.08788211897660261,0.9759,0.11037454830247186,0.9674
sigmoid,773955,73,0.08675672520900436,0.97624,0.10994994484706049,0.9668
sigmoid,773955,74,0.08567734169511589,0.9766,0.10909751016903929,0.9676
sigmoid,773955,75,0.08474878800654685,0.97682,0.1087329195147178,0.968
sigmoid,773955,76,0.08374450528487826,0.97704,0.10731543050802785,0.9683
sigmoid,773955,77,0.08275004465797481,0.97728,0.1074773286153543,0.9681
sigmoid,773955,78,0.08176852428393701,0.97768,0.10628862013449239,0.969
sigmoid,773955,79,0.08066780415453897,0.97824,0.10627222390504679,0.9686
sigmoid,773955,80,0.07982467455186702,0.97776,0.10465684760705944,0.9693
sigmoid,773955,81,0.0789404075499454,0.97828,0.10419740900019517,0.9691
sigmoid,773955,82,0.07811153691660497,0.97876,0.10370347489662338,0.9694
sigmoid,773955,83,0.07715857293434061,0.97906,0.10290070013336279,0.9697
sigmoid,773955,84,0.07629829788982036,0.97896,0.10284096694020016,0.9697
sigmoid,773955,85,0.07538782818201356,0.97938,0.10167294401147799,0.9697
sigmoid,773955,86,0.07450775792906965,0.97946,0.10136064496507194,0.9693
sigmoid,773955,87,0.07372510041796214,0.97968,0.1007983384051288,0.97
sigmoid,773955,88,0.0729023579040103,0.98022,0.10012099206116516,0.9704
sigmoid,773955,89,0.07203920316721778,0.98028,0.10018646288999686,0.9706
sigmoid,773955,90,0.07126538405293492,0.9809,0.09905055212730943,0.9702
sigmoid,773955,91,0.07055861220179514,0.98096,0.09857868798194093,0.9707
sigmoid,773955,92,0.06969433172140183,0.98102,0.09804868024371895,0.9706
sigmoid,773955,93,0.06900936637914802,0.98156,0.09798685412164347,0.9705
sigmoid,773955,94,0.06822563575696863,0.98174,0.0971672382752974,0.9707
sigmoid,773955,95,0.06757351818135517,0.98188,0.0961381234816325,0.971
sigmoid,773955,96,0.06685918932499364,0.98216,0.09622299438856981,0.9707
sigmoid,773955,97,0.06614936200782963,0.98242,0.09567563279927417,0.9711
sigmoid,773955,98,0.06542025311526488,0.98218,0.09599351083815684,0.9715
sigmoid,773955,99,0.06481730657287162,0.9829,0.09483093677516596,0.9712
sigmoid,773955,100,0.06405221215909623,0.98312,0.0943000615973199,0.9721
