activation,epoch,train_loss_mean,train_loss_std,train_accuracy_mean,train_accuracy_std,val_loss_mean,val_loss_std,val_accuracy_mean,val_accuracy_std
relu,1,0.8451717493803326,0.0037356144359816366,0.7783733333333333,0.0068883766834670675,0.3774173382367174,0.006141465001874987,0.8923666666666666,0.0031021497922140147
relu,2,0.3335650480754962,0.001045479816289902,0.9045533333333333,0.00021385353243126231,0.3024527380972814,0.00859901894325589,0.9109999999999999,0.004073082370883262
relu,3,0.27953942685133765,0.0023322640687086114,0.9203266666666666,0.0008518998376178368,0.26328603832545566,0.010850739961587261,0.9235333333333333,0.005158811232574178
relu,4,0.24218124651372877,0.0020923837496890853,0.9317266666666667,0.0007381959992667036,0.23202352952705266,0.0025366135372422703,0.9331333333333333,0.000709459888459785
relu,5,0.21339494526312427,0.002296010484878097,0.94014,0.00045077710678341547,0.20425090713845262,0.002290591201719541,0.9413333333333332,0.0008504900548115283
relu,6,0.19073374879810642,0.0029804780776896095,0.9466800000000001,0.0008715503427800441,0.18512683621397907,0.0013339395173294854,0.9471333333333334,0.0007637626158259074
relu,7,0.1721760586720027,0.003859309322034766,0.9514466666666667,0.0013833775093348329,0.1727932096543695,0.004923508216670939,0.9508666666666666,0.0010692676621563539
relu,8,0.15690546064106178,0.004555505467954045,0.95614,0.0013426838793997979,0.16229856573501542,0.007856635078880467,0.9526333333333333,0.002458319208998993
relu,9,0.1437654108671731,0.005376217299784359,0.9597600000000001,0.0014204224723651947,0.15127977800775272,0.004783834980052657,0.9562333333333334,0.0012096831541082468
relu,10,0.13246468420859162,0.005385739358902367,0.9629,0.0020473397373176956,0.14230352106413716,0.0023474590245035616,0.9593333333333334,0.0013203534880225692
relu,11,0.12250776165858819,0.005099306059988397,0.96624,0.001356908250398639,0.1339686773872553,0.006202245408602153,0.9610666666666666,0.001563116545025765
relu,12,0.11362621639940025,0.004866994582094991,0.9685533333333334,0.0015763671315190055,0.12731770220565283,0.003398170887631685,0.9629666666666666,0.001625833119767575
relu,13,0.10602074130265415,0.004780409468958214,0.9706666666666667,0.000941558990894014,0.1216776712840701,0.003822008681577433,0.9644666666666666,0.0015143755588800174
relu,14,0.099269416911117,0.004381128805650057,0.9723133333333333,0.0013106232614040734,0.11564304576467492,0.0051502537377839126,0.9660000000000001,0.0006244997998398266
relu,15,0.09304255195436606,0.004012842431919067,0.9745533333333333,0.001623124558785659,0.1114795020717938,0.003896274780054789,0.9674999999999999,0.0009643650760993
relu,16,0.08772021967369709,0.0037371513608123953,0.9760466666666666,0.0013917375231462974,0.10861295196602389,0.004720225008342776,0.9679333333333333,0.0011676186592091081
relu,17,0.08261251595066856,0.0034794259111158,0.9775200000000001,0.0008861151166749729,0.10425838432501437,0.003244565957950851,0.969,0.0007000000000000022
relu,18,0.07811272485942272,0.0029850635349844535,0.9790266666666666,0.0009000740710260186,0.10143341161006621,0.0022099711538135086,0.9700000000000001,0.0009643650760992684
relu,19,0.073916927931814,0.0026986411060947995,0.9798266666666667,0.0006331929669013808,0.09861300230311,0.0030721104557227858,0.9708333333333333,0.00015275252316517785
relu,20,0.07017349411035437,0.0024833696834105903,0.98096,0.0005670978751504083,0.0952258781653698,0.0021058165593694114,0.9712999999999999,0.0005291502622129227
relu,21,0.06679001515286358,0.0023544676167240987,0.98202,0.000869712596206345,0.09515301208880111,0.0017287036225916426,0.9713333333333334,0.0007023769168567878
relu,22,0.06341089683157086,0.0020030289129934083,0.98278,0.0005737595315112179,0.09250835171266843,0.002803204798851627,0.9723,0.0004358898943540894
relu,23,0.060384145537220414,0.001984204868725555,0.9838066666666666,0.000816414927186688,0.09078168411001226,0.001992574709938756,0.9733333333333333,0.0008962886439831762
relu,24,0.057650409380614276,0.0016915037374897123,0.9848933333333333,0.0005315386470740332,0.09048697535067368,0.0012418618856702367,0.9723333333333333,0.000981495457622392
relu,25,0.055154306007160425,0.00131519924288109,0.9855533333333333,0.000443771713083849,0.08763693852751787,0.001592362078830507,0.9734333333333334,0.0009018499505645904
relu,26,0.05273698453935787,0.001290738125223323,0.9861466666666666,0.00040857475856121426,0.0868585631146912,0.0014670550398922025,0.9736333333333334,0.0011503622617824783
relu,27,0.05040172769045278,0.0011665801699141522,0.9869866666666667,0.00027153882472551356,0.08555775861886639,0.0015199049102533574,0.9735333333333333,0.001357694123627716
relu,28,0.048115282874094244,0.0011121560468572561,0.9876133333333333,0.0004957149718672519,0.08498388799011915,0.004032012491447117,0.9743333333333334,0.001517673658377618
relu,29,0.04623315823006044,0.000965888517645052,0.9883733333333332,0.00030615900008542144,0.08437932427118792,0.00026023405489768815,0.9735999999999999,0.0012529964086141418
relu,30,0.044273014170971424,0.0008057150522589293,0.9886666666666667,0.0003251666239535113,0.08356874721970552,0.001273928027502474,0.9746,0.00019999999999997797
relu,31,0.04249942034857231,0.000769172085939626,0.9894866666666666,0.0002914332399252707,0.0838567631860046,0.0030390356605067897,0.9746,0.0017435595774162494
relu,32,0.040826843953489844,0.0005376231594828699,0.98984,0.0003555277766926278,0.08072812174012818,0.0008458903485678006,0.9754999999999999,0.0005291502622129227
relu,33,0.03918237626093607,0.0005915772896225912,0.99056,0.0002835489375751151,0.07991164663222951,0.002363607135400955,0.9756,0.0007211102550927762
relu,34,0.037503108983014684,0.0004808303538342157,0.9909733333333334,0.00023094010767582486,0.08008884475769097,0.0014988953770450231,0.9755666666666666,0.0006429100507328993
relu,35,0.03630594809054636,0.0004431466222821437,0.9913133333333333,0.00018583146486353012,0.07811293206106626,0.001496071461686148,0.9757333333333333,0.0008504900548115545
relu,36,0.034862743818552235,0.00028683809914445884,0.9916533333333333,4.1633319989417626e-05,0.07845691767323949,0.0010473178565717468,0.976,0.0013453624047074157
relu,37,0.03344436329326839,0.0002457611047380525,0.9921266666666666,0.00019731531449267186,0.07819354100150816,0.0009745403200578721,0.9762,0.0002000000000000196
relu,38,0.03228943825826078,0.00026989245808879366,0.9925333333333333,0.00013316656236956193,0.07832839380150332,0.0018149813366143935,0.9757666666666666,0.0012897028081435289
relu,39,0.031127449203689327,0.00020894897782346297,0.9927933333333333,0.0002802379940931177,0.07636817869883011,0.0008593813210298408,0.9762333333333334,0.00023094010767590498
relu,40,0.029915289271977508,0.00012415169381605758,0.9935333333333333,0.00016041612554022278,0.07743188770395965,0.0020199124005817414,0.9766,0.00043588989435409893
relu,41,0.02874983041716706,0.0001900721290766138,0.9936599999999999,6.92820323027122e-05,0.07648417450039925,0.0012176916798460147,0.9772666666666666,0.00020816659994669258
relu,42,0.027753492432156347,0.00014260127432228867,0.99398,6.928203230280035e-05,0.07679657185275195,0.0020947169143410386,0.9766666666666667,0.00015275252316517785
relu,43,0.026779869518993003,0.00010787427765546945,0.9943533333333333,7.571877794400362e-05,0.07538190954576697,0.001005888407933274,0.9767,0.0010000000000000009
relu,44,0.02581581640127394,0.00010692193100173725,0.9946533333333334,0.00015011106998928455,0.07560807636710465,0.0012985877058764735,0.9771666666666667,0.00040414518843275764
relu,45,0.02489578031640396,0.00012021481552886591,0.9950666666666667,0.0002003330560175885,0.07586529194881654,0.002596335160143442,0.9773333333333333,0.00045092497528231157
relu,46,0.02400957617774861,4.758189392732563e-05,0.9952866666666665,6.11010092660784e-05,0.07567536459329817,0.001518553207160684,0.9774666666666668,0.0010066445913694364
relu,47,0.02330098670888724,6.61974937267532e-05,0.99552,0.0001969771560359345,0.0758081883120658,0.0024804106699587336,0.9769,0.0009539392014169512
relu,48,0.02247279877636404,0.000152371459838283,0.99588,0.00019078784028338792,0.0745685377853647,0.0016504288559480889,0.9774666666666666,0.0006506407098647308
relu,49,0.021706771766881735,4.729664943513369e-05,0.9961133333333333,0.0002730079363925412,0.07521207688521388,0.0008062261224362061,0.9769666666666666,0.00023094010767582486
relu,50,0.02101105213001873,8.251657403007768e-05,0.9963733333333332,5.7735026918956215e-05,0.07528334351421688,0.001712464445446405,0.9779666666666667,5.7735026918956215e-05
relu,51,0.020339210059186402,5.555364370096205e-05,0.99652,0.0002029778313018628,0.07488684942046993,0.0023029902187950003,0.9780333333333333,0.0005507570547285647
relu,52,0.01961467657915437,0.0001568752394467138,0.9968266666666666,0.00020231987873985252,0.07462418365811375,0.001495989568560623,0.9778666666666668,0.00032145502536639643
relu,53,0.018981159008784405,0.00016021478733901353,0.9968933333333333,0.00017243356208500703,0.0747460169351205,0.002135035606307604,0.9779,0.0009539392014169396
relu,54,0.01831018010505366,0.00014687641514961843,0.9972600000000001,0.0002088061301782284,0.07409012138485722,0.001909042049118547,0.9779666666666667,0.0005033222956846778
relu,55,0.017778783946655195,9.317686358109889e-05,0.9973466666666666,0.0001700980109623657,0.07467724974915509,0.0026806612170205473,0.9778333333333333,0.00032145502536639643
relu,56,0.01712622926856722,0.00016983888001068824,0.9976066666666666,0.0002914332399252707,0.07475108258947168,0.0016198686431310927,0.9781,0.0008888194417315766
relu,57,0.016717705382739714,0.0002004453244788275,0.9976266666666667,0.0001890326250500937,0.07413094924126958,0.0015555834567676416,0.9779333333333332,0.000850490054811549
relu,58,0.01612528450570355,0.0001222079017871741,0.9978866666666667,0.0001604161255402049,0.07393158090217881,0.0017079623614000658,0.9781,0.0010583005244258247
relu,59,0.0156378335185135,0.00010276360832998771,0.99804,9.999999999998899e-05,0.07372914471465497,0.0021204746584387326,0.9779333333333332,0.0010115993936995553
relu,60,0.015180741390601328,0.000169496387662029,0.9980600000000001,0.00019287301521986924,0.07408887867615628,0.0015384618562633773,0.9786666666666667,0.00047258156262528807
relu,61,0.014735170716632731,0.00022461848794970494,0.9982866666666667,0.0002042873792805367,0.07395098913764142,0.001292571357054472,0.9781333333333334,0.000513160143944659
relu,62,0.014361494833904946,0.0001920180883579769,0.9983333333333334,9.865765724630638e-05,0.07346327163116796,0.0007998294217400243,0.9781333333333334,0.0009451631252504381
relu,63,0.013882632584742413,0.00013016469073464794,0.9983533333333333,3.05505046330816e-05,0.07419265782264296,0.0016050559169387814,0.9781999999999998,9.999999999998899e-05
relu,64,0.013478326794575635,0.00020962067350630903,0.9985466666666666,4.1633319989279844e-05,0.07431296490521107,0.0023005411420832134,0.9782333333333333,0.0005033222956846722
relu,65,0.01311417495629188,0.00014700385234819985,0.9986066666666668,9.237604307031232e-05,0.07447104634064114,0.001997424982758262,0.9781,0.0005291502622128756
relu,66,0.01272690498609781,0.0002653241674622602,0.99878,3.464101615139617e-05,0.07452585058173139,0.0017034403738448412,0.9784,0.0006244997998398488
relu,67,0.01233993260076177,0.00022443072812627015,0.9987933333333334,7.023769168563004e-05,0.07472971096985483,0.0022146667698062015,0.9782333333333333,0.00030550504633038297
relu,68,0.01198937927374837,0.00023276790165475516,0.9988933333333333,0.00016772994167214378,0.07435300890836456,0.0014627427601479252,0.9784666666666667,0.0008962886439832882
relu,69,0.01171554452655981,0.00021924737640350003,0.999,0.00010392304845415645,0.07493258185383317,0.00243780218277088,0.9777999999999999,0.0008544003745317402
relu,70,0.011358856774967922,0.00024190209615223632,0.9990333333333333,6.110100926610868e-05,0.0753486849247215,0.002668724996558395,0.9782000000000001,0.0011357816691600629
relu,71,0.01106775400126829,0.0002543385145240992,0.9990866666666666,0.0001446835627613857,0.07476205267835338,0.001532383080746696,0.9782333333333333,0.0008504900548115566
relu,72,0.010780002117462786,0.00018272703136139502,0.9991333333333333,0.00013613718571107026,0.07488881581108758,0.0023974450312070697,0.9786,0.0004999999999999727
relu,73,0.010458768321837975,0.0001968396512039954,0.9991933333333334,2.3094010767600115e-05,0.0744381605677596,0.002563859597781299,0.9785666666666666,0.0009291573243177895
relu,74,0.010194595324515021,0.00019597907328047608,0.9992333333333333,0.00012055427546683117,0.07442089897460452,0.002377615176910693,0.9784,0.0007000000000000378
relu,75,0.009922438445403551,0.00022471672850349415,0.9992066666666667,0.00010066445913697415,0.07514752401778496,0.0026303228450226565,0.9784333333333333,0.0014294521094927713
relu,76,0.009665177074351801,0.00023285382966958733,0.9993266666666667,7.023769168568667e-05,0.07472568632058589,0.0023884054190529184,0.9785333333333334,0.0006027713773341397
relu,77,0.009462195116882536,0.00025521584138135927,0.9993333333333334,0.00012858201014655598,0.07541409977706222,0.002016252555171229,0.9784333333333333,0.0004932882862315929
relu,78,0.009177786224622035,0.00022901623193914505,0.9994066666666667,7.571877794399629e-05,0.07521471237488321,0.0023024927944545626,0.9783333333333334,0.0007234178138070238
relu,79,0.008975159738158012,0.00022992930268093733,0.9994333333333333,7.571877794393885e-05,0.07551954794496409,0.0021652429703686144,0.9785666666666666,0.0006658328118479473
relu,80,0.008778189057753084,0.00022588580560562363,0.9994333333333333,0.00011015141094570705,0.07508935043908806,0.002628507042403563,0.9787,0.00019999999999997797
relu,81,0.008556600073487831,0.0002152781801449742,0.9994733333333334,1.1547005383804064e-05,0.07520673455756277,0.0019122778543628177,0.9788,0.0007211102550928571
relu,82,0.008382848528342458,0.0002766062363989199,0.9995066666666667,4.163331998931096e-05,0.07496322759794279,0.0021135916511553807,0.9787333333333333,0.000650640709864782
relu,83,0.008152843685738036,0.00024472051312259956,0.9995266666666667,2.3094010767528006e-05,0.07600455282854225,0.0027288731361033787,0.9788333333333332,0.0005686240703077474
relu,84,0.008000293324048518,0.0002064840684490685,0.9995733333333333,4.163331998927096e-05,0.07593431446361967,0.0028432884371949077,0.9785333333333334,0.0004725815626252871
relu,85,0.0077888852474846644,0.00021778695700924535,0.9995866666666666,6.429100507327727e-05,0.07548362097774408,0.0027700311794144924,0.9784666666666667,0.0005033222956847256
relu,86,0.007603842511428396,0.00021661736937406956,0.9996133333333334,8.082903768656892e-05,0.07605557924973942,0.00246880279583043,0.9786,0.0005567764362830031
relu,87,0.007424359595789228,0.00022730911300675286,0.9996,5.2915026221229334e-05,0.07720670715343661,0.0031277458764118657,0.9784333333333333,0.0006027713773341397
relu,88,0.007264318091144681,0.00020035472105813995,0.99966,0.0001113552872565772,0.0763238585293398,0.0030014017216344236,0.9784333333333333,0.0005859465277082822
relu,89,0.007105041753112586,0.00021343535287922225,0.99968,2.0000000000020002e-05,0.07686799200265437,0.0017846702538456887,0.9786,0.0008660254037844795
relu,90,0.00696444716809138,0.00016697242497524362,0.9997066666666666,3.055050463296652e-05,0.07630034405995452,0.0028226112377376118,0.9788,0.0007549834435270727
relu,91,0.0067915843127211864,0.00021962384894694267,0.9996733333333333,4.163331998932207e-05,0.07677019763206598,0.0024879126796959433,0.9787333333333333,0.0005507570547286167
relu,92,0.006657611391167451,0.00017606269803610838,0.9997333333333334,6.110100926604812e-05,0.07634724333235128,0.0018869264998149964,0.9788,0.0008999999999999841
relu,93,0.006505724965992245,0.000211287734661982,0.9997133333333333,5.7735026918956215e-05,0.07666999351061109,0.002704337552603807,0.9788333333333333,0.0011590225767142315
relu,94,0.006399738535007095,0.0001859684301012734,0.9997333333333334,3.0550504632954405e-05,0.0764993357742355,0.0022895050271172362,0.9788666666666668,0.0009237604307034117
relu,95,0.006244189016606209,0.00018743395688639795,0.9997666666666666,7.023769168568667e-05,0.07717689478099425,0.0023880728259248773,0.9786666666666667,0.0003214550253664756
relu,96,0.006120984261005526,0.0001828757600404442,0.9997733333333333,2.3094010767600115e-05,0.07715190319579361,0.002904674025388365,0.9784666666666667,0.0005507570547286638
relu,97,0.006005386596230423,0.00015435407989658655,0.9997866666666667,1.1547005383755988e-05,0.07671687026746331,0.0025311493038326386,0.9787,0.0010816653826392086
relu,98,0.005871456070066903,0.00015289838109739106,0.99982,3.46410161513561e-05,0.07707698085069391,0.0030400967116684004,0.9787666666666667,0.0005033222956847256
relu,99,0.005772712255377735,0.00015908358090995894,0.9998266666666668,2.3094010767528006e-05,0.07734428173423145,0.002700310476915457,0.9786333333333334,0.0007505553499465701
relu,100,0.005652763453189782,0.00015398408536788515,0.99984,3.46410161513561e-05,0.07762736575756042,0.0026860155832920916,0.9785666666666667,0.0009073771725877313
sigmoid,1,1.8826080051693077,0.006988109911285528,0.4035666666666667,0.003960824829922836,1.0949790393709635,0.007265330090441436,0.7164333333333334,0.006700248751601185
sigmoid,2,0.7524567238398375,0.0031294893165630506,0.8115333333333333,0.0005658032638058314,0.5669507700698627,0.0036881070225083033,0.8486333333333334,0.003008875759039108
sigmoid,3,0.4896476545002841,0.0017525088279084682,0.8712399999999999,0.0001928730152198937,0.43357148132111273,0.0026893309871421785,0.8822000000000001,0.002095232683975733
sigmoid,4,0.4053603073821442,0.000766377238792302,0.8900266666666666,0.0001514375558879828,0.37802843819527226,0.002805574306263917,0.8947666666666666,0.0008082903768654614
sigmoid,5,0.3639861489156133,0.0005881741920554733,0.89888,0.0005502726596879269,0.34447991695806507,0.00031571878913452914,0.9024333333333333,0.0006027713773341697
sigmoid,6,0.33875967033267873,0.0005069500264854447,0.9043466666666666,0.0001474222959166505,0.32345760343976837,0.0007890785819957988,0.9073666666666668,0.0006027713773341774
sigmoid,7,0.32090112060355436,0.00033731953104020333,0.9087733333333334,0.00018583146486353012,0.3099380933102445,0.0011405275663145453,0.9116,0.0011532562594670608
sigmoid,8,0.30705143284859265,0.00022157457111937864,0.91206,0.0002986636904613666,0.2970822237575588,0.00034462075783461745,0.9138666666666667,0.0005686240703077172
sigmoid,9,0.29551501840210853,0.0002808697395298263,0.9152733333333334,0.00019731531449270658,0.28794196082453183,0.0011822142891225772,0.9156666666666666,0.001026320287889372
sigmoid,10,0.28581354731515485,0.00018113249914618456,0.9179333333333334,0.0003419551627528479,0.27898314573744876,0.002445062534482583,0.9188000000000001,0.0008888194417315703
sigmoid,11,0.2769746025196418,0.00010572277906809873,0.9205,0.0007118988692222985,0.27123693504290025,0.0011716573119324412,0.9206,0.0004999999999999588
sigmoid,12,0.26865204285161914,0.00013962533482397092,0.9228200000000001,0.0003616628264004843,0.26395516802805274,0.0005949510034195344,0.9225,0.001307669683062214
sigmoid,13,0.26105361850724557,0.00036887061688064605,0.92522,0.00039949968710874766,0.25735614851668814,0.0009957248316631272,0.9244666666666667,0.0004163331998931807
sigmoid,14,0.2538148027433719,0.0004454477148312717,0.9271733333333333,0.0004401514890731862,0.2507359628601011,0.0009544845861327582,0.9262,0.0006244997998398266
sigmoid,15,0.24697104806102632,0.00044953436540869307,0.9293133333333333,0.00031262330900513435,0.24438767805690834,0.0007664763170768332,0.9288333333333334,0.001457166199626261
sigmoid,16,0.24034668106288004,0.0007123075694635564,0.93112,0.0002599999999999707,0.2394797667508549,0.0008155850855139365,0.9298666666666667,0.0003055050463304314
sigmoid,17,0.23399660494509536,0.0006429018773568799,0.9334533333333334,9.865765724635329e-05,0.2341352740790811,0.0013742335529568015,0.9315666666666665,0.0012423096769057023
sigmoid,18,0.22800518031597283,0.0008924817663780626,0.9349266666666667,0.0004562163229580296,0.2276603754757648,0.00047255173050367224,0.9332333333333334,0.0004618802153516738
sigmoid,19,0.22208539311333775,0.0008368301902037275,0.9368,0.00039038442591888054,0.2220640916318587,0.0008654298724450333,0.9356333333333334,0.0005773502691895862
sigmoid,20,0.2165874696840776,0.0009165558739545189,0.9380999999999999,0.0006471475874945444,0.21733237722946427,0.0010602283493127247,0.9366666666666666,0.0010016652800877762
sigmoid,21,0.21122697973315804,0.0009432689952156823,0.9399733333333334,0.0004700354596553017,0.2136176028500246,0.0017557742457237411,0.9381,0.0011357816691600665
sigmoid,22,0.20615687737041077,0.0009570792563948723,0.9415266666666667,0.0004006661120351396,0.20864539501823698,0.00032960766399459015,0.9392999999999999,0.0008660254037844795
sigmoid,23,0.2011705532638249,0.0009706655405210262,0.9430999999999999,0.00041904653679509336,0.20444172578129463,0.000718596841434786,0.9407,0.0004000000000000392
sigmoid,24,0.19658947383654693,0.0008867212213313756,0.9444066666666666,0.00048387326164325595,0.20021517982834314,0.0012217908464407985,0.9419333333333334,0.0012342339054382402
sigmoid,25,0.19208886644860257,0.0008345585447522797,0.9455866666666667,0.0002900574655707738,0.19664786585336555,0.00011067896444946621,0.9435333333333333,0.0002886751345947811
sigmoid,26,0.18782294156060905,0.0006879008751196348,0.9469,0.0003464101615138094,0.192601443704376,0.0007006971740402135,0.9448,0.0008185352771872532
sigmoid,27,0.1836747318229808,0.0007153324673106963,0.94814,0.000497594212184978,0.18854172108630698,0.0009190830111297035,0.9457666666666666,0.0008020806277010867
sigmoid,28,0.17960115328294934,0.0006497358727822024,0.9491066666666667,7.02376916856656e-05,0.18588309422036386,0.000767204582848858,0.9461666666666666,0.0006110100926607901
sigmoid,29,0.17584525498821924,0.0008404499496261932,0.9499533333333333,9.018499505645062e-05,0.18321861603483183,0.0012012787939609285,0.9472666666666667,0.0008621678104252154
sigmoid,30,0.17217895125842406,0.0008246636099841943,0.95138,0.00013856406460551255,0.17956975421538357,0.0013585905279341515,0.9479666666666667,0.0005507570547286286
sigmoid,31,0.16867329184342497,0.0007379016928510338,0.9521733333333332,0.0002579405616286891,0.17630673338548294,0.0008034467143911522,0.9488666666666666,0.0009073771725877568
sigmoid,32,0.1652612277605786,0.0007701673755039382,0.9529266666666666,0.00023180451534288054,0.17281192292482273,0.00022774787720922847,0.9501,0.0007211102550927955
sigmoid,33,0.1620264023946643,0.0007452458306288233,0.9539066666666667,0.00023437861108327438,0.17049604555745435,0.0005971671410819463,0.951,0.0003464101615138174
sigmoid,34,0.15876633143264898,0.000792940292402275,0.9550000000000001,0.0002749545416973528,0.16815061838045367,0.0013573883662358344,0.9508333333333333,0.0006806859285554451
sigmoid,35,0.15581211751636617,0.0008047903158116895,0.9558599999999999,6.928203230276028e-05,0.16486070510534723,0.00034888804343172534,0.9518333333333334,0.0004163331998932607
sigmoid,36,0.15281687215347092,0.0007552509461986543,0.9565666666666667,0.0003189566323707944,0.16229818379661043,6.261852454276751e-05,0.9528666666666666,0.0003055050463304314
sigmoid,37,0.1500033160540444,0.0008186054039846396,0.9575866666666667,0.0002571640202931465,0.16024106397158508,0.0013439957585834417,0.9533666666666667,5.7735026918956215e-05
sigmoid,38,0.1470550412867541,0.0008977260014879854,0.9584266666666666,9.451631252508405e-05,0.15852098592800806,0.0006636125078460072,0.9539333333333334,0.00037859388972002545
sigmoid,39,0.14463818268607595,0.0008509378241108759,0.9590733333333333,0.0001446835627613857,0.15525266879120755,0.00015510041049052653,0.9548666666666668,0.0004041451884327679
sigmoid,40,0.1419900178693906,0.000800046137724055,0.9600933333333334,0.0002715388247255169,0.15361579537243855,0.00046900636737959365,0.9551,0.0007549834435270193
sigmoid,41,0.13953919034378,0.0009152392588838666,0.9604400000000001,0.00024576411454894166,0.15134662373451613,0.0006607425495486119,0.9556666666666667,0.00035118845842838596
sigmoid,42,0.13709628404988428,0.0009055767199559539,0.9617133333333333,0.00023352373184183035,0.1492726687014967,0.0005936708407518139,0.9565999999999999,0.00043588989435408625
sigmoid,43,0.13474331973402073,0.0010295101042651041,0.9619466666666666,0.000358515457593254,0.14729736283264128,0.0007511792345196573,0.9572666666666666,0.000550757054728595
sigmoid,44,0.13248169444233202,0.0010117687672903223,0.9625933333333334,0.0003695041722813615,0.14538994061664387,0.0008071296189942165,0.9572666666666666,0.001011599393699592
sigmoid,45,0.13029720981509327,0.0009292332054421033,0.9635533333333334,0.0004670474636836512,0.14349876604173037,0.000603490538310189,0.9579,0.00045825756949560925
sigmoid,46,0.12815510752526557,0.0010284378987419583,0.9638066666666667,0.00035851545759325865,0.14209204520317223,0.0006281897058928557,0.9586333333333333,0.0005507570547286604
sigmoid,47,0.12612992835266448,0.0010210574957971832,0.9644666666666667,0.0005493025881364123,0.14077451958931445,0.0008538947918798477,0.9589,9.999999999998899e-05
sigmoid,48,0.1240644532838182,0.0011375954847114146,0.9651333333333333,0.0003879862540520734,0.13819170890347646,0.0007062584032583255,0.9588666666666666,0.0005507570547286293
sigmoid,49,0.1221964388962083,0.0011262966800640237,0.9659733333333334,0.0006204299584427662,0.1369058907497743,0.0016125102452496133,0.9598333333333334,0.000568624070307727
sigmoid,50,0.12027400287691031,0.0011359799981509773,0.9664466666666667,0.00019218047073868373,0.13542365186368302,0.0007180201253605115,0.9598666666666666,0.00028867513459489324
sigmoid,51,0.11848639891920025,0.0011567152895616657,0.9671599999999999,0.000438634243989189,0.13388555754004608,0.00048321641838210464,0.9606,0.0009539392014169541
sigmoid,52,0.11666775931768832,0.0011200293181941442,0.9676733333333334,0.00020033305601756726,0.13271807062876959,0.0003174273641800496,0.9607666666666667,0.00015275252316517785
sigmoid,53,0.11500579999967864,0.0010983128346340905,0.9680666666666666,0.0004346646216720796,0.1312163691491219,0.000614699720809766,0.9611333333333333,0.0005507570547286184
sigmoid,54,0.11326144160991208,0.0012130118958162187,0.9684933333333333,0.00027592269448759493,0.129644197422253,0.000248426334403077,0.9620000000000001,9.999999999998899e-05
sigmoid,55,0.11160289170482274,0.0012062712550628696,0.9691666666666666,0.0005536545252532255,0.12840969628055554,0.0005810504336381132,0.9617,0.0008660254037844795
sigmoid,56,0.109934827338237,0.0012233552515395776,0.9697333333333334,0.00048675798230054574,0.12739595094966177,0.0006824506325553378,0.9623666666666667,0.0007637626158259165
sigmoid,57,0.1084460813041701,0.0012214142992576682,0.9700799999999999,0.0006219324722185859,0.12591735497429488,0.0007812178682387249,0.9626333333333333,0.00040414518843269356
sigmoid,58,0.1068910832395537,0.0012298831319910268,0.9705133333333333,0.00035571524191877754,0.12454136689196331,0.0009616122461103744,0.9635000000000001,0.001682260384126075
sigmoid,59,0.10541086144645785,0.001263027443241144,0.97106,0.00038157568056677583,0.12349770299327635,0.0007572102473182915,0.9635666666666666,0.0007767453465153937
sigmoid,60,0.1039452059418069,0.0012864679545370496,0.9712866666666667,0.00013316656236961544,0.12244115766959822,0.000963125367428555,0.9640333333333334,0.00047258156262526264
sigmoid,61,0.10255956798830812,0.0012763384178970337,0.9717600000000001,0.0003417601498126922,0.12139570857955434,0.0010533781998323282,0.9641333333333333,0.0002309401076758489
sigmoid,62,0.1011952156078642,0.0013352844619195317,0.97226,0.0003638681079731525,0.1202501257531674,0.0009698525414601003,0.9647333333333333,0.0002516611478423306
sigmoid,63,0.09979624660070918,0.001304653408872922,0.97286,0.0006009991680527004,0.11923468022452531,0.0013288747879220855,0.9647666666666667,0.00040414518843269356
sigmoid,64,0.09851884059353193,0.0011911301792540431,0.9729866666666668,0.00035571524191873796,0.11795145316957482,0.0010567748516981431,0.9648666666666667,0.0004041451884327679
sigmoid,65,0.09722107427777676,0.0013067963441122062,0.9735066666666666,0.0002830783166074986,0.11769561646471845,0.0009823437185164212,0.9653666666666667,0.00030550504633043745
sigmoid,66,0.09599807114514913,0.001290226782517955,0.9738199999999999,0.0002271563338319705,0.11648943426394931,0.0006694591440290395,0.9649,0.0010999999999999899
sigmoid,67,0.09481779366214847,0.001293899040029758,0.9741533333333333,0.0003288363321370678,0.11557416304530009,0.0010011920686735709,0.9650333333333334,0.0005033222956847347
sigmoid,68,0.09351452247371939,0.001247534790367007,0.9745133333333333,0.0003251666239535415,0.11431815000906724,0.0013027039461817656,0.9660000000000001,0.00040000000000002534
sigmoid,69,0.09239756453699,0.0012932319278745107,0.9748866666666666,0.0004277070648626276,0.11370959086763772,0.000984945458668337,0.9663666666666666,0.00032145502536645113
sigmoid,70,0.09115113557883354,0.0013870126768036795,0.9753,0.0004454211490263961,0.11268632757259334,0.0010704699180141318,0.9664,0.0005291502622129122
sigmoid,71,0.09010504704903839,0.0013548397813989736,0.9756666666666667,0.00031262330900515566,0.11220792217216892,0.0014529483332569016,0.9666,0.0008000000000000229
sigmoid,72,0.08900571719289734,0.0013724302903508501,0.9758399999999999,0.00033406586176976404,0.11096893885479898,0.001475586180242435,0.9668000000000001,0.0012165525060596446
sigmoid,73,0.08786226513272281,0.0013746819574096104,0.9760666666666666,0.0003002221399785371,0.11030995901321768,0.0009012839267535115,0.9671666666666666,0.0005507570547285722
sigmoid,74,0.08682741610126614,0.001348996654689996,0.9765266666666667,0.00031643851430142897,0.1092051707794567,0.0006354512876630228,0.9672666666666666,0.0009451631252505478
sigmoid,75,0.08576284115893763,0.0013308872970492535,0.9767466666666667,0.0005337914698956326,0.10906982493817745,0.0005432483155572118,0.9676999999999999,0.0004358898943540894
sigmoid,76,0.08475896903230934,0.0013152004240815731,0.9769066666666667,0.000513160143944731,0.1079070509603428,0.0013390047751770033,0.9675666666666668,0.0008736894948054297
sigmoid,77,0.08379346772265521,0.0012492883142216718,0.9772133333333333,0.00013316656236960292,0.10721288036417975,0.0009971040172888376,0.9681000000000001,0.00020000000000000573
sigmoid,78,0.08276101061991008,0.0012690892493072991,0.9775066666666667,0.00020526405757789225,0.10637522944759574,0.0014900691086606513,0.9683,0.0006557438524302019
sigmoid,79,0.08177001928984642,0.0013158906023716295,0.9779266666666667,0.0003827967258654537,0.10588874279519844,0.0008971631187122328,0.9682000000000001,0.0006082762530298234
sigmoid,80,0.08084704129427187,0.0013801264108137274,0.9779533333333333,0.0004428694314731586,0.10517390470450488,0.0009961972803875607,0.9686,0.0006082762530298417
sigmoid,81,0.0799056289830254,0.0013428476310224698,0.9781333333333334,0.0002893671255228462,0.10424943253184239,0.000635123222879954,0.9688666666666667,0.00040414518843269356
sigmoid,82,0.07909166016371152,0.0012847162133720709,0.9786133333333332,0.0005547371750057072,0.10392346157907402,0.0007221780716870634,0.9688,0.0009539392014169773
sigmoid,83,0.07814772064299914,0.001355422975153168,0.9789066666666667,0.00033724372986515105,0.10339745348905303,0.0010255311851003251,0.9691000000000001,0.0005291502622129385
sigmoid,84,0.07728501869723436,0.0012907917431762726,0.97898,0.0001311487704860315,0.1027327883011306,0.0012953671640902585,0.9693999999999999,0.00026457513110651385
sigmoid,85,0.07643238863040402,0.0013575744266735928,0.9793266666666667,0.0003233161507462047,0.10172904396696447,0.0009119498563633542,0.9697,9.999999999998899e-05
sigmoid,86,0.07560290455768841,0.0013796222041593414,0.9794999999999999,0.00042142615011416483,0.10124702824367089,0.000774162790486228,0.9695333333333332,0.0007767453465154246
sigmoid,87,0.07474060547348471,0.0013033570943047253,0.9797933333333333,0.00026857649437975173,0.1009262927509557,0.0008343586201450415,0.9700666666666665,0.00011547005383791243
sigmoid,88,0.07391981364574102,0.0013443698725842342,0.9801266666666666,0.0004473626418615384,0.10011930876766205,0.0004169349759334391,0.9701666666666666,0.00032145502536646116
sigmoid,89,0.07313519761556195,0.001347398507622579,0.9803000000000001,0.0002306512518933963,0.09973534419901765,0.0009271835036191898,0.9702333333333333,0.0003214550253664756
sigmoid,90,0.07231384349894023,0.0013884456233774305,0.9804666666666666,0.0004867579823005174,0.09894595924612481,0.0008207434266599509,0.9704333333333333,0.0004041451884328057
sigmoid,91,0.07155821717860437,0.0013407985312470611,0.9808333333333333,0.00048263167460642006,0.09819610626741805,0.0005594917409367056,0.9704,0.0007937253933193684
sigmoid,92,0.07074869890330254,0.0013229162648244783,0.9809133333333334,0.000333066559914581,0.09800909361011871,0.0009556980139529848,0.9702333333333334,0.00040414518843274506
sigmoid,93,0.07003068593219929,0.0013055064062525374,0.9812466666666667,0.00036896250938720263,0.09757319768620022,0.0007801919679476907,0.9703333333333334,0.00015275252316518693
sigmoid,94,0.06927136708169364,0.0013246953693565014,0.9813999999999999,0.000623858958419225,0.09692459908953094,0.0008997725252176932,0.9708,9.999999999998899e-05
sigmoid,95,0.06855236466656735,0.0012831039559050553,0.9816066666666666,0.0003164385143014114,0.09627978258814539,0.0011463642408673514,0.9708333333333333,0.00037859388971997655
sigmoid,96,0.0678212443495562,0.0012543587428432332,0.9818933333333334,0.00047930505248057665,0.09601764491458693,0.0005067822773678187,0.9709333333333333,0.0008736894948054222
sigmoid,97,0.06710632372763524,0.0012503892323297869,0.9821866666666667,0.0003534590971149725,0.09569949053240112,0.0008335250379060274,0.9710333333333333,0.0003055050463304223
sigmoid,98,0.06643179826180251,0.0013064283852539545,0.9822733333333332,0.00025324559884296966,0.09509682317812294,0.0010711763251915977,0.9716333333333335,0.00023094010767582486
sigmoid,99,0.06574938575338037,0.0012603383254292742,0.9824,0.0005325410782277055,0.09498739607338286,0.0007026232339332167,0.9711333333333334,0.0003055050463304223
sigmoid,100,0.06503668775958046,0.0012894466228813059,0.9828800000000001,0.0003328663395417891,0.09410081929629606,0.0006518990204643427,0.9718666666666667,0.00040414518843269356
tanh,1,0.8047228095587883,0.003038190368419898,0.80308,0.006665763272124251,0.37449128826384476,0.002252089907628142,0.8948,0.0018357559750685742
tanh,2,0.3355664508004928,0.0005394277009860662,0.9048266666666667,0.00039106691669500026,0.30411616420331483,0.002995986859545756,0.9117666666666667,0.001250333288900738
tanh,3,0.2886053934264692,0.00020458283707638724,0.9174133333333333,0.00031770006819850866,0.273372655703423,0.004001177061760791,0.9197333333333333,0.0025324559884296926
tanh,4,0.25864836238988714,0.0005351025873326775,0.9261333333333334,0.0004940985056984076,0.2494592541644108,0.0017133723472555504,0.9265,0.0003464101615137373
tanh,5,0.2333336783976916,0.0007209640348698909,0.9334266666666666,0.0006712177987311151,0.2243431483877333,0.0019774936520492448,0.9355666666666668,0.0008962886439832314
tanh,6,0.21151119249088324,0.00062873997052186,0.9405199999999999,0.0005211525688318337,0.20525728207875935,0.0010412588938137463,0.9403333333333332,0.0005686240703077474
tanh,7,0.19287629750078683,0.0008465188408914321,0.9457933333333334,0.0006034346139668201,0.19153281937360478,0.002066960263200878,0.9444666666666667,0.00040414518843269356
tanh,8,0.1771823809822275,0.0009125034479161728,0.9502533333333334,0.0004455707949735626,0.17877943642291752,0.0024501625421328907,0.9475666666666666,0.000750555349946543
tanh,9,0.16352807690977364,0.0014214650963602403,0.9540466666666667,0.0005608327142145922,0.16760093890438418,0.0007779673883226426,0.9512,0.00036055512754644
tanh,10,0.1520556337361051,0.0014259292211751848,0.9570266666666667,0.0006573684912842314,0.15797001315016793,0.0021343342910902464,0.9538333333333333,0.0011590225767142315
tanh,11,0.14173807375672512,0.0015300275390391091,0.96042,0.00041036569057368536,0.1494178595423139,0.0021065021335977666,0.9563666666666667,0.000568624070307727
tanh,12,0.13263193547520155,0.001720333430095967,0.9629733333333333,0.0007114304838374947,0.1420824420177996,0.000985525842904068,0.9595333333333333,0.0011718930554164176
tanh,13,0.12472733934666813,0.0017629866452417195,0.9649933333333333,0.000885738862946299,0.13576387022251127,0.0007695205192787501,0.9603,0.0011135528725660139
tanh,14,0.11759555697719463,0.0019233309569671704,0.9672666666666667,0.0006469415223443986,0.1296491275972748,0.0031104177256347123,0.9627333333333333,0.0009073771725877568
tanh,15,0.11116459828886088,0.001929808758890296,0.9692333333333334,0.0009716652372774281,0.12471559117239302,0.000980774286537266,0.9637666666666668,0.0009018499505645904
tanh,16,0.10541658862182868,0.002028504395921081,0.9708466666666666,0.0008336266150581144,0.12200960244312442,0.0029276109505743343,0.965,0.001322875655532265
tanh,17,0.09996076822944977,0.002108097235245561,0.97262,0.0008146164741767029,0.11660478988752077,0.0019434854615808616,0.9660666666666667,0.0004932882862315958
tanh,18,0.09513083217703015,0.001948274993089918,0.9738533333333333,0.0006986653944008702,0.1132942199314041,0.0016899378734315993,0.9669,0.0005196152422706861
tanh,19,0.09062767750492123,0.0019625498613826888,0.9752333333333333,0.0006070694633510725,0.10972645128310331,0.0016347841225864748,0.9677666666666666,0.00015275252316517785
tanh,20,0.0865325009684525,0.0019190526739323195,0.9763066666666665,0.0005326662494783144,0.10608903896638922,0.0012592365610242593,0.9687333333333333,0.0009451631252505331
tanh,21,0.08259373087687205,0.001868573090247192,0.9775866666666667,0.0007433258594542449,0.10540423582446701,0.000548043554134085,0.9690333333333333,0.001357694123627719
tanh,22,0.07903592601435426,0.0018505625775418495,0.9784333333333333,0.0006911825615083827,0.10201660121686834,0.002482820287954796,0.9699333333333332,0.0010016652800878105
tanh,23,0.07557170815991517,0.0018996130617291538,0.97962,0.0004503332099678833,0.0998368474382032,0.0016937238181432893,0.971,0.0011532562594670898
tanh,24,0.07249507454249647,0.0017552553736621835,0.9805066666666667,0.0004801388688008582,0.09838791285262909,0.0010311180612859899,0.9707666666666667,0.000665832811847998
tanh,25,0.06961518819325345,0.0016922420768082942,0.9814066666666666,0.0004801388688007742,0.09625539511767807,0.0013020905883739337,0.9716666666666667,0.0013203534880225267
tanh,26,0.0667982140947348,0.0016445022597156855,0.9821733333333333,0.0003920884254008703,0.09463506850183272,0.0008526096239095587,0.9717666666666666,0.0005859465277082822
tanh,27,0.06417860368181456,0.0016458019010421037,0.9830800000000001,0.0006630233781701022,0.092334612039126,0.0008190025660470547,0.9727333333333333,0.0007767453465154329
tanh,28,0.06164254116484461,0.001582680894335494,0.9838,0.000608933493905494,0.09135463838019146,0.002243890344916793,0.9726666666666667,0.0019425069712444396
tanh,29,0.05933286659623563,0.001530875062576084,0.98448,0.00046000000000001595,0.0904312918009403,0.0011762385974773797,0.973,0.0009539392014169206
tanh,30,0.05715909577438665,0.0013604459901898447,0.9852933333333334,0.0005419717089787223,0.08882226502384112,0.0005827490966879166,0.9730333333333333,0.0009073771725877528
tanh,31,0.05507125510504388,0.0013480536163521545,0.9860466666666666,0.0006268439465555427,0.08767694421305615,0.0009543830979386517,0.9736333333333334,0.0009237604307034117
tanh,32,0.05307105118316874,0.0012211631721415707,0.98646,0.000497594212184978,0.08609392485402362,0.0014003406745789551,0.9736333333333334,0.001792577287966495
tanh,33,0.05123460027811838,0.0011656907128706024,0.9870933333333333,0.00044015148907317086,0.08471045533812836,0.0016073368114437538,0.9745666666666667,0.001913983629327409
tanh,34,0.04929670561002847,0.0011280993195809102,0.9876999999999999,0.00038626415831652166,0.08486681378516682,0.0008640983070036818,0.9740000000000001,0.0005291502622129386
tanh,35,0.0478281463919212,0.001105360405887768,0.9881000000000001,0.00032186953878859167,0.08272146435234716,0.0012289759222244556,0.9749,0.000888819441731589
tanh,36,0.04613210783052119,0.000945731990400811,0.9886466666666666,0.0004717343885423031,0.08260347037176093,0.0019845623317639774,0.9752666666666667,0.0015885003409924511
tanh,37,0.044531839138726305,0.000974903271029674,0.9893333333333333,0.0002830783166074797,0.08216535473378596,0.0007660451169070609,0.9749666666666666,0.0014571661996262612
tanh,38,0.043021999719013486,0.0009028026525984773,0.9898333333333333,9.865765724628295e-05,0.08091084570469402,0.0013500664446147793,0.9761666666666667,0.000971253485622258
tanh,39,0.04169688820800499,0.00082799168364971,0.9902333333333333,6.429100507323553e-05,0.07973078145935297,0.0011014261028072137,0.9758333333333334,0.0009073771725877823
tanh,40,0.04030965721420682,0.000820429787068364,0.9908933333333333,0.00042063444144924096,0.08014813006715107,0.0011597054365579621,0.9758999999999999,0.0007549834435270984
tanh,41,0.03900607226121603,0.0008267627312457947,0.9911533333333332,0.00016165807537312182,0.07891759321697846,0.0002670876875377388,0.976,0.0007000000000000617
tanh,42,0.03775020423672915,0.0007633420404850996,0.9915266666666667,0.00018147543451754015,0.07874192508983356,0.0006402531838554465,0.9758333333333334,0.0008020806277011155
tanh,43,0.03658257735908897,0.0006638596963117663,0.9919466666666666,0.0002830783166074901,0.07809335431019387,0.0013929438448420657,0.9763000000000001,0.000888819441731539
tanh,44,0.03540173206933787,0.0006724766303905463,0.9922866666666668,0.0003354598833442092,0.07789698359510877,0.001917092169666531,0.9762,0.0014177446878757536
tanh,45,0.034307056365855966,0.0006147223266004274,0.99262,0.00036055512754644,0.07752028329116066,0.0006326073531687185,0.9763999999999999,0.0011269427669584524
tanh,46,0.033208989868980326,0.0005073990700589302,0.9929266666666666,0.00030615900008550904,0.07726661070419853,0.0007027928573699596,0.9769333333333333,0.0005773502691896423
tanh,47,0.032242690806098186,0.0005494871557907966,0.9933399999999999,0.00017088007490636558,0.07691084711361774,0.001333381370705742,0.9763666666666667,0.0012055427546683647
tanh,48,0.03131128378446547,0.0005529182856980226,0.9935533333333333,0.0002900574655707467,0.07563207770473011,0.00042608211364840226,0.9765666666666667,0.0006110100926607901
tanh,49,0.030347788398371267,0.0004891213830103484,0.99402,0.00019078784028337336,0.07576107200151767,0.0015366250122377772,0.9765333333333333,0.0012220201853215802
tanh,50,0.02947392653404334,0.000462710157995488,0.9941533333333333,7.023769168570249e-05,0.07507872628852975,0.0010441775795464081,0.9771333333333333,0.0010066445913694585
tanh,51,0.028627558290422277,0.0004602481516059415,0.9944733333333332,0.00015534906930308112,0.07503745509412006,0.00025068275559312584,0.9772,0.0006244997998398488
tanh,52,0.02781346607159163,0.0003563943581105357,0.9947933333333333,0.0001616580753730726,0.07491738920751562,0.000678637828800642,0.9772,0.0007000000000000022
tanh,53,0.0269844462045544,0.0004132107934236667,0.9948866666666666,0.00016165807537311266,0.07450053399181468,0.0003673962793089789,0.9775666666666667,0.0005033222956846722
tanh,54,0.026178151528674795,0.0003827259924019637,0.9952466666666666,8.082903768653344e-05,0.07411849937098665,0.0002201656409406865,0.9775333333333333,0.0009712534856222307
tanh,55,0.025504275796519548,0.00034159045860917506,0.9953,0.00018330302779825944,0.07406506589081022,0.00030814546564853553,0.9771666666666666,0.0006027713773341774
tanh,56,0.024706167255432718,0.0002922682187759459,0.99558,0.00017435595774159754,0.07391285811998993,0.0009345347773373015,0.9777,0.0006244997998399
tanh,57,0.024082158081416522,0.00031430082922234134,0.9958666666666667,0.00015275252316517785,0.07320831230140408,0.0011334026076279921,0.9775333333333333,0.001357694123627716
tanh,58,0.023403894109396983,0.0002532572693591679,0.9959600000000001,0.00012165525060594916,0.07290838208941303,0.0013505575255899104,0.9777,0.000818535277187287
tanh,59,0.022749997455487322,0.0002933529801976373,0.9962399999999999,0.00017088007490635422,0.0725615741173401,0.0006703302421096303,0.9779,0.0009539392014169541
tanh,60,0.022117469340166254,0.0002411338110273579,0.9965266666666667,9.865765724629607e-05,0.07251670722925783,0.0011172193124637502,0.9774333333333334,0.0009291573243177701
tanh,61,0.02154920337775462,0.00021450995577077973,0.9966200000000001,1.9999999999922857e-05,0.07248725865579102,0.0011273265042392394,0.9779,0.00115325625946708
tanh,62,0.020990457422660102,0.00020239801276905335,0.9968933333333333,0.00014742229591659778,0.07230564351094353,0.0014104439700043019,0.9777333333333335,0.00040414518843269356
tanh,63,0.020393912919923488,0.00026417045862811296,0.99694,0.0001732050807568927,0.07240995969922871,0.0006552560537408151,0.9780333333333333,0.0002516611478423306
tanh,64,0.01989167956113104,0.00014065763863246013,0.9971800000000001,6.000000000003225e-05,0.07219986940666075,0.0006346088710095189,0.9782333333333334,0.00047258156262522936
tanh,65,0.01938165880925841,0.00017019287347546692,0.99734,0.0001562049935180974,0.072349141157347,0.0007374013003736836,0.9780000000000001,0.0007211102550927955
tanh,66,0.018890622597236586,0.00011142699154413656,0.9975066666666667,7.023769168572092e-05,0.07233517015459791,0.0005363419565427189,0.9775333333333333,0.0007571877794400642
tanh,67,0.018405661704755733,0.00013922640823521497,0.9975666666666667,7.023769168565507e-05,0.07202524341111465,0.0005150589078961651,0.9783666666666667,0.0005507570547286621
tanh,68,0.01792545864253975,0.00012381632763990867,0.9976333333333334,6.110100926606933e-05,0.0716880780181709,0.001119131824319258,0.9779,0.0008185352771872939
tanh,69,0.017528107123721572,0.00013505240819707795,0.9978600000000001,0.00012489995996799286,0.07199997704644567,0.0007329400925340906,0.9784333333333333,0.0006110100926607871
tanh,70,0.017060938230800904,0.00012542133103906572,0.9979066666666667,8.082903768650597e-05,0.0718135580181115,0.00037284400148428497,0.9783,0.0007810249675906594
tanh,71,0.016654757969156036,0.00010885456305041998,0.9980133333333333,0.00011718930554164824,0.07153748020417398,0.0009523230851847284,0.9782666666666667,0.0006027713773341774
tanh,72,0.016265713900272972,0.00013629884885070788,0.9981399999999999,0.00015620499351810983,0.07160772616553435,0.0007054788585817341,0.9784,0.0007810249675906594
tanh,73,0.01580433627680786,0.00012596455068454517,0.9983066666666667,4.6188021535224266e-05,0.07117053593878093,0.00037558296459405357,0.9785333333333334,0.0004932882862316501
tanh,74,0.015480494557502793,7.256727751342539e-05,0.9983066666666667,0.0001616580753731264,0.07105160237193597,0.0005501677802201791,0.9783333333333334,0.000873689494805391
tanh,75,0.015104764849580192,0.00010972635591083764,0.9984733333333334,0.00010066445913693187,0.07130521913419148,0.0003684741933976048,0.9783,0.0006928203230275547
tanh,76,0.014747775578357837,7.726864740001965e-05,0.9984999999999999,0.00011135528725654978,0.0711240134160437,0.0015207038241428917,0.9785,0.0009539392014169221
tanh,77,0.014420337248557081,1.5992839111529872e-05,0.9986333333333333,4.163331998933318e-05,0.07122625942330497,0.0008866384523974202,0.9785666666666666,0.0004509249752822552
tanh,78,0.014083635620110724,5.9719181147981945e-05,0.9986466666666667,0.00012055427546684268,0.07096867380945872,0.0005917643242494556,0.9787,0.0006244997998398555
tanh,79,0.013765604099243494,5.889022430357697e-06,0.9986799999999999,7.211102550922104e-05,0.07130867980015766,0.0007940396934410285,0.9784,0.0010583005244258299
tanh,80,0.013480982907020288,6.663839172437815e-05,0.9988066666666667,4.16333199893554e-05,0.07088792496949343,0.0005871441469569872,0.9783666666666666,0.0005686240703077474
tanh,81,0.013165810125336816,4.7437379250275525e-05,0.9988133333333332,6.110100926605417e-05,0.07068874700330278,0.0007602947783867182,0.9784333333333333,0.0004932882862316501
tanh,82,0.012890718066499655,5.4856386279887015e-05,0.9988666666666667,4.6188021535224266e-05,0.07094480596333191,0.0008267499235947652,0.9785666666666666,0.0007234178138070557
tanh,83,0.012595394864358208,4.756117602622585e-05,0.9989333333333333,6.429100507324416e-05,0.07126095788066948,0.0010581238601078062,0.9781666666666666,0.0003055050463304314
tanh,84,0.012353054646956052,3.198302809825251e-05,0.9989533333333332,4.618802153520023e-05,0.07117889179834158,0.0005696175831814169,0.9784333333333333,0.0005033222956847752
tanh,85,0.012070072571184002,1.8451132016932444e-05,0.9991066666666667,4.6188021535224266e-05,0.0707975057095963,0.0007527084093260027,0.9786,0.0008185352771872396
tanh,86,0.01182415918693757,4.750659291824341e-05,0.9990666666666667,5.0332229568474214e-05,0.07099195065653148,0.0005951720782110601,0.9786666666666667,0.0005507570547285773
tanh,87,0.011561251348686736,5.095627159491856e-05,0.99914,8.717797887082424e-05,0.0712877848457217,0.000641848943240678,0.9784333333333333,0.0006658328118478847
tanh,88,0.011314920379260142,5.681235233093475e-05,0.9991133333333333,5.7735026918956215e-05,0.07110319321069723,0.00017514169997009368,0.9785,0.0005291502622129752
tanh,89,0.011098885539266344,4.4399129862142964e-05,0.9991733333333334,4.163331998932429e-05,0.07078480943910681,0.0010491058415918453,0.9787666666666667,0.0010115993936995553
tanh,90,0.01087416069269894,3.7987859134826094e-05,0.9992599999999999,5.291502622132375e-05,0.07078077724458771,0.00035418775632480395,0.9784,0.0008185352771871735
tanh,91,0.010645357585707982,4.928026618358348e-05,0.9992666666666666,3.055050463300589e-05,0.07085848450905981,0.0008179973843297319,0.9787333333333333,0.0007505553499465418
tanh,92,0.010437586157154339,3.7990360553510287e-05,0.9993333333333334,3.05505046330816e-05,0.07077099880722558,0.0009853721392416612,0.9783333333333334,0.0009073771725877833
tanh,93,0.01022153884227404,6.0027153839815025e-05,0.9993866666666666,4.618802153520023e-05,0.07064755224188124,0.0005903409527362189,0.9791666666666666,0.0007767453465154525
tanh,94,0.010040768429482304,5.978125588653443e-05,0.9993533333333332,5.0332229568466855e-05,0.0708787921461478,0.0007240067044688615,0.9790666666666666,0.0008504900548115811
tanh,95,0.009827867088891116,7.498861642418845e-05,0.9994,6.000000000001837e-05,0.07088569949088967,0.0013189168339525765,0.9789,0.0006244997998398777
tanh,96,0.009649016152258542,5.9446593908864464e-05,0.99938,1.9999999999922857e-05,0.07091476403990059,0.0005423464451010052,0.9789666666666667,0.0005859465277082712
tanh,97,0.009457131106637146,7.234008346662688e-05,0.9994999999999999,3.46410161513561e-05,0.07089680513605932,0.00048044427482253356,0.9788333333333333,0.0007637626158259982
tanh,98,0.0092753629206211,6.913712818471687e-05,0.99948,3.46410161513561e-05,0.07078716943987433,0.0005311319718948845,0.9787666666666667,0.00045092497528226744
tanh,99,0.009124014478420634,6.70654627921506e-05,0.9994733333333334,1.1547005383804064e-05,0.07095995942180593,0.0007567461208188853,0.9789333333333333,0.0008504900548115555
tanh,100,0.00894920355286178,8.72936364712421e-05,0.9994999999999999,3.46410161513561e-05,0.07103506569027983,0.000447270821515483,0.9785333333333334,0.0007371114795831389
