training_size,seed,epoch,train_loss,train_accuracy,validation_loss,validation_accuracy
5000,654571,1,2.256179669559718,0.2912,2.138358968113727,0.4824
5000,654571,2,1.7618632510217884,0.619,1.3506749544791756,0.5976
5000,654571,3,0.9783409203542418,0.7696,0.7826865978185706,0.8017
5000,654571,4,0.6713495119178777,0.8294,0.7427868757163263,0.7622
5000,654571,5,0.549212725750954,0.8562,0.5551222902967906,0.8328
5000,654571,6,0.47596203470268794,0.8708,0.5379698279611105,0.8269
5000,654571,7,0.43293499242079625,0.8804,0.46869775778670136,0.8539
5000,654571,8,0.4010014989768409,0.8874,0.4305986132738001,0.8704
5000,654571,9,0.37781013054916346,0.8932,0.4222160752392446,0.8736
5000,654571,10,0.3597235192474718,0.8962,0.5223798875141306,0.8337
5000,654571,11,0.3512089747352304,0.898,0.39712511135575895,0.8798
5000,654571,12,0.3304968679891018,0.9036,0.38676888787415326,0.8804
5000,654571,13,0.3189747921897129,0.908,0.3588669477076483,0.8912
5000,654571,14,0.3083926704545522,0.9102,0.3566033397840373,0.8965
5000,654571,15,0.2972852632403417,0.915,0.6912617123117578,0.7808
5000,654571,16,0.30428367788218913,0.9132,0.33082215130136416,0.9025
5000,654571,17,0.2803944886180027,0.9198,0.36880349359086706,0.8839
5000,654571,18,0.27379715928470516,0.9212,0.3214873166786478,0.9023
5000,654571,19,0.2634469656408989,0.9268,0.325876744417093,0.9037
5000,654571,20,0.25588384283537247,0.9258,0.32444409375841726,0.9039
5000,654571,21,0.2508700219537129,0.927,0.3502240481989794,0.8913
5000,654571,22,0.2453162088189827,0.9296,0.37692452252249925,0.8852
5000,654571,23,0.2395764957286791,0.931,0.32361739380519683,0.9036
5000,654571,24,0.23128348325411238,0.9318,0.3414862603706763,0.8939
5000,654571,25,0.22583880494987876,0.9352,0.32291344251249027,0.9006
5000,654571,26,0.21937160681424128,0.9374,0.2993202213871951,0.9118
5000,654571,27,0.2129998643062496,0.9398,0.33528414337430884,0.8983
5000,654571,28,0.2093363452176212,0.9402,0.3587211972156586,0.8914
5000,654571,29,0.20658248709023613,0.94,0.41036565063914787,0.8733
5000,654571,30,0.20306715197592667,0.9426,0.2858756661135484,0.9136
5000,654571,31,0.19289242448149138,0.945,0.2963853647002172,0.9122
5000,654571,32,0.18772660353824497,0.9492,0.39847489149360954,0.8692
5000,654571,33,0.18617591988719207,0.9484,0.5293078292472335,0.8374
5000,654571,34,0.1871860595745286,0.9448,0.30589194665904196,0.9114
5000,654571,35,0.1752799912225302,0.9496,0.27632299883223105,0.9183
5000,654571,36,0.16897327792044084,0.9536,0.2724133271014596,0.9188
5000,654571,37,0.16304922134305022,0.9566,0.30339380153125883,0.9085
5000,654571,38,0.16200713932329958,0.9546,0.286929687336627,0.912
5000,654571,39,0.15634651402838778,0.9556,0.3171238646926877,0.9049
5000,654571,40,0.15443463155311432,0.957,0.27340663740439425,0.9178
5000,654571,41,0.15004177422562986,0.9582,0.48166051110878927,0.8487
5000,654571,42,0.1498974590781148,0.9584,0.2708729902407325,0.9203
5000,654571,43,0.14145893163519718,0.9616,0.47706503606629186,0.8519
5000,654571,44,0.1455949767637458,0.9586,0.27897517417854634,0.9168
5000,654571,45,0.1364436445952846,0.9616,0.2665241510064576,0.921
5000,654571,46,0.13177139961944945,0.9642,0.2642080977653016,0.921
5000,654571,47,0.12906385675922769,0.9652,0.2628505748961866,0.9215
5000,654571,48,0.12569705287694805,0.968,0.2854847823090111,0.9135
5000,654571,49,0.12375555144882477,0.967,0.25978912110748065,0.9219
5000,654571,50,0.1192808326808149,0.9698,0.26331032226546836,0.9213
5000,654571,51,0.11640256629258479,0.9696,0.26080442438539286,0.9224
5000,654571,52,0.11314110832492218,0.9706,0.29262408503856435,0.913
5000,654571,53,0.11274545903620456,0.9714,0.27647844963588947,0.9173
5000,654571,54,0.11026144333400288,0.9738,0.2604038560456009,0.9216
5000,654571,55,0.10603940797156429,0.9734,0.30240375444088125,0.9112
5000,654571,56,0.10755292889321143,0.973,0.2593382091945343,0.922
5000,654571,57,0.1010705316845566,0.9752,0.2585338562817882,0.9219
5000,654571,58,0.09890728856485333,0.9768,0.25780502098097313,0.9222
5000,654571,59,0.09653152350496809,0.9788,0.25992929241856,0.9219
5000,654571,60,0.0947402120379657,0.9786,0.5278212970421264,0.8509
5000,654571,61,0.10588574367552069,0.9754,0.3060030312061414,0.9059
5000,654571,62,0.09227366454266456,0.979,0.26626826531944026,0.9198
5000,654571,63,0.08869851591718965,0.9798,0.2575238501559055,0.9232
5000,654571,64,0.08600379915204479,0.9818,0.25788268431349753,0.9223
5000,654571,65,0.08413173380904408,0.9804,0.2577851149363749,0.9231
5000,654571,66,0.0824216308673152,0.982,0.2902385340745434,0.9114
5000,654571,67,0.0819486326681106,0.9828,0.2686501502270134,0.9203
5000,654571,68,0.07966436478982092,0.9822,0.2539111389917919,0.9261
5000,654571,69,0.0769210753575096,0.9852,0.2838772715956967,0.9154
5000,654571,70,0.07632117984375227,0.9838,0.2542294230186739,0.9242
5000,654571,71,0.07295606033648622,0.9864,0.25907598124657416,0.9225
5000,654571,72,0.07153765320465505,0.9864,0.2547466724654319,0.9248
5000,654571,73,0.06979775071152554,0.9874,0.26664157772095914,0.9194
5000,654571,74,0.06833595421398345,0.9878,0.25459426921860207,0.9251
5000,654571,75,0.06643729322497537,0.9894,0.25391210195278563,0.9254
5000,654571,76,0.06470348704847982,0.9892,0.27182520766012513,0.9216
5000,654571,77,0.06523627237027572,0.9884,0.2551512239978756,0.9256
5000,654571,78,0.06232810078773692,0.9894,0.27219483284765295,0.9187
5000,654571,79,0.062271876446947,0.99,0.2543875293528731,0.9266
5000,654571,80,0.059295496542020876,0.9902,0.2574209154343341,0.9258
5000,654571,81,0.05870077148028612,0.991,0.254971600874885,0.926
5000,654571,82,0.056761663144664645,0.9918,0.2741108401173407,0.9182
5000,654571,83,0.056527125681893574,0.99,0.2732225363978395,0.922
5000,654571,84,0.05515980442727515,0.9912,0.3205291770600922,0.9038
5000,654571,85,0.05946409387601799,0.9898,0.2645480678775003,0.9244
5000,654571,86,0.05377642153229631,0.991,0.2532162792492419,0.9272
5000,654571,87,0.05085210867896096,0.992,0.2888875492189701,0.9147
5000,654571,88,0.05102140759925008,0.9922,0.2574232107079598,0.9267
5000,654571,89,0.049076806513636786,0.9934,0.2755379215243929,0.9189
5000,654571,90,0.05022619085387164,0.9918,0.257055640624875,0.9263
5000,654571,91,0.04726679899850775,0.9938,0.2568411409200839,0.927
5000,654571,92,0.04590231131104923,0.9942,0.2545885361420344,0.9282
5000,654571,93,0.04454373813600535,0.9948,0.2754864923967416,0.9221
5000,654571,94,0.04525824186743692,0.994,0.2576779534551474,0.9272
5000,654571,95,0.043229989417791076,0.995,0.26272376086777954,0.9268
5000,654571,96,0.04212631707773595,0.9946,0.25942557701275915,0.9267
5000,654571,97,0.0411652214316808,0.9948,0.25605346296681436,0.9293
5000,654571,98,0.04017795628885225,0.9946,0.2600594925093401,0.9283
5000,654571,99,0.03927335790393684,0.9956,0.27262147874911313,0.925
5000,654571,100,0.0392358651360444,0.9954,0.37323042510024124,0.8947
5000,89250,1,2.2565779038374227,0.3356,2.1308268738642626,0.2602
5000,89250,2,1.7495724194771454,0.5938,1.3188884770384157,0.6347
5000,89250,3,0.9927934773519417,0.7624,0.8323310943913277,0.7589
5000,89250,4,0.6819752815769595,0.8218,0.7239035628658206,0.7465
5000,89250,5,0.5542064550640199,0.849,0.5835189344108674,0.8111
5000,89250,6,0.4794237847279154,0.8662,0.564660932668784,0.8072
5000,89250,7,0.43859116826080236,0.8778,0.4890469942038999,0.8347
5000,89250,8,0.4016765994955396,0.8872,0.4360842294821169,0.8708
5000,89250,9,0.378973847856731,0.8928,0.40615217752369787,0.875
5000,89250,10,0.3585305062667468,0.8984,0.3847774855222172,0.8863
5000,89250,11,0.34413946444994853,0.9024,0.37700532444775564,0.8865
5000,89250,12,0.3290724985037818,0.9066,0.3881809504724673,0.8827
5000,89250,13,0.31752962509312127,0.9078,0.3442142456379672,0.8966
5000,89250,14,0.3057219316257961,0.9122,0.37903874584991976,0.8756
5000,89250,15,0.297110160435641,0.9168,0.3535798004427242,0.8931
5000,89250,16,0.2862801128361573,0.9184,0.3249351230638483,0.9033
5000,89250,17,0.2752969782280876,0.9202,0.3314176641277658,0.899
5000,89250,18,0.26747542232256294,0.9264,0.3629494486937463,0.891
5000,89250,19,0.26094223072865547,0.9244,0.31597090616645174,0.9043
5000,89250,20,0.25286997637957775,0.9262,0.3385294206332371,0.9006
5000,89250,21,0.24725698680070163,0.9308,0.3560855495748532,0.8956
5000,89250,22,0.24232738769058193,0.9286,0.3408498415523086,0.8901
5000,89250,23,0.23513203934191243,0.9322,0.3021302249509612,0.9084
5000,89250,24,0.22475925078644562,0.9352,0.30348657276972063,0.9058
5000,89250,25,0.2206950823201735,0.9378,0.3413268380623178,0.8998
5000,89250,26,0.21677781325481593,0.9388,0.2915933782556955,0.9128
5000,89250,27,0.20732128439590297,0.9412,0.33070343884078063,0.9024
5000,89250,28,0.20391478584494274,0.9422,0.2926119596930785,0.9118
5000,89250,29,0.196636463934866,0.9466,0.35709821844462397,0.8886
5000,89250,30,0.19788097632075238,0.9454,0.2799432475126224,0.9175
5000,89250,31,0.18749072849225035,0.9466,0.2878302435077843,0.914
5000,89250,32,0.18236527643802958,0.95,0.3281065292008283,0.9019
5000,89250,33,0.17908748353970508,0.9492,0.29525502594274977,0.9122
5000,89250,34,0.1745677129834924,0.9516,0.27292727999525535,0.9195
5000,89250,35,0.1679794726933377,0.9536,0.351304013246549,0.8924
5000,89250,36,0.1672949868655776,0.9512,0.29971212464961666,0.9096
5000,89250,37,0.1614486002378527,0.9576,0.4200456512969223,0.8659
5000,89250,38,0.16144596096532018,0.9558,0.2808088596493375,0.9169
5000,89250,39,0.15269617195161314,0.9598,0.26723898549147707,0.922
5000,89250,40,0.14988166203832393,0.9588,0.2844323328322713,0.9163
5000,89250,41,0.14591202452539337,0.9608,0.26551585420600066,0.9206
5000,89250,42,0.1403928128812417,0.9632,0.32671463986501803,0.8979
5000,89250,43,0.14044079453430205,0.9606,0.2622970602911376,0.9234
5000,89250,44,0.13383358374460988,0.9652,0.28034496785704116,0.9155
5000,89250,45,0.13305521934619943,0.9652,0.31396887072197344,0.9052
5000,89250,46,0.13011450256982313,0.9654,0.2775442920379368,0.9166
5000,89250,47,0.12593304667440483,0.9674,0.2940391474353798,0.9094
5000,89250,48,0.12291415108548497,0.9662,0.257109349790906,0.9242
5000,89250,49,0.1184113959514801,0.9688,0.4968154545795029,0.8525
5000,89250,50,0.12466317573831932,0.9674,0.27633179282360437,0.9177
5000,89250,51,0.1160823503189782,0.9702,0.26650228315605673,0.9216
5000,89250,52,0.1112766965150143,0.9728,0.25774038103889285,0.9242
5000,89250,53,0.10772373603005565,0.9718,0.2575260400485736,0.9259
5000,89250,54,0.10624106180513807,0.9732,0.2546773066522771,0.9252
5000,89250,55,0.10274660098978315,0.9748,0.36286828526875164,0.8876
5000,89250,56,0.10575197774787563,0.9742,0.2546198878094721,0.9255
5000,89250,57,0.09861890159866453,0.9756,0.3457396330411199,0.8944
5000,89250,58,0.10203521682968741,0.9732,0.25188248578728395,0.9262
5000,89250,59,0.09428982156835027,0.9772,0.25917978204030434,0.9243
5000,89250,60,0.09203661962594041,0.9772,0.30268366710501426,0.9095
5000,89250,61,0.0925668958320005,0.9764,0.2644817714800466,0.9219
5000,89250,62,0.08831239767701875,0.9786,0.25147593365810206,0.9251
5000,89250,63,0.08545919410005194,0.9792,0.25495043557407693,0.925
5000,89250,64,0.08386887378871549,0.9808,0.2509312876812468,0.9271
5000,89250,65,0.08096671111124605,0.9822,0.274711621772287,0.9208
5000,89250,66,0.08123198239297132,0.9814,0.26870831411519175,0.9227
5000,89250,67,0.07894679408124657,0.9816,0.3015728615338903,0.9104
5000,89250,68,0.07818073594698205,0.983,0.3143576289371632,0.904
5000,89250,69,0.08107280439758403,0.983,0.26972266838848286,0.922
5000,89250,70,0.07424329299226934,0.9846,0.27084629491963913,0.9217
5000,89250,71,0.07274992314257513,0.9834,0.2540459836409228,0.9257
5000,89250,72,0.07049079534995041,0.9858,0.25108138665151997,0.9266
5000,89250,73,0.06820647536872476,0.9868,0.24990845163227537,0.9266
5000,89250,74,0.06660675053801063,0.986,0.2490583752792028,0.927
5000,89250,75,0.06524562117797411,0.987,0.25318634407100726,0.9252
5000,89250,76,0.06386819324198727,0.9872,0.3129814869145776,0.9082
5000,89250,77,0.06627972575546352,0.9864,0.2616093403497892,0.9253
5000,89250,78,0.061879970213221405,0.9874,0.255502237448701,0.9263
5000,89250,79,0.05964781470738877,0.989,0.2522785068567365,0.9256
5000,89250,80,0.05840352546758464,0.9902,0.25216450712549493,0.9275
5000,89250,81,0.05724703701085476,0.9902,0.25046335605919945,0.9282
5000,89250,82,0.0560082820909374,0.9908,0.3758908871758423,0.8916
5000,89250,83,0.06320502599009732,0.9862,0.33897575476102243,0.9
5000,89250,84,0.05620328191727587,0.9906,0.25169224762911324,0.9264
5000,89250,85,0.05275517915068964,0.9912,0.25228440892387854,0.9273
5000,89250,86,0.051191177084730095,0.9916,0.28901974183265017,0.9166
5000,89250,87,0.05186543235941053,0.9906,0.26999139883266643,0.9234
5000,89250,88,0.05015335019035303,0.9916,0.2676093872160812,0.922
5000,89250,89,0.04869188322296625,0.9924,0.25379452869490843,0.9265
5000,89250,90,0.04682319828048056,0.9924,0.2635083006762288,0.9258
5000,89250,91,0.04697938569856114,0.9924,0.2841924487174213,0.9161
5000,89250,92,0.04660015356613296,0.9932,0.255256711421381,0.9261
5000,89250,93,0.043968289744171,0.9936,0.2705122522344027,0.9208
5000,89250,94,0.044483670551759044,0.9936,0.25312811556348036,0.9277
5000,89250,95,0.04221385767164985,0.9944,0.2531999500040905,0.9276
5000,89250,96,0.04154495323719956,0.995,0.26207596243857134,0.9268
5000,89250,97,0.041369351020650535,0.995,0.2529385446167296,0.9277
5000,89250,98,0.039867791330693354,0.9956,0.30267208001044893,0.9148
5000,89250,99,0.04147259850154044,0.9936,0.25286331653881455,0.9277
5000,89250,100,0.03865386098272985,0.9948,0.2542795845880962,0.9275
5000,773955,1,2.2514667964392068,0.3216,2.121073418738959,0.483
5000,773955,2,1.7305390963117935,0.6026,1.2755276376420672,0.6644
5000,773955,3,0.976295837718552,0.7696,0.8158864508071811,0.7734
5000,773955,4,0.6769036269075882,0.8244,0.7177178596265622,0.7749
5000,773955,5,0.5510796700125856,0.8548,0.5990638148816464,0.828
5000,773955,6,0.48127578389604286,0.8722,0.5076127389439287,0.843
5000,773955,7,0.4322213365866189,0.8788,0.4813648961002564,0.8592
5000,773955,8,0.40243577878238024,0.885,0.48223680945354647,0.8554
5000,773955,9,0.38124175020470513,0.8926,0.46682841622320265,0.8474
5000,773955,10,0.35941490868117904,0.896,0.3954260204875371,0.8735
5000,773955,11,0.3420627531973851,0.9022,0.3767452858634531,0.8884
5000,773955,12,0.3311742568887433,0.9048,0.37960430129740613,0.8851
5000,773955,13,0.31678034631967994,0.9114,0.48955159037897855,0.8373
5000,773955,14,0.31329431888093257,0.9072,0.3743261487870585,0.8862
5000,773955,15,0.29901023397659265,0.9134,0.3399785824657511,0.8965
5000,773955,16,0.2876594091488974,0.9186,0.4157415694325351,0.869
5000,773955,17,0.2829612528868261,0.9194,0.44158431813421467,0.8674
5000,773955,18,0.2761159194373614,0.9204,0.31694326647531645,0.9062
5000,773955,19,0.2618331111200148,0.9254,0.34068677985346646,0.8979
5000,773955,20,0.25499040503482895,0.9252,0.30929274272663715,0.9088
5000,773955,21,0.2492115583678232,0.9304,0.3591899127052825,0.8887
5000,773955,22,0.24370321717504867,0.933,0.41100107384280066,0.8725
5000,773955,23,0.23964187045165336,0.9312,0.5264318752940605,0.8397
5000,773955,24,0.23628508256834826,0.9318,0.30207315650405314,0.9097
5000,773955,25,0.2236344559792009,0.9332,0.3009349667694141,0.9103
5000,773955,26,0.21813887104454707,0.937,0.3000327138449089,0.9076
5000,773955,27,0.21172599316813426,0.9396,0.4120992168561004,0.8721
5000,773955,28,0.21109965430634048,0.94,0.28958038381183737,0.913
5000,773955,29,0.20183224968765598,0.9448,0.5803662080024096,0.8077
5000,773955,30,0.20662931115255173,0.94,0.30909913413661044,0.9064
5000,773955,31,0.192853782955351,0.9454,0.30174276283866946,0.9078
5000,773955,32,0.18635770710610847,0.946,0.28201490839415866,0.9145
5000,773955,33,0.18056245448128994,0.9492,0.280789701465839,0.9143
5000,773955,34,0.17577749962380904,0.9506,0.2959158180879417,0.9092
5000,773955,35,0.17297542457386172,0.9524,0.27648657072780414,0.9173
5000,773955,36,0.16717922345871777,0.9532,0.2774255013375896,0.9176
5000,773955,37,0.16261225922289588,0.9544,0.2729230380682926,0.9179
5000,773955,38,0.1580873661596269,0.9554,0.27106846369942655,0.9207
5000,773955,39,0.15449724441695933,0.9574,0.35929923448008516,0.8906
5000,773955,40,0.15625806120036423,0.9584,0.30009858952596424,0.9124
5000,773955,41,0.1493298852089273,0.9606,0.2704083478019992,0.9188
5000,773955,42,0.14488406404551257,0.9616,0.31608718301747246,0.9033
5000,773955,43,0.14449404772561505,0.9618,0.26483882118386454,0.9218
5000,773955,44,0.1368950504940543,0.9646,0.2668925408470805,0.9232
5000,773955,45,0.13311058929217173,0.9646,0.2674807575295005,0.9208
5000,773955,46,0.1299564802742031,0.9654,0.2636119535441372,0.922
5000,773955,47,0.12741694054486885,0.9678,0.2659550692853646,0.9208
5000,773955,48,0.12380404164035537,0.9676,0.2646943553936046,0.9216
5000,773955,49,0.12063903417524248,0.9692,0.27594494321973845,0.9193
5000,773955,50,0.1187469874608078,0.9708,0.26079021918701945,0.9239
5000,773955,51,0.11458329990867554,0.9702,0.2663528170467057,0.9221
5000,773955,52,0.11173521837510353,0.973,0.2697123054599391,0.9198
5000,773955,53,0.11050513497742245,0.9718,0.259414648571718,0.9241
5000,773955,54,0.10643039025556522,0.9746,0.2965555518671748,0.9108
5000,773955,55,0.10658452351488236,0.9736,0.31767523073740106,0.9024
5000,773955,56,0.10439594329751142,0.974,0.2749997864026546,0.9189
5000,773955,57,0.10069335876592286,0.9764,0.40158938446309056,0.8815
5000,773955,58,0.10268850236339853,0.9754,0.35181048810715426,0.8951
5000,773955,59,0.09910445609056925,0.9752,0.30557225069875454,0.9076
5000,773955,60,0.09488991325896043,0.9778,0.2529320719082808,0.9253
5000,773955,61,0.08995130854078373,0.9802,0.283970848868647,0.9145
5000,773955,62,0.08966838758419607,0.9804,0.2555120560530582,0.9229
5000,773955,63,0.08556555107838948,0.9804,0.2556228738853416,0.9249
5000,773955,64,0.08379526201232848,0.9822,0.25641672794010123,0.9254
5000,773955,65,0.08183154358737602,0.9816,0.36115996607803225,0.8917
5000,773955,66,0.08414915563394453,0.9814,0.2625482770259985,0.9226
5000,773955,67,0.07871060034526607,0.9846,0.2650935115031561,0.9228
5000,773955,68,0.07643749898124748,0.9856,0.2687263491885155,0.9216
5000,773955,69,0.07479036517719012,0.9858,0.255885581704809,0.9267
5000,773955,70,0.07308297345238222,0.9858,0.25160789457925914,0.9257
5000,773955,71,0.07093309974870471,0.9854,0.28402346904648196,0.9144
5000,773955,72,0.07119988550323049,0.9858,0.2533838427401769,0.926
5000,773955,73,0.06779118633194756,0.9886,0.25459631042323266,0.9259
5000,773955,74,0.06588992926705231,0.9884,0.26694778328030716,0.9231
5000,773955,75,0.06474407174012355,0.9886,0.25237136473010147,0.9256
5000,773955,76,0.06259437494000716,0.9886,0.25239099908282026,0.9268
5000,773955,77,0.0618366945145835,0.9902,0.2518602757075492,0.9265
5000,773955,78,0.05991736879049306,0.99,0.25397855242640105,0.9264
5000,773955,79,0.058364018428617326,0.9902,0.26420367770625103,0.9232
5000,773955,80,0.058456004023863514,0.99,0.2510135610330532,0.9264
5000,773955,81,0.055841567780954435,0.9916,0.25227508316328284,0.9268
5000,773955,82,0.0553443026926256,0.991,0.25158317715433004,0.9271
5000,773955,83,0.053457071429043365,0.9922,0.2576175644152059,0.9264
5000,773955,84,0.053128143831598376,0.9922,0.2518477665175676,0.9262
5000,773955,85,0.05095905653720923,0.9926,0.25410682634221454,0.9263
5000,773955,86,0.05047289311759526,0.9922,0.2574512725313421,0.9236
5000,773955,87,0.04987061712706802,0.9918,0.26284291662241777,0.9233
5000,773955,88,0.04835875467252146,0.994,0.25952683490415956,0.9255
5000,773955,89,0.0473673849186727,0.9936,0.2521282695423031,0.927
5000,773955,90,0.046011416530586505,0.9942,0.29316216005979384,0.9166
5000,773955,91,0.04752567268301826,0.9928,0.25543363340419567,0.9272
5000,773955,92,0.04437221344897948,0.9946,0.26448555632003373,0.9249
5000,773955,93,0.04403811983296155,0.9938,0.48610324681513994,0.8666
5000,773955,94,0.049303344610068446,0.9916,0.2544950589467738,0.9267
5000,773955,95,0.04151445700890609,0.995,0.2540928615433816,0.9274
5000,773955,96,0.04043630507041846,0.9946,0.25396669790412846,0.9273
5000,773955,97,0.03975358849800139,0.9954,0.25226189353117334,0.9279
5000,773955,98,0.03856466803917784,0.9956,0.25475960514336105,0.9275
5000,773955,99,0.03810270167192946,0.9962,0.25191351482034213,0.9285
5000,773955,100,0.03716679837883156,0.9958,0.31706344159342426,0.9093
10000,654571,1,2.024644067792331,0.4552,1.3103189524060679,0.6968
10000,654571,2,0.8407487297104164,0.7969,0.6733719086782691,0.7987
10000,654571,3,0.5208393578169417,0.863,0.5339216403929202,0.8387
10000,654571,4,0.42809331702349357,0.8806,0.4263412366669209,0.8713
10000,654571,5,0.38000844349259544,0.8906,0.440792927061935,0.8617
10000,654571,6,0.3504925579127165,0.9011,0.4136028390638563,0.8719
10000,654571,7,0.3270429441445824,0.9049,0.4234623086150194,0.8658
10000,654571,8,0.310135274550922,0.9106,0.3256075219622386,0.9045
10000,654571,9,0.2947800085259743,0.9149,0.311045211452828,0.9085
10000,654571,10,0.28214479302001105,0.9198,0.3199890432058806,0.9055
10000,654571,11,0.2718051143812714,0.9218,0.3094743276943767,0.9115
10000,654571,12,0.26145322563576806,0.9257,0.3370601694727403,0.8975
10000,654571,13,0.25314768896306544,0.9284,0.28545281938180894,0.9137
10000,654571,14,0.24325476481463348,0.9324,0.27059940804671845,0.9196
10000,654571,15,0.23275600998077933,0.9347,0.26748681355572157,0.9215
10000,654571,16,0.2246319926414129,0.9363,0.26391416288893543,0.9237
10000,654571,17,0.21682914377586593,0.9402,0.25907804779605054,0.9244
10000,654571,18,0.2086664135544932,0.9421,0.26895382346877766,0.9228
10000,654571,19,0.20399563477453234,0.9425,0.2545450371930436,0.927
10000,654571,20,0.1958455268615171,0.9466,0.24897723522098403,0.926
10000,654571,21,0.19026416879540664,0.947,0.23990720632608,0.9312
10000,654571,22,0.18315775850186813,0.9484,0.2441940754826635,0.929
10000,654571,23,0.1777485733824456,0.9505,0.2400880555631938,0.9294
10000,654571,24,0.17281087571640175,0.9525,0.2280258165616387,0.9352
10000,654571,25,0.16673301714720185,0.9542,0.2277982097231894,0.9342
10000,654571,26,0.1616428918706473,0.9563,0.2475539970368137,0.9271
10000,654571,27,0.15664073090325553,0.9573,0.2269899010113158,0.9332
10000,654571,28,0.15202141175466316,0.9583,0.21741256937869938,0.937
10000,654571,29,0.14794233277793692,0.9597,0.236317530176339,0.9298
10000,654571,30,0.14499993379918463,0.9623,0.2270026054686039,0.9337
10000,654571,31,0.1408608153751573,0.9631,0.23197853127617826,0.9314
10000,654571,32,0.13615911714654225,0.9638,0.25321964748366466,0.9231
10000,654571,33,0.13266353733655406,0.9638,0.2085288567193416,0.9381
10000,654571,34,0.12908584301339168,0.9667,0.2137013814592458,0.937
10000,654571,35,0.12542667728720075,0.9662,0.24790383341275957,0.928
10000,654571,36,0.12231838706793738,0.9677,0.20204088635674786,0.9424
10000,654571,37,0.11744944315888894,0.969,0.19859978718020926,0.9432
10000,654571,38,0.11361104519850061,0.9696,0.197384292379972,0.9412
10000,654571,39,0.1102551440112186,0.9715,0.1979765658693884,0.9421
10000,654571,40,0.1072060089711056,0.9716,0.19694142451456062,0.941
10000,654571,41,0.10437715589811444,0.9739,0.19324708929721338,0.9437
10000,654571,42,0.10170793928624919,0.9716,0.193348185789064,0.9422
10000,654571,43,0.09907350546835701,0.9751,0.19018991335404406,0.9438
10000,654571,44,0.09565570488099089,0.9762,0.1995447604661347,0.9412
10000,654571,45,0.0932923431030439,0.9767,0.1947087744957215,0.9415
10000,654571,46,0.09102122059694316,0.9776,0.19525755167488448,0.9421
10000,654571,47,0.08832923847637512,0.9781,0.2223314459649091,0.9334
10000,654571,48,0.08624171163366985,0.9786,0.18377859484918174,0.9466
10000,654571,49,0.08333299041721753,0.9805,0.20307232149568538,0.9393
10000,654571,50,0.08086680572140058,0.9804,0.19136843146801313,0.9438
10000,654571,51,0.07901811914501458,0.9821,0.25790306976121685,0.9229
10000,654571,52,0.07829370104909171,0.9806,0.1845548912540292,0.9453
10000,654571,53,0.07419756482049304,0.9831,0.1811559240011782,0.9467
10000,654571,54,0.07200451582563144,0.9835,0.18194165141794774,0.9465
10000,654571,55,0.07081592454342588,0.9837,0.18899303171500628,0.9424
10000,654571,56,0.06852813583173042,0.9838,0.18468581913910334,0.9448
10000,654571,57,0.06704148218091155,0.985,0.19157238713195682,0.9413
10000,654571,58,0.0654162351911631,0.9838,0.1760119806175037,0.9486
10000,654571,59,0.06292614128117711,0.9858,0.18470449906320857,0.9454
10000,654571,60,0.06119081131011876,0.9869,0.17683417822039832,0.948
10000,654571,61,0.059428569382189184,0.9872,0.1802983387266796,0.9474
10000,654571,62,0.0579090674316554,0.9883,0.20154400527959332,0.9375
10000,654571,63,0.05724544450847758,0.9876,0.17326008917425956,0.95
10000,654571,64,0.05481629808090296,0.9886,0.17348932843992831,0.9494
10000,654571,65,0.05335671582238432,0.9881,0.1830550408437536,0.9474
10000,654571,66,0.05235209043879402,0.9896,0.18629223959792726,0.9456
10000,654571,67,0.05126867106193459,0.9892,0.17053517978464267,0.9497
10000,654571,68,0.04934292501663821,0.9903,0.17346774562723025,0.9482
10000,654571,69,0.04824089772029165,0.9905,0.17048297385401748,0.9498
10000,654571,70,0.04670885740691113,0.9912,0.17413195269833254,0.9491
10000,654571,71,0.045630757566219406,0.9918,0.1716075245521426,0.9495
10000,654571,72,0.04395488088647483,0.9924,0.17083603448905768,0.9501
10000,654571,73,0.04299441885577092,0.992,0.16879176391204767,0.951
10000,654571,74,0.04154184237062189,0.9921,0.17049348860088628,0.9511
10000,654571,75,0.04105630663955126,0.993,0.16745386609565263,0.9514
10000,654571,76,0.03990457524202742,0.9927,0.16786489729911563,0.9515
10000,654571,77,0.038748019713004206,0.9935,0.18184243144317316,0.9468
10000,654571,78,0.03817276190422246,0.9931,0.16687369463467536,0.9504
10000,654571,79,0.03695522043504708,0.994,0.16781516090612414,0.9504
10000,654571,80,0.03582498178065426,0.9942,0.1679700753037894,0.9511
10000,654571,81,0.03484133614268806,0.9946,0.1684668057106271,0.9519
10000,654571,82,0.0339926383571199,0.9942,0.16749571367897498,0.9526
10000,654571,83,0.032995091625652596,0.9953,0.18332228053887628,0.9458
10000,654571,84,0.032681174387383986,0.9951,0.1697408294432166,0.9512
10000,654571,85,0.03172440123054534,0.9962,0.16676094740014274,0.9521
10000,654571,86,0.030634190066585264,0.996,0.16847829713040569,0.9509
10000,654571,87,0.029815562565204085,0.9964,0.17020507458430015,0.9511
10000,654571,88,0.029414078620476174,0.9966,0.16684136819280285,0.9512
10000,654571,89,0.02834533006748257,0.9968,0.16790554256900864,0.9518
10000,654571,90,0.027837851129411985,0.9969,0.16522474621044114,0.9521
10000,654571,91,0.027090762954918426,0.9973,0.16744359842509848,0.9519
10000,654571,92,0.02661939520289638,0.9974,0.16649499976360854,0.9521
10000,654571,93,0.02616522121130575,0.997,0.16709355047749752,0.9518
10000,654571,94,0.025286052229348693,0.9977,0.16563442064328776,0.9522
10000,654571,95,0.024911162424278828,0.9978,0.16580657387627845,0.9522
10000,654571,96,0.02423436731123129,0.998,0.1693888535627485,0.9524
10000,654571,97,0.023703271557802615,0.998,0.1678176512671709,0.952
10000,654571,98,0.023149787435276147,0.9982,0.16709232765347962,0.9529
10000,654571,99,0.022746607930127928,0.9984,0.16609176098890913,0.9536
10000,654571,100,0.022142364150741566,0.9987,0.17617629764804843,0.9491
10000,89250,1,2.0252368133326066,0.4887,1.3313954960294345,0.6422
10000,89250,2,0.8560083129272429,0.7914,0.631651133209395,0.8236
10000,89250,3,0.5221385618761185,0.8612,0.4701459700401354,0.8666
10000,89250,4,0.4254498561881707,0.8816,0.4149285050157303,0.8792
10000,89250,5,0.3786695968253088,0.8919,0.38246293116665414,0.8887
10000,89250,6,0.3494487901807093,0.9003,0.35332994892831476,0.8981
10000,89250,7,0.32677637318469094,0.9071,0.3442238199108069,0.8951
10000,89250,8,0.3099442751892671,0.9101,0.3192867913882981,0.9068
10000,89250,9,0.29307371894044437,0.9163,0.37669772198744456,0.8891
10000,89250,10,0.28233206526845367,0.9175,0.30819854933116125,0.9089
10000,89250,11,0.2683105630418616,0.9234,0.35290791486110484,0.8912
10000,89250,12,0.26007887031772875,0.9258,0.28875949654497957,0.9128
10000,89250,13,0.2473254169942616,0.93,0.27507986584408994,0.9191
10000,89250,14,0.23788686890033642,0.9317,0.29971779486936984,0.9112
10000,89250,15,0.22984308711160512,0.935,0.28441920226042405,0.9132
10000,89250,16,0.22196656438768714,0.9377,0.32460563326513425,0.901
10000,89250,17,0.21472672810400914,0.9398,0.25184205766231965,0.9272
10000,89250,18,0.20642139575319174,0.9433,0.27329549906051537,0.9186
10000,89250,19,0.19880604572478883,0.9444,0.24094077216439086,0.9287
10000,89250,20,0.19138879280968368,0.9461,0.2783387890055454,0.9166
10000,89250,21,0.1859223434554195,0.9483,0.23459635920173683,0.9315
10000,89250,22,0.17916146321717794,0.9499,0.230422805993238,0.9322
10000,89250,23,0.1727625071745526,0.9518,0.22753266129360072,0.9336
10000,89250,24,0.16731942824082424,0.9549,0.249796455434764,0.9198
10000,89250,25,0.1634862452812529,0.9545,0.22284865879696286,0.9339
10000,89250,26,0.15762220374472682,0.9559,0.2339824442441988,0.9284
10000,89250,27,0.15333041132904315,0.959,0.22323916308082511,0.9338
10000,89250,28,0.14779267181268924,0.9595,0.21854417559962688,0.9346
10000,89250,29,0.143290480485453,0.9618,0.2096533520974125,0.9379
10000,89250,30,0.13952321647820828,0.9616,0.21381670415070558,0.9368
10000,89250,31,0.13563899282894906,0.9633,0.22268564435476323,0.9296
10000,89250,32,0.1311840429319827,0.9654,0.3022322954563856,0.9054
10000,89250,33,0.12882704089882036,0.9669,0.21375484717581775,0.9361
10000,89250,34,0.1238701990857051,0.9675,0.209242823534743,0.9379
10000,89250,35,0.11947871409766135,0.9682,0.20895942037590348,0.9377
10000,89250,36,0.11663619982886958,0.9697,0.19437475705994325,0.9423
10000,89250,37,0.11244333495916083,0.9706,0.20157760388059784,0.9408
10000,89250,38,0.1090244827025427,0.9717,0.19656509456353213,0.9411
10000,89250,39,0.10529519959325227,0.9727,0.1901642329075771,0.9433
10000,89250,40,0.10221496989906892,0.9736,0.19608058406287282,0.9417
10000,89250,41,0.0997619452438171,0.974,0.20193513234885518,0.9394
10000,89250,42,0.0973458458037195,0.9753,0.18334370524644902,0.945
10000,89250,43,0.09398690335029401,0.9763,0.18759855653570046,0.9434
10000,89250,44,0.09091454124543956,0.9769,0.1919170796635864,0.9439
10000,89250,45,0.0890435311651743,0.9775,0.183138220517051,0.9461
10000,89250,46,0.08575207093588035,0.9796,0.18060300154621767,0.9463
10000,89250,47,0.08335444147062378,0.9795,0.17863803560345187,0.9472
10000,89250,48,0.0805774347068593,0.9807,0.17655292244895845,0.9476
10000,89250,49,0.07913110975898734,0.9806,0.18902712656726964,0.943
10000,89250,50,0.07707351018754019,0.9812,0.17998643962648467,0.9476
10000,89250,51,0.07472846808216187,0.9818,0.17496441770708018,0.9475
10000,89250,52,0.07213489254724643,0.9833,0.1836062866530556,0.9444
10000,89250,53,0.07100336311258665,0.9838,0.19141347091365682,0.9412
10000,89250,54,0.06995352749476053,0.9828,0.17776728706698802,0.947
10000,89250,55,0.06622219128997427,0.9846,0.17074904372328528,0.9475
10000,89250,56,0.0644055441341034,0.9855,0.1727513723892072,0.9471
10000,89250,57,0.06317358179562146,0.9858,0.17630133953281563,0.9465
10000,89250,58,0.06179210285405335,0.9866,0.1712640546035268,0.9488
10000,89250,59,0.059569834783743274,0.9864,0.1738694478227074,0.9482
10000,89250,60,0.057600701388233005,0.9882,0.2012287150398604,0.9405
10000,89250,61,0.057014924075548916,0.9873,0.16883013562760363,0.949
10000,89250,62,0.054570442626600255,0.9892,0.17445405325247995,0.9494
10000,89250,63,0.05289364565864954,0.9893,0.1667158479385819,0.9495
10000,89250,64,0.05137397382174305,0.9901,0.1688283861317135,0.9493
10000,89250,65,0.0499165375538933,0.9892,0.17179124698449147,0.9485
10000,89250,66,0.04890065496072502,0.9902,0.18137254258622834,0.944
10000,89250,67,0.047545167670110536,0.9909,0.16773964086297538,0.9493
10000,89250,68,0.0459636601061463,0.9919,0.17174751749816247,0.9489
10000,89250,69,0.045050715312664615,0.9914,0.16993612163624008,0.9486
10000,89250,70,0.04363374116132032,0.9928,0.16827546667363605,0.9495
10000,89250,71,0.042461341047294224,0.9918,0.17114884590597393,0.9486
10000,89250,72,0.04162881073983432,0.9922,0.19601034081696572,0.9406
10000,89250,73,0.041052775731111706,0.992,0.1750239683322947,0.9464
10000,89250,74,0.03919113037842553,0.9933,0.16882692419743867,0.9497
10000,89250,75,0.038114488073756767,0.9938,0.16472833603534034,0.9498
10000,89250,76,0.0369786728597739,0.9941,0.16298803690549477,0.9509
10000,89250,77,0.03620099490482837,0.9941,0.19585399706761236,0.9426
10000,89250,78,0.0367321990621226,0.9935,0.16331165687646285,0.951
10000,89250,79,0.03466445793648428,0.9947,0.16238077646422333,0.9515
10000,89250,80,0.033242628456067874,0.9948,0.16504103873215462,0.9509
10000,89250,81,0.03241347116091747,0.9955,0.1622961157015435,0.9513
10000,89250,82,0.03172416436147626,0.9959,0.16520142877717192,0.9518
10000,89250,83,0.030923155233506982,0.9958,0.16481669831453225,0.9513
10000,89250,84,0.03030653730885342,0.9957,0.16326343101795773,0.9512
10000,89250,85,0.029593196241086223,0.9963,0.16461936722796436,0.9511
10000,89250,86,0.02879941114726128,0.996,0.16348242489977938,0.9511
10000,89250,87,0.028170240628588413,0.9967,0.164421773314357,0.9517
10000,89250,88,0.02757393993285517,0.997,0.1692080973589389,0.9509
10000,89250,89,0.02718785252564366,0.9971,0.17020944156876855,0.9488
10000,89250,90,0.026527246343493738,0.997,0.16421849317522522,0.9521
10000,89250,91,0.025644827470153973,0.9975,0.16304080922944492,0.9514
10000,89250,92,0.024836957535022564,0.998,0.16277494905948298,0.9515
10000,89250,93,0.024415424977565582,0.9979,0.16326687185617988,0.952
10000,89250,94,0.023869958802672075,0.9976,0.16944620336640404,0.9505
10000,89250,95,0.023348359846343498,0.998,0.16246943065382097,0.954
10000,89250,96,0.022874417292368797,0.9984,0.16529055989579314,0.9515
10000,89250,97,0.02231293908294351,0.9984,0.16173782919283639,0.9531
10000,89250,98,0.021746325861930642,0.9986,0.1633833395711162,0.9513
10000,89250,99,0.021375927495279543,0.9986,0.16470030171505556,0.951
10000,89250,100,0.020924814254713382,0.9988,0.1615391458843781,0.9534
10000,773955,1,2.0069094141712487,0.4373,1.3066698153197334,0.6985
10000,773955,2,0.8442232738052806,0.8012,0.6227694866005662,0.8116
10000,773955,3,0.5191641662753991,0.861,0.5372522281544024,0.8354
10000,773955,4,0.4264401891882776,0.8808,0.40578082691621803,0.8825
10000,773955,5,0.37871131323891283,0.8927,0.4025399014952319,0.8805
10000,773955,6,0.35083402511669604,0.8972,0.3623341653805102,0.8949
10000,773955,7,0.32731702108695404,0.9049,0.3889665062548197,0.875
10000,773955,8,0.31100196230902,0.9105,0.3332808985485784,0.9011
10000,773955,9,0.29650674860392673,0.9142,0.3636197341006029,0.8848
10000,773955,10,0.2842375238638132,0.9182,0.33415510948796734,0.903
10000,773955,11,0.2726877214305154,0.9222,0.2962767355802016,0.9124
10000,773955,12,0.261708166271541,0.9254,0.28930474967389497,0.9165
10000,773955,13,0.2519424266862738,0.9287,0.3015149272723518,0.9117
10000,773955,14,0.2439306809494073,0.9297,0.29863770753038227,0.9109
10000,773955,15,0.23511897178786384,0.9348,0.30099803211339127,0.9104
10000,773955,16,0.22801634538017787,0.9376,0.2769176562293144,0.9193
10000,773955,17,0.21907853215300865,0.939,0.2957848960055579,0.9122
10000,773955,18,0.21249529358261388,0.9403,0.25149232141667743,0.9281
10000,773955,19,0.20428591538083646,0.9427,0.25139088897100625,0.929
10000,773955,20,0.1965274023467889,0.9469,0.25362330634047514,0.9273
10000,773955,21,0.19074010348902595,0.947,0.24314521145859636,0.9296
10000,773955,22,0.18557693970948438,0.9484,0.28282613519642674,0.9103
10000,773955,23,0.18016002270391845,0.9509,0.24484694621787553,0.9285
10000,773955,24,0.1735581940810002,0.9522,0.23489725854154803,0.9315
10000,773955,25,0.16711865530088696,0.9544,0.3209014472795336,0.8967
10000,773955,26,0.16506489363462215,0.9559,0.24083312911155216,0.9293
10000,773955,27,0.1579917185935776,0.9579,0.23237409171522228,0.931
10000,773955,28,0.15271593229093092,0.9599,0.22536007675615902,0.9344
10000,773955,29,0.1484399535863883,0.9614,0.24063984012117118,0.9268
10000,773955,30,0.14396874702315693,0.9614,0.21336555122750614,0.9385
10000,773955,31,0.1387873721205904,0.964,0.2275920374228005,0.9313
10000,773955,32,0.1345859690109897,0.9655,0.22446080736362928,0.9337
10000,773955,33,0.13112759885641673,0.966,0.20544723010672278,0.9409
10000,773955,34,0.12653309234767213,0.9668,0.2268727690911536,0.9324
10000,773955,35,0.12340651812719661,0.9683,0.21932500312019457,0.9346
10000,773955,36,0.1202859504135581,0.9684,0.21380881063786542,0.9365
10000,773955,37,0.11623858275225393,0.9686,0.1975742369879321,0.9428
10000,773955,38,0.11173278213401638,0.9707,0.19567047734274867,0.9442
10000,773955,39,0.10846912162194455,0.9717,0.2436472499255108,0.9287
10000,773955,40,0.1065081572829398,0.9717,0.19230569974039008,0.9448
10000,773955,41,0.10189200925249783,0.9743,0.191604707999848,0.9453
10000,773955,42,0.09936633933954277,0.9749,0.19915883430088274,0.9405
10000,773955,43,0.09601566165660307,0.9745,0.2020244819866251,0.9389
10000,773955,44,0.09369861631121626,0.9764,0.22072465768598268,0.9336
10000,773955,45,0.09167985739558195,0.9767,0.18441479742071665,0.946
10000,773955,46,0.0874349756428391,0.9784,0.18428839328778987,0.9469
10000,773955,47,0.08484043992897489,0.9783,0.18324999239500284,0.9471
10000,773955,48,0.08281117120783349,0.979,0.18200218256428327,0.9473
10000,773955,49,0.0802250412949945,0.9798,0.18186594848151372,0.9467
10000,773955,50,0.07815418705484241,0.981,0.1923236087888288,0.9439
10000,773955,51,0.07615951340730376,0.9803,0.17713398141949027,0.9482
10000,773955,52,0.07387580822128903,0.9821,0.1794034421920488,0.948
10000,773955,53,0.07139972038482592,0.983,0.18095857103921664,0.9466
10000,773955,54,0.06903704377649077,0.9832,0.1767651431151296,0.9475
10000,773955,55,0.06781214912198864,0.9841,0.17476247889750943,0.9497
10000,773955,56,0.06491019240806617,0.9841,0.18062973947524882,0.9462
10000,773955,57,0.06336993926611958,0.9859,0.18058191461692383,0.9464
10000,773955,58,0.06150711906819956,0.986,0.19132824367687296,0.944
10000,773955,59,0.061016554898976505,0.9868,0.1719014680247475,0.9502
10000,773955,60,0.05810933036797969,0.9868,0.1805175287665186,0.9472
10000,773955,61,0.05671189044701565,0.9879,0.17055896922230668,0.9502
10000,773955,62,0.05464570687919911,0.9894,0.17656281831788942,0.9465
10000,773955,63,0.05348090237089268,0.9889,0.17473788946153024,0.9487
10000,773955,64,0.052250913332885784,0.9892,0.16968989559464148,0.951
10000,773955,65,0.05044704971063042,0.9899,0.17433311885502661,0.9499
10000,773955,66,0.04916058913342152,0.9911,0.17853719787650765,0.9477
10000,773955,67,0.047718992371910636,0.9913,0.17019281155987126,0.9498
10000,773955,68,0.04655546521977698,0.9915,0.1672602672182201,0.9513
10000,773955,69,0.04448296612460706,0.9914,0.16858203181587578,0.9499
10000,773955,70,0.04402530288213377,0.9921,0.16821500929641145,0.9507
10000,773955,71,0.04266709004137528,0.9931,0.16865345318189545,0.9501
10000,773955,72,0.04161108877651096,0.993,0.20374091890564602,0.9384
10000,773955,73,0.04212148648937699,0.9922,0.1672250052150606,0.9504
10000,773955,74,0.039346780085532954,0.9942,0.16543982873057253,0.9521
10000,773955,75,0.03833518166586257,0.9943,0.1659368322333369,0.9521
10000,773955,76,0.037150596672845315,0.9947,0.1665906103183639,0.9521
10000,773955,77,0.0363920057807536,0.9953,0.16515837373470293,0.9531
10000,773955,78,0.03518813184319359,0.9953,0.16502895246376142,0.9512
10000,773955,79,0.03434770615394168,0.9953,0.16844871136328385,0.9512
10000,773955,80,0.033404097509428396,0.996,0.16410551121715988,0.953
10000,773955,81,0.032312654579946955,0.9962,0.1643110823453841,0.9528
10000,773955,82,0.03166069935225849,0.9965,0.16411334525142446,0.9532
10000,773955,83,0.03095931821192707,0.9967,0.16790855682837413,0.9517
10000,773955,84,0.03017586268930025,0.9962,0.1816546935353463,0.9453
10000,773955,85,0.03042247667322614,0.9965,0.16441197450159706,0.9525
10000,773955,86,0.028750274452236425,0.9972,0.1649593257223039,0.953
10000,773955,87,0.02800385721579897,0.9973,0.1630730271359234,0.9537
10000,773955,88,0.027178465566836348,0.998,0.16730881525587346,0.9519
10000,773955,89,0.026925012502511492,0.9972,0.16482599569876086,0.9533
10000,773955,90,0.026010411166773526,0.9976,0.1689084453133149,0.9518
10000,773955,91,0.025536809747666395,0.9979,0.16886049402183684,0.9503
10000,773955,92,0.02505097158935523,0.9978,0.16653517982776722,0.9536
10000,773955,93,0.024119526242281954,0.9984,0.16877976700293776,0.9524
10000,773955,94,0.023554842320804625,0.9983,0.16861526857131215,0.9524
10000,773955,95,0.023234738908956915,0.9984,0.16408282782397224,0.9536
10000,773955,96,0.02265279802979385,0.9986,0.16475571718115706,0.9541
10000,773955,97,0.022322437777552603,0.9985,0.1638560275315759,0.954
10000,773955,98,0.021782669095784836,0.9985,0.1643681311170161,0.9543
10000,773955,99,0.020999392113633546,0.9987,0.16320611985154546,0.9547
10000,773955,100,0.020751462171490122,0.9986,0.1624845584468185,0.9547
25000,654571,1,1.255196601009126,0.68096,0.5441247242599322,0.8303
25000,654571,2,0.42516049977218373,0.88424,0.3713969575096053,0.8919
25000,654571,3,0.3458691760076525,0.90192,0.3314489152056928,0.9038
25000,654571,4,0.308591074112109,0.91304,0.30491967397491515,0.9115
25000,654571,5,0.2839967015234578,0.9194,0.28263440070757234,0.9175
25000,654571,6,0.26235184035099707,0.92648,0.2605369268674094,0.9263
25000,654571,7,0.24352328869066917,0.93092,0.24827514625044533,0.927
25000,654571,8,0.22828708889964947,0.93568,0.2366631559806725,0.9321
25000,654571,9,0.2139798838604703,0.9406,0.23144569916246574,0.9327
25000,654571,10,0.20143811117002697,0.94348,0.21868138179497615,0.9362
25000,654571,11,0.18997743162956604,0.94704,0.2111492911105358,0.9371
25000,654571,12,0.17952346763096816,0.94864,0.19827695612894433,0.9412
25000,654571,13,0.169896833455337,0.9526,0.19349577843638535,0.9436
25000,654571,14,0.16163423132009863,0.95504,0.19034452048976874,0.9446
25000,654571,15,0.15361895373609924,0.957,0.1799041609490012,0.9484
25000,654571,16,0.1460464584251806,0.95972,0.177387740101988,0.9468
25000,654571,17,0.13945878326911565,0.96168,0.17239956079908092,0.9498
25000,654571,18,0.13316879398388293,0.9634,0.1622034444609425,0.9547
25000,654571,19,0.12668157339724817,0.964,0.1585374440018318,0.9539
25000,654571,20,0.12102150236628763,0.96688,0.1536095578834389,0.9553
25000,654571,21,0.11573592887742991,0.9684,0.1518944940083389,0.9557
25000,654571,22,0.11002241379825102,0.96924,0.15758723556152848,0.9526
25000,654571,23,0.1059513769710408,0.97092,0.14370301060391813,0.9578
25000,654571,24,0.10099980258661277,0.97244,0.14182606184970264,0.9589
25000,654571,25,0.09658069067376664,0.9736,0.14065971607446492,0.9575
25000,654571,26,0.09286962612015794,0.97484,0.13572780884315425,0.9609
25000,654571,27,0.08833045369917339,0.97684,0.13504281666298062,0.9606
25000,654571,28,0.08466380663707643,0.97712,0.13130009400171208,0.962
25000,654571,29,0.08094820772339238,0.97808,0.1292289343915431,0.9616
25000,654571,30,0.07797089049480702,0.9794,0.12867726017610992,0.9624
25000,654571,31,0.07466866918895008,0.9806,0.12539433660177157,0.9624
25000,654571,32,0.0714435589521599,0.9808,0.12404522903778302,0.963
25000,654571,33,0.06880841796917775,0.9824,0.1253076652410548,0.9619
25000,654571,34,0.0659163011861996,0.98364,0.12041736977911714,0.9638
25000,654571,35,0.06301269440116412,0.98428,0.11869315117552551,0.965
25000,654571,36,0.06079467452774587,0.98428,0.12290123683653938,0.9635
25000,654571,37,0.058574113895818736,0.98588,0.11852596985186349,0.9653
25000,654571,38,0.055852065673912904,0.98628,0.1183801325867596,0.9651
25000,654571,39,0.0540204965077618,0.9876,0.1170468074174862,0.9656
25000,654571,40,0.051923479708544044,0.98776,0.11377233818633442,0.9664
25000,654571,41,0.04991787632941539,0.98896,0.11610345041863657,0.9649
25000,654571,42,0.048201556321855694,0.98888,0.11165023864300165,0.967
25000,654571,43,0.04641947976820197,0.98936,0.11011100273488866,0.9678
25000,654571,44,0.04432681317578208,0.98992,0.11203509688540035,0.9681
25000,654571,45,0.0432488241703432,0.99064,0.10981771745797114,0.9687
25000,654571,46,0.04145809653968905,0.99108,0.10818255525354659,0.968
25000,654571,47,0.039970158345290996,0.9916,0.108457913623605,0.9681
25000,654571,48,0.038570838915645334,0.9918,0.11233662816909142,0.9681
25000,654571,49,0.037209130737468246,0.99244,0.10620449433781778,0.968
25000,654571,50,0.03569465819343925,0.99312,0.1147964215311269,0.9677
25000,654571,51,0.03478256093898069,0.99324,0.10566476241050478,0.97
25000,654571,52,0.03327941917460545,0.99392,0.10707000030517368,0.969
25000,654571,53,0.032254304213633955,0.99468,0.10611269138293954,0.9691
25000,654571,54,0.03101285768877881,0.99452,0.10673555980662044,0.969
25000,654571,55,0.030052243124346595,0.99496,0.10836116951040271,0.9676
25000,654571,56,0.02897399842694661,0.99544,0.10797068283879686,0.9683
25000,654571,57,0.028032152003718183,0.9958,0.10472865526249757,0.9705
25000,654571,58,0.027034332954954866,0.99608,0.10402533614347563,0.9702
25000,654571,59,0.026176650597169778,0.99616,0.10593465754586683,0.9693
25000,654571,60,0.025514570672326244,0.99644,0.1036135779166927,0.9701
25000,654571,61,0.024465307096113557,0.99656,0.101896035616206,0.9708
25000,654571,62,0.02377603860705629,0.99668,0.1026980534676837,0.9697
25000,654571,63,0.02299109207036238,0.997,0.10393275722063672,0.9698
25000,654571,64,0.02241265013930343,0.99704,0.1032504522208283,0.97
25000,654571,65,0.02165036888399076,0.9974,0.1024617209311396,0.9705
25000,654571,66,0.020808812562341628,0.9974,0.1033318516650321,0.9704
25000,654571,67,0.020363683558142557,0.99768,0.10546211548216768,0.9696
25000,654571,68,0.019747925679966846,0.99796,0.10288338052728256,0.9708
25000,654571,69,0.01920541160021281,0.99776,0.10286075552389855,0.9702
25000,654571,70,0.018663853854824553,0.99788,0.10197948655015737,0.9707
25000,654571,71,0.018021508902976064,0.99812,0.10401152717453001,0.97
25000,654571,72,0.01753133685531766,0.99836,0.10233488366129609,0.9707
25000,654571,73,0.0169308853357869,0.99848,0.10365817375611455,0.9703
25000,654571,74,0.016547520579918335,0.99852,0.10428753674625786,0.9699
25000,654571,75,0.016023972594734905,0.9988,0.10260881256475823,0.971
25000,654571,76,0.01559572142683989,0.99884,0.10217648176993153,0.9702
25000,654571,77,0.015295880715267222,0.99892,0.1023651633017263,0.9717
25000,654571,78,0.014972056161219693,0.99884,0.10360468973281889,0.9713
25000,654571,79,0.014481950213565119,0.99904,0.10255558892522804,0.9712
25000,654571,80,0.014060917506039973,0.99892,0.10249150449161046,0.9709
25000,654571,81,0.01369750049360156,0.99912,0.1030534819993844,0.9714
25000,654571,82,0.01337435015868061,0.99912,0.10363759954617041,0.9703
25000,654571,83,0.012979933964605823,0.99928,0.10281955692693821,0.972
25000,654571,84,0.012658290203700821,0.99924,0.1023898484272845,0.9709
25000,654571,85,0.012394686972822476,0.99932,0.10229928740007597,0.9712
25000,654571,86,0.01197549392304219,0.99932,0.10323869332200607,0.9707
25000,654571,87,0.011749281819098333,0.99944,0.1027477802426885,0.9709
25000,654571,88,0.011507644831543906,0.9994,0.10335635885679456,0.9712
25000,654571,89,0.011291465451582546,0.99932,0.10277180594689267,0.9715
25000,654571,90,0.010972085482302319,0.99948,0.10478439131778983,0.971
25000,654571,91,0.010776068655791855,0.99944,0.10346012416833418,0.9711
25000,654571,92,0.010488801703532129,0.99944,0.10267890050691733,0.9708
25000,654571,93,0.0102232333747005,0.99948,0.10495201221192117,0.9715
25000,654571,94,0.010063823709394895,0.9996,0.10300688935659948,0.9715
25000,654571,95,0.009767455886880565,0.9996,0.10334030034896025,0.9716
25000,654571,96,0.00954812289333395,0.99964,0.10420868922764594,0.9713
25000,654571,97,0.009396137787498437,0.99956,0.10262245391098725,0.9717
25000,654571,98,0.009142854528273327,0.9996,0.10338203883627682,0.9722
25000,654571,99,0.009018093261521422,0.99964,0.10308114119807288,0.9716
25000,654571,100,0.008782830837057843,0.99972,0.10434507232301005,0.9707
25000,89250,1,1.2625233808135208,0.66976,0.5244538343331194,0.8566
25000,89250,2,0.42540510930945297,0.88168,0.3922289451391309,0.8831
25000,89250,3,0.34303187957245146,0.90284,0.3563654126056531,0.8952
25000,89250,4,0.3059876013876856,0.91312,0.30073655882695643,0.9135
25000,89250,5,0.2783131840276924,0.92108,0.27854097609341877,0.9174
25000,89250,6,0.25553561534196084,0.92852,0.256813718985023,0.9259
25000,89250,7,0.23712654250582407,0.93372,0.24806040269238847,0.9278
25000,89250,8,0.22087215898372736,0.93876,0.24666218525885478,0.9259
25000,89250,9,0.2073054426467011,0.94244,0.22559775204413426,0.9329
25000,89250,10,0.19339983074185316,0.94696,0.21665329617572648,0.9367
25000,89250,11,0.1817965319968653,0.94908,0.20090493800098985,0.9414
25000,89250,12,0.17170594475508416,0.95148,0.1902594548678959,0.9441
25000,89250,13,0.16202766301645935,0.95452,0.1809081710404245,0.9473
25000,89250,14,0.1528330695423143,0.95712,0.1760359293711602,0.9477
25000,89250,15,0.14466314319681053,0.95984,0.16936840382077648,0.9507
25000,89250,16,0.13712519570023043,0.96176,0.16533586323179755,0.9521
25000,89250,17,0.13015392106174156,0.96424,0.16682776728322915,0.9512
25000,89250,18,0.12387149545444358,0.96584,0.16006195427517475,0.953
25000,89250,19,0.11804422407318689,0.96804,0.14999211950521285,0.9555
25000,89250,20,0.11265938224765139,0.96884,0.1465047135688611,0.956
25000,89250,21,0.10764060623188865,0.97052,0.14764392137592502,0.9567
25000,89250,22,0.10241940966985805,0.97252,0.14014532475134722,0.9588
25000,89250,23,0.09758724748799372,0.97376,0.13733522183228677,0.959
25000,89250,24,0.09322482996364782,0.9752,0.1389096768164233,0.9581
25000,89250,25,0.08946639852944491,0.9754,0.13828810522735135,0.9584
25000,89250,26,0.08499309322776695,0.97704,0.12929503799730188,0.9615
25000,89250,27,0.08167779711407407,0.9778,0.12925954350312738,0.962
25000,89250,28,0.07848846466508919,0.97928,0.1379294432806325,0.9585
25000,89250,29,0.07540576389558958,0.98008,0.12232503742831555,0.963
25000,89250,30,0.07223980680425421,0.98104,0.12481322768069483,0.9631
25000,89250,31,0.0690912561988422,0.98116,0.12015347366504023,0.9646
25000,89250,32,0.06631547394644229,0.98336,0.12188299713821679,0.9641
25000,89250,33,0.06374046477309164,0.98356,0.12082256960756195,0.9656
25000,89250,34,0.061294083413991764,0.98428,0.1174302782795779,0.9658
25000,89250,35,0.0590738581280131,0.98536,0.12623224345294679,0.9618
25000,89250,36,0.05691327341374976,0.98544,0.11292129053004431,0.9673
25000,89250,37,0.054385758954606844,0.98644,0.1240773897594107,0.9623
25000,89250,38,0.05257823312108831,0.98736,0.1111670432413829,0.9664
25000,89250,39,0.050655859524695826,0.98824,0.11282694194518267,0.9678
25000,89250,40,0.048772184548260905,0.98852,0.11023693523376367,0.9652
25000,89250,41,0.04715036637682503,0.9888,0.11540580912201756,0.9649
25000,89250,42,0.0453950537328472,0.9896,0.10942715960378425,0.968
25000,89250,43,0.04382752350603594,0.99016,0.11097295698800638,0.968
25000,89250,44,0.04203551324627946,0.9908,0.10729185565930655,0.9674
25000,89250,45,0.040603604049784275,0.99148,0.11173858087575306,0.967
25000,89250,46,0.039123327365671284,0.99192,0.10719078885743467,0.9676
25000,89250,47,0.037772034182251536,0.99248,0.10721220882221698,0.9671
25000,89250,48,0.03650146497258579,0.99276,0.1079334296482019,0.9673
25000,89250,49,0.035450136941147195,0.99332,0.10894076842132626,0.9667
25000,89250,50,0.034117156726712755,0.99344,0.10893261642340171,0.9678
25000,89250,51,0.03303458506061612,0.99364,0.10506619053228552,0.9689
25000,89250,52,0.03186350181153286,0.99412,0.1077478415996904,0.967
25000,89250,53,0.030911005545510038,0.99428,0.10525950163287466,0.9691
25000,89250,54,0.029977908347437104,0.99464,0.10819562442413604,0.9684
25000,89250,55,0.028985368450003636,0.995,0.10508088708779514,0.9694
25000,89250,56,0.027946531029041436,0.99516,0.10508280959467402,0.9689
25000,89250,57,0.02716843690474845,0.9958,0.10482722917336268,0.9687
25000,89250,58,0.026176975859003648,0.99612,0.10446791644596105,0.9689
25000,89250,59,0.025316013796025504,0.99596,0.10442732932871984,0.9698
25000,89250,60,0.02477281045164482,0.99632,0.10419327866087101,0.9684
25000,89250,61,0.023842337980650365,0.99652,0.10380783880075531,0.9692
25000,89250,62,0.023080427650114,0.997,0.10444897942884177,0.9692
25000,89250,63,0.02242379714815429,0.99676,0.10411212764913773,0.9695
25000,89250,64,0.02180878212255275,0.99692,0.10415664878662728,0.9694
25000,89250,65,0.02121681655636554,0.9976,0.1046460828620058,0.9697
25000,89250,66,0.020457870838110365,0.99748,0.10517614412602774,0.9695
25000,89250,67,0.019919615062909294,0.9976,0.10470709148964011,0.9697
25000,89250,68,0.019413788124161543,0.99784,0.1047898439172072,0.9696
25000,89250,69,0.018898297831705328,0.99772,0.10490896956685726,0.9695
25000,89250,70,0.01839512237906816,0.998,0.11224352552256235,0.9666
25000,89250,71,0.017851565687354003,0.99792,0.10427477938445025,0.9699
25000,89250,72,0.017284521733321685,0.9984,0.10434956984292683,0.9699
25000,89250,73,0.01677767840588942,0.99836,0.10424464533064506,0.9699
25000,89250,74,0.016296509504226602,0.99848,0.10568155309672596,0.9696
25000,89250,75,0.016037310566781295,0.99856,0.10465155699685161,0.9698
25000,89250,76,0.015488343068625053,0.99868,0.10484355767491117,0.9703
25000,89250,77,0.015153076674789453,0.99888,0.10555681707706067,0.9701
25000,89250,78,0.014742470322616347,0.9988,0.10562814602963017,0.9699
25000,89250,79,0.014426529884103836,0.99896,0.10422236180232865,0.9704
25000,89250,80,0.013938675128708748,0.9992,0.10477465705249549,0.9705
25000,89250,81,0.013694104400732524,0.99908,0.10511327950134883,0.9698
25000,89250,82,0.013279349647804504,0.99912,0.10537039515394413,0.9704
25000,89250,83,0.013055102893344028,0.99916,0.10509225230379957,0.97
25000,89250,84,0.012718195635542337,0.99912,0.1045703414220061,0.9706
25000,89250,85,0.012471667947910145,0.9992,0.10579577195254156,0.9702
25000,89250,86,0.012138587658222524,0.99916,0.10616561353326942,0.97
25000,89250,87,0.011821546920795241,0.99928,0.10615785024992226,0.9701
25000,89250,88,0.011497527388789784,0.99928,0.10623691866434216,0.9702
25000,89250,89,0.011248568186859157,0.99936,0.10715827071785743,0.9702
25000,89250,90,0.01103703689970845,0.99936,0.10645517490909094,0.97
25000,89250,91,0.010734448089493975,0.9994,0.10616659956043996,0.9706
25000,89250,92,0.010506978519621157,0.99948,0.10606483566058143,0.9702
25000,89250,93,0.010335316589966172,0.99956,0.10721706083945405,0.9708
25000,89250,94,0.010102245641620917,0.99956,0.10809136186282824,0.9698
25000,89250,95,0.009906424105439649,0.99956,0.10715801797296301,0.9705
25000,89250,96,0.009607846907850154,0.99956,0.10738814078997887,0.9705
25000,89250,97,0.009399998470273197,0.99964,0.1079176155243105,0.9706
25000,89250,98,0.009254480222858881,0.99972,0.10760622450507135,0.9705
25000,89250,99,0.009097313170556912,0.99972,0.10790804194500486,0.9706
25000,89250,100,0.008924648917934146,0.9996,0.10775904012775968,0.9709
25000,773955,1,1.2529060557480343,0.65376,0.5245317951792067,0.8602
25000,773955,2,0.4240591886715641,0.88276,0.37373110895783024,0.8916
25000,773955,3,0.342494651276132,0.90364,0.3291554155600583,0.9049
25000,773955,4,0.30629997661768643,0.9142,0.3021363788796037,0.9126
25000,773955,5,0.2793467029545473,0.92168,0.2891479291978664,0.9148
25000,773955,6,0.25883270588400764,0.92748,0.26991346156514284,0.9219
25000,773955,7,0.24074008541771819,0.93316,0.250968819107589,0.9254
25000,773955,8,0.22425526525371695,0.93616,0.23292757573583636,0.9338
25000,773955,9,0.20906659187009072,0.94148,0.22762124468176353,0.9339
25000,773955,10,0.19628506733384168,0.9456,0.21384963871750876,0.9387
25000,773955,11,0.18392659992453864,0.94832,0.20432801781478546,0.9416
25000,773955,12,0.1729422618521455,0.9518,0.2034203986576341,0.9396
25000,773955,13,0.1630586150219851,0.95452,0.19326128336836879,0.9429
25000,773955,14,0.15416633383639203,0.95736,0.17788286793527763,0.9472
25000,773955,15,0.14494860610490118,0.95976,0.1782357482860645,0.9468
25000,773955,16,0.13749547806410595,0.96128,0.1633736648917855,0.9519
25000,773955,17,0.130306883444982,0.9638,0.16447743183565564,0.9519
25000,773955,18,0.12405497987961951,0.96576,0.15402015946319958,0.956
25000,773955,19,0.11759384583280216,0.96676,0.15233946427681616,0.9536
25000,773955,20,0.11210334284535066,0.96908,0.14966944942377441,0.9567
25000,773955,21,0.10702366120810175,0.97024,0.1399772236270379,0.9604
25000,773955,22,0.10234348618155784,0.97196,0.14224951577294323,0.9581
25000,773955,23,0.09767897238920155,0.9736,0.14022592843597273,0.9601
25000,773955,24,0.09334915867931273,0.97484,0.13258909375061362,0.9612
25000,773955,25,0.08938722626200586,0.976,0.13204868275637663,0.9611
25000,773955,26,0.08573951872565477,0.97704,0.12934133534272946,0.9619
25000,773955,27,0.08193326741702002,0.97788,0.12735493341556847,0.9625
25000,773955,28,0.07846704179838512,0.97936,0.12688408645299515,0.9625
25000,773955,29,0.07560411269613039,0.97972,0.12441631695179994,0.9635
25000,773955,30,0.0723500222013425,0.98112,0.12207660054413311,0.9644
25000,773955,31,0.06915270565126543,0.9822,0.1236325217654898,0.9636
25000,773955,32,0.06651681703425502,0.9824,0.1205292745982747,0.9635
25000,773955,33,0.06411415391062582,0.9834,0.11712319878907893,0.9659
25000,773955,34,0.06151115514981383,0.98388,0.11757399448210815,0.9655
25000,773955,35,0.05926406492930136,0.98552,0.11738726696542387,0.9663
25000,773955,36,0.057083085328392714,0.98544,0.11392239495633098,0.9674
25000,773955,37,0.05477463995959641,0.98632,0.11983793819153785,0.9634
25000,773955,38,0.05296804951492895,0.98676,0.11149208874873627,0.9677
25000,773955,39,0.05091341761147144,0.98788,0.10887920816267685,0.9685
25000,773955,40,0.04868283467792026,0.98844,0.11190536933411178,0.968
25000,773955,41,0.047453731224511166,0.9894,0.10941349412988569,0.9679
25000,773955,42,0.04582529729222462,0.98972,0.10735938942955982,0.9685
25000,773955,43,0.0437718290827831,0.9902,0.10657039254561348,0.9684
25000,773955,44,0.04237807285257835,0.991,0.10892554801619292,0.9674
25000,773955,45,0.04110920587525057,0.99104,0.10579870186109942,0.9689
25000,773955,46,0.0396537679104071,0.99184,0.10736751881767356,0.9691
25000,773955,47,0.038305784212583516,0.99232,0.10862103411400312,0.9674
25000,773955,48,0.03706872042278923,0.99228,0.1061495129841357,0.9694
25000,773955,49,0.035886008887366705,0.99288,0.10532574862668444,0.9683
25000,773955,50,0.03463276924138335,0.9934,0.1060868241110278,0.9676
25000,773955,51,0.033456242021106114,0.99376,0.10372175313429,0.9692
25000,773955,52,0.032280593979071244,0.994,0.10560094060383723,0.9686
25000,773955,53,0.03130463724472192,0.99428,0.10352053041277527,0.9682
25000,773955,54,0.03022871960500738,0.99468,0.10421315302563464,0.97
25000,773955,55,0.029280847217468913,0.99516,0.10265780829486341,0.9712
25000,773955,56,0.028254176581620404,0.99528,0.10315396969416751,0.97
25000,773955,57,0.02752767912770863,0.99548,0.10274334054737846,0.9708
25000,773955,58,0.026680142026572044,0.99592,0.1032881951594501,0.9697
25000,773955,59,0.02569494466795057,0.99636,0.10279065237811742,0.9705
25000,773955,60,0.025045542620879446,0.99648,0.10172581427535506,0.9698
25000,773955,61,0.024283105172844908,0.99628,0.1050283661941993,0.9703
25000,773955,62,0.02349718681094057,0.99692,0.10338554178080873,0.9703
25000,773955,63,0.02293828673688431,0.99704,0.1013295924039614,0.9703
25000,773955,64,0.022144255683413813,0.99716,0.10188523008702927,0.9707
25000,773955,65,0.021482524866593054,0.99708,0.10115592753153868,0.9709
25000,773955,66,0.020817507689939885,0.99724,0.10223239995358283,0.9708
25000,773955,67,0.02038047308632172,0.99752,0.10110442002526543,0.9713
25000,773955,68,0.019665801490151465,0.9974,0.10361583372170781,0.9706
25000,773955,69,0.019290343902823047,0.99796,0.10330600064359448,0.9714
25000,773955,70,0.01866331354267608,0.99784,0.10290463217005211,0.9706
25000,773955,71,0.01820572681877259,0.99816,0.10099793410553531,0.9709
25000,773955,72,0.017632975748231784,0.99808,0.10137691839259774,0.9706
25000,773955,73,0.017257946797357232,0.99832,0.1020464832294014,0.9709
25000,773955,74,0.016711558079992726,0.99832,0.10139983101235113,0.9707
25000,773955,75,0.016352331996279234,0.9986,0.10184525002529131,0.9719
25000,773955,76,0.015965591748954445,0.99844,0.10143132317073676,0.9715
25000,773955,77,0.01545919943741739,0.99856,0.10276458676699997,0.9708
25000,773955,78,0.015078133168412214,0.99872,0.10167237116202567,0.971
25000,773955,79,0.014654788813880881,0.99864,0.10222704880611085,0.9717
25000,773955,80,0.014394075611666715,0.99876,0.10423315275640241,0.9716
25000,773955,81,0.014124903666886207,0.99876,0.10200913879830614,0.9713
25000,773955,82,0.013731591049425684,0.99896,0.10213847015965187,0.9712
25000,773955,83,0.013406817844518592,0.99892,0.10230257296839515,0.9715
25000,773955,84,0.01308133810912755,0.99912,0.10250122763079253,0.9717
25000,773955,85,0.01280839493187012,0.99908,0.1038109798352651,0.9713
25000,773955,86,0.012444665414189078,0.99916,0.1021087895344285,0.9715
25000,773955,87,0.012180735199645824,0.9992,0.10266854872812589,0.9717
25000,773955,88,0.011878852363473056,0.99932,0.10190814386690358,0.9714
25000,773955,89,0.011640852293022435,0.99916,0.10174641728452095,0.9717
25000,773955,90,0.01136394804448741,0.99932,0.10243990999908374,0.9711
25000,773955,91,0.011185535886326245,0.99948,0.1025866712972836,0.9716
25000,773955,92,0.010906466043359776,0.9994,0.1033834067724764,0.9718
25000,773955,93,0.010688223392545377,0.99944,0.10263640287313153,0.9714
25000,773955,94,0.01038150658395886,0.99952,0.102857225204993,0.9718
25000,773955,95,0.010235674158886128,0.99956,0.10227492428662083,0.9724
25000,773955,96,0.010025209606101924,0.99948,0.10341110234664448,0.972
25000,773955,97,0.009779945942464431,0.99952,0.10305617118415578,0.9723
25000,773955,98,0.009601836777947566,0.9996,0.10326006013628766,0.9718
25000,773955,99,0.009409809813667342,0.99956,0.10433027155248699,0.9725
25000,773955,100,0.009227693794016207,0.99964,0.10406547348132954,0.9719
50000,654571,1,0.8446819489435512,0.77508,0.3746676211741877,0.8906
50000,654571,2,0.3350782799520653,0.90476,0.2966905803918377,0.9137
50000,654571,3,0.28102559055410054,0.92086,0.27227731146190065,0.9205
50000,654571,4,0.2442710725345858,0.93106,0.22964931848022196,0.9332
50000,654571,5,0.21606188501991289,0.93914,0.20676583317906747,0.9409
50000,654571,6,0.19449601993200052,0.94576,0.1911387628340549,0.9452
50000,654571,7,0.17747308957111937,0.95,0.177787797543335,0.9481
50000,654571,8,0.16261174402944198,0.95452,0.16512202109141422,0.9514
50000,654571,9,0.14999266747253948,0.95828,0.15521176932437974,0.9553
50000,654571,10,0.13886631380247652,0.9616,0.1474210440419078,0.9583
50000,654571,11,0.12859063828172296,0.9638,0.14246065643622646,0.9575
50000,654571,12,0.12013170424381861,0.96598,0.13230676844834002,0.9626
50000,654571,13,0.11231929148437929,0.96892,0.12708449096631283,0.9627
50000,654571,14,0.10528516376706414,0.9705,0.1222960511248775,0.9647
50000,654571,15,0.09870650252838212,0.97304,0.1160791955831885,0.9663
50000,654571,16,0.09295151489796852,0.9742,0.11460970832501878,0.9676
50000,654571,17,0.08719981955569749,0.9763,0.11089564735709603,0.9675
50000,654571,18,0.08234694200868911,0.97748,0.10478715917492794,0.9701
50000,654571,19,0.0774932774135458,0.97874,0.10603411495607165,0.9684
50000,654571,20,0.07388584203709707,0.9799,0.09921368758699622,0.9715
50000,654571,21,0.06993178689338723,0.98108,0.09939694815471427,0.9696
50000,654571,22,0.06640154895397715,0.98226,0.0964519366270337,0.9712
50000,654571,23,0.06309507211548736,0.98332,0.09250828992337981,0.9724
50000,654571,24,0.06029857814808803,0.98392,0.0938903946166398,0.9722
50000,654571,25,0.0574664274022131,0.9846,0.08920872409340153,0.9726
50000,654571,26,0.054799362431453384,0.98542,0.08938198087475355,0.9745
50000,654571,27,0.05236080210999504,0.98608,0.08902338222642595,0.9731
50000,654571,28,0.04997105213146555,0.98704,0.08799741060544586,0.9733
50000,654571,29,0.04768414291138848,0.98778,0.08866022884145329,0.9739
50000,654571,30,0.045663804684281495,0.9881,0.08460427015707374,0.9735
50000,654571,31,0.043785360110204195,0.98912,0.08278892083968759,0.9739
50000,654571,32,0.04200115435901962,0.9892,0.08210919380443436,0.9754
50000,654571,33,0.04035092213671518,0.9902,0.08123600230791347,0.975
50000,654571,34,0.038722486350125235,0.99064,0.08045846196111613,0.9745
50000,654571,35,0.03726501548349101,0.9909,0.07943009141829244,0.9754
50000,654571,36,0.03572852250995079,0.99166,0.07876137398102354,0.975
50000,654571,37,0.034343129518843545,0.99214,0.07970390685240335,0.9753
50000,654571,38,0.03288028252714406,0.99236,0.07980037268342612,0.9757
50000,654571,39,0.0318933152009047,0.99268,0.07744596002839443,0.9761
50000,654571,40,0.03046013010120211,0.99332,0.07683693176572508,0.9761
50000,654571,41,0.029349762715026123,0.9935,0.07739050232890306,0.9763
50000,654571,42,0.02812827740007182,0.9939,0.0777582181795684,0.9768
50000,654571,43,0.027206349224026767,0.99418,0.07687132916402249,0.9762
50000,654571,44,0.02619196839909314,0.99452,0.07927938524730808,0.9752
50000,654571,45,0.02529448178464283,0.99498,0.07625631237917979,0.9763
50000,654571,46,0.02441042263537306,0.9951,0.07481795965003876,0.9774
50000,654571,47,0.02348994303852434,0.99554,0.07502360184433746,0.9765
50000,654571,48,0.02268024360847096,0.99586,0.07594030334973266,0.9774
50000,654571,49,0.02191085758471381,0.9961,0.07618783379413512,0.9773
50000,654571,50,0.02104827706797287,0.99628,0.07480446735089703,0.9774
50000,654571,51,0.020444875146204664,0.9966,0.0742174242219407,0.9777
50000,654571,52,0.019810505489068583,0.99662,0.07444369553014052,0.9769
50000,654571,53,0.01904118713326619,0.99706,0.07578505645220596,0.9772
50000,654571,54,0.01841026869480571,0.99732,0.07491831802202119,0.9774
50000,654571,55,0.01785264671370154,0.9974,0.07309389646693519,0.9782
50000,654571,56,0.01728742023607971,0.99762,0.07485670558673878,0.9781
50000,654571,57,0.016700213539722328,0.99778,0.0736790902403956,0.9783
50000,654571,58,0.01604833392020554,0.99798,0.07353045871337692,0.9783
50000,654571,59,0.01566665530542376,0.99812,0.07590938818454182,0.9781
50000,654571,60,0.015096872698660203,0.99814,0.07362471581372669,0.9782
50000,654571,61,0.014562589207839116,0.99846,0.07413571677775412,0.9782
50000,654571,62,0.01414620986806549,0.99824,0.07433540215755166,0.9788
50000,654571,63,0.013758945588377794,0.99832,0.07473112180753219,0.9789
50000,654571,64,0.013260902577773053,0.99872,0.07369591591408776,0.9784
50000,654571,65,0.012925134095708451,0.9987,0.07431829069258632,0.979
50000,654571,66,0.01254904204121748,0.99882,0.07340226768016969,0.9789
50000,654571,67,0.012083280626111737,0.99898,0.07369786000373986,0.9787
50000,654571,68,0.01179299934383837,0.999,0.07623515326217577,0.9783
50000,654571,69,0.01143587909518935,0.99898,0.07495222088442842,0.9779
50000,654571,70,0.011196516545990132,0.9991,0.07424378420116447,0.9787
50000,654571,71,0.01082143884508573,0.9991,0.07352306387772017,0.9789
50000,654571,72,0.01049960082564899,0.99916,0.07448170089870876,0.9788
50000,654571,73,0.010268689907313033,0.99916,0.07561218805975953,0.9784
50000,654571,74,0.009961661533527264,0.99928,0.07461807856718726,0.9787
50000,654571,75,0.009696823691520773,0.99938,0.07341644673565238,0.979
50000,654571,76,0.009444617963635375,0.99942,0.0743658065637925,0.979
50000,654571,77,0.009147585524580188,0.99944,0.07437568666133147,0.979
50000,654571,78,0.008958322263020475,0.99934,0.07372037876009421,0.979
50000,654571,79,0.00872434812033928,0.99948,0.0749751374404072,0.9785
50000,654571,80,0.00847993065606349,0.99952,0.07623292937412769,0.9784
50000,654571,81,0.008290529808581453,0.99948,0.07458554533642334,0.9795
50000,654571,82,0.008123158694164984,0.99958,0.07469044225015185,0.9787
50000,654571,83,0.007842829526117938,0.99956,0.07523672590309445,0.9791
50000,654571,84,0.007720277914226081,0.99956,0.07410815647932395,0.9786
50000,654571,85,0.007496152691729492,0.99966,0.07657684933191235,0.9777
50000,654571,86,0.007349088572315584,0.99964,0.07537588509056627,0.9788
50000,654571,87,0.007170630749086622,0.99968,0.07564707715031262,0.9793
50000,654571,88,0.007003783693758529,0.99972,0.07512412351841753,0.9793
50000,654571,89,0.006823493549048133,0.99968,0.07463135128140523,0.9792
50000,654571,90,0.006707438469965302,0.99976,0.0762990178539671,0.9785
50000,654571,91,0.0065372433196551494,0.9998,0.07548471179973572,0.9786
50000,654571,92,0.006411660535641843,0.99982,0.07546698526381591,0.9797
50000,654571,93,0.006270424319549767,0.9998,0.07574552076541577,0.979
50000,654571,94,0.006140457837958274,0.99986,0.075651987577368,0.979
50000,654571,95,0.006029500328649092,0.99984,0.07587078606677597,0.9786
50000,654571,96,0.005900127011018109,0.99982,0.07546960310064886,0.9787
50000,654571,97,0.005779862507529425,0.99988,0.07622077981586996,0.9788
50000,654571,98,0.005660450827266332,0.99988,0.07631756307103055,0.9794
50000,654571,99,0.005567796984950194,0.99986,0.07632960944969346,0.9787
50000,654571,100,0.00544643852232681,0.99992,0.07658847832016666,0.9793
50000,89250,1,0.8476911671197092,0.77188,0.36729840959595855,0.8952
50000,89250,2,0.3329578758779487,0.9049,0.2944723388531154,0.9141
50000,89250,3,0.2774213051202959,0.9206,0.25488908695792295,0.9258
50000,89250,4,0.23922443495565934,0.93238,0.22322694380828378,0.9356
50000,89250,5,0.2106150948098293,0.94068,0.2018810934132503,0.9408
50000,89250,6,0.18771591327486065,0.94724,0.18410575332639997,0.9463
50000,89250,7,0.16913582590770668,0.95288,0.1684380660198723,0.9513
50000,89250,8,0.1533823877152655,0.95686,0.15539268364617434,0.9557
50000,89250,9,0.13995673861938282,0.96118,0.14695227292509047,0.9572
50000,89250,10,0.1289905770298055,0.96424,0.13866738219014252,0.9588
50000,89250,11,0.1188584014878535,0.96716,0.13089449479762677,0.961
50000,89250,12,0.11020071902249598,0.96922,0.12312303614432922,0.9628
50000,89250,13,0.10219110553646196,0.97162,0.12184141682629211,0.9641
50000,89250,14,0.09600891553694416,0.97366,0.11391635152726183,0.9659
50000,89250,15,0.09027411675744781,0.9753,0.11130076945064772,0.966
50000,89250,16,0.08476871450676883,0.97656,0.10575693982286921,0.9693
50000,89250,17,0.08008243445830536,0.97826,0.10111517658195343,0.9695
50000,89250,18,0.075429167249043,0.97962,0.1047173927924349,0.9681
50000,89250,19,0.07152788239337964,0.98078,0.09751366914869787,0.97
50000,89250,20,0.06791246459846353,0.98202,0.09490987694180163,0.9718
50000,89250,21,0.06481717025804366,0.98288,0.09212319342027864,0.9718
50000,89250,22,0.061330695207895206,0.9834,0.09103767358824758,0.9723
50000,89250,23,0.058526487819062216,0.98458,0.08951670891676883,0.9719
50000,89250,24,0.05596255663976,0.98528,0.0894340483237747,0.9712
50000,89250,25,0.05328745262091576,0.98608,0.0862448878293315,0.9727
50000,89250,26,0.05131562895236134,0.98668,0.08599282773477299,0.9731
50000,89250,27,0.04901191007726399,0.98728,0.0844883898084023,0.9737
50000,89250,28,0.046858324300089786,0.98814,0.0888722881168449,0.9727
50000,89250,29,0.04529616806346669,0.98874,0.08349031601751157,0.9749
50000,89250,30,0.04350791929129025,0.98892,0.08466089536835086,0.9741
50000,89250,31,0.041493876357628634,0.98962,0.08301203203440903,0.9743
50000,89250,32,0.03994753006879257,0.99004,0.08184743315530908,0.9748
50000,89250,33,0.03864291591995736,0.99054,0.08021004930169373,0.9747
50000,89250,34,0.03689957800961305,0.99084,0.08041190013643876,0.9747
50000,89250,35,0.03565416796501299,0.9913,0.08139693362342798,0.9744
50000,89250,36,0.03426304136514736,0.99208,0.07956928462807093,0.9751
50000,89250,37,0.03307705331690444,0.99214,0.07992764432758086,0.9759
50000,89250,38,0.03184628727187432,0.99242,0.08030506440747431,0.976
50000,89250,39,0.030657837898978184,0.99304,0.07866989667113217,0.976
50000,89250,40,0.029595385724611505,0.99334,0.07811817496755882,0.9763
50000,89250,41,0.028504149418975402,0.994,0.0781016776033821,0.9768
50000,89250,42,0.027521316735960744,0.99432,0.07769100213054973,0.976
50000,89250,43,0.02654038971928236,0.99444,0.07838793928529036,0.9767
50000,89250,44,0.025646214716114,0.99494,0.07608551318800962,0.9765
50000,89250,45,0.024668020777159228,0.99522,0.07716096160555809,0.976
50000,89250,46,0.023828666334250473,0.99544,0.07831193256049497,0.976
50000,89250,47,0.02311893229184346,0.9956,0.07578018368644066,0.9765
50000,89250,48,0.022304792381518314,0.99588,0.07634881402140174,0.9766
50000,89250,49,0.021436313613235537,0.99632,0.0770390758663299,0.9772
50000,89250,50,0.020867930176577242,0.99652,0.07797443433356162,0.9775
50000,89250,51,0.02028513924171535,0.99662,0.07645228318356029,0.9773
50000,89250,52,0.019480441196245223,0.99696,0.07629195574819946,0.9782
50000,89250,53,0.01867969576263526,0.99706,0.07799151974388434,0.9767
50000,89250,54,0.018293503887417656,0.99706,0.0761051381448204,0.9778
50000,89250,55,0.01763180194903852,0.99746,0.0760868272562553,0.977
50000,89250,56,0.017145852114361558,0.99778,0.07572601793778627,0.9778
50000,89250,57,0.016553913235483598,0.9977,0.0770771377169863,0.9769
50000,89250,58,0.016035764974238864,0.99798,0.07688656447669061,0.9772
50000,89250,59,0.015636661560184756,0.99804,0.0761386998764933,0.9773
50000,89250,60,0.015036740999528677,0.9983,0.07586287920558006,0.9777
50000,89250,61,0.014644953943866714,0.99824,0.07657981250113868,0.9778
50000,89250,62,0.01411967117330614,0.99834,0.07730315756308151,0.9775
50000,89250,63,0.013683195150566641,0.99874,0.07648617848775911,0.9782
50000,89250,64,0.013348243555562795,0.99866,0.07745371112582686,0.9773
50000,89250,65,0.013006829962494118,0.99878,0.07684857860733187,0.9773
50000,89250,66,0.012597643509389956,0.99878,0.07698450132327254,0.9771
50000,89250,67,0.012239199096160393,0.99896,0.07650412107057197,0.9778
50000,89250,68,0.011889617619893891,0.99894,0.07666402518051471,0.978
50000,89250,69,0.01155599568083635,0.99898,0.07794533930911372,0.9774
50000,89250,70,0.011315497335015611,0.9991,0.07823191858998567,0.9784
50000,89250,71,0.010996488691418617,0.99904,0.07716780603702744,0.9773
50000,89250,72,0.010697531071450267,0.9992,0.07722746226256404,0.9779
50000,89250,73,0.010420885628505098,0.99924,0.07743603884569523,0.978
50000,89250,74,0.010155820439700864,0.99924,0.07763247715886966,0.9775
50000,89250,75,0.00987719214092354,0.9992,0.07927543271732454,0.9775
50000,89250,76,0.009567522800136327,0.99942,0.0793675915298462,0.9775
50000,89250,77,0.009341632348282303,0.99932,0.07870294787590396,0.9775
50000,89250,78,0.009134550422894835,0.99938,0.07798633925670068,0.9781
50000,89250,79,0.008935927347876278,0.9995,0.07800053015645063,0.9779
50000,89250,80,0.008695348388039901,0.99944,0.07852524963264121,0.9778
50000,89250,81,0.008463173098717526,0.99954,0.07838671790153051,0.9778
50000,89250,82,0.008305947965722907,0.9995,0.07948281268618963,0.9777
50000,89250,83,0.008107627611685674,0.9995,0.0784571250242941,0.9774
50000,89250,84,0.007950959433090784,0.99958,0.078728511031436,0.9773
50000,89250,85,0.007702019137281796,0.99962,0.0801937387373554,0.9779
50000,89250,86,0.007566093954745286,0.9995,0.07904295109874768,0.9778
50000,89250,87,0.007392511150074821,0.9996,0.08034919252300034,0.9775
50000,89250,88,0.0072327113781914115,0.99958,0.07980262133664347,0.9778
50000,89250,89,0.0070321259153494995,0.9997,0.07962121827745436,0.9775
50000,89250,90,0.006876688963523462,0.9997,0.08007860998641861,0.9778
50000,89250,91,0.006762947220313426,0.99968,0.08243558321407554,0.9779
50000,89250,92,0.006621624369939132,0.99966,0.0804538451791802,0.9774
50000,89250,93,0.006454534983842527,0.9997,0.07944139419174417,0.9773
50000,89250,94,0.006338865346016048,0.9997,0.08053288570680454,0.9776
50000,89250,95,0.006206497542778418,0.99972,0.08108401644163901,0.9775
50000,89250,96,0.006052324768438729,0.99972,0.08065943311617842,0.9773
50000,89250,97,0.00596979163383509,0.99976,0.07995704477374475,0.9775
50000,89250,98,0.005823243518699481,0.99982,0.08098689152582633,0.9776
50000,89250,99,0.005703961596508226,0.99974,0.08162655207641317,0.9779
50000,89250,100,0.005641256546438944,0.9997,0.08150714516396175,0.978
50000,773955,1,0.8405487193491619,0.77976,0.3655486788459605,0.8961
50000,773955,2,0.33313314181742526,0.90512,0.29267138231660034,0.9139
50000,773955,3,0.27922854627531263,0.92028,0.26733080454212743,0.9224
50000,773955,4,0.2415637828290258,0.9322,0.22531317414984492,0.9349
50000,773955,5,0.2121242576965604,0.94058,0.20175726950746842,0.9431
50000,773955,6,0.1881897671137269,0.94742,0.18368416574933466,0.9473
50000,773955,7,0.16934377246015295,0.9525,0.16937189768789854,0.9513
50000,773955,8,0.15296145304614012,0.9573,0.15607810188988494,0.9558
50000,773955,9,0.13941292512919043,0.96136,0.14779886741460294,0.9582
50000,773955,10,0.12823496811448232,0.9638,0.1390076044492954,0.9591
50000,773955,11,0.11840213425324354,0.96692,0.12990076930775776,0.9615
50000,773955,12,0.10965693712714268,0.96976,0.12439778844233156,0.9635
50000,773955,13,0.10228515963308743,0.97178,0.11711834678915212,0.9667
50000,773955,14,0.09569988479161508,0.97366,0.11378707238461058,0.9679
50000,773955,15,0.09004073075303784,0.97482,0.10826389622037594,0.9679
50000,773955,16,0.08451602866742673,0.97676,0.10478017082455203,0.9696
50000,773955,17,0.07983535089715436,0.97832,0.10116672336628105,0.9695
50000,773955,18,0.07545227577032007,0.97964,0.1040153566156563,0.9687
50000,773955,19,0.07146394091532211,0.98064,0.10005702059329895,0.9703
50000,773955,20,0.06800293386690966,0.98188,0.09512488734468172,0.9721
50000,773955,21,0.06483535082913568,0.98266,0.09277750245160556,0.9721
50000,773955,22,0.061736333113357585,0.98386,0.09297336965221427,0.9719
50000,773955,23,0.058927311958260654,0.98414,0.08804187564299538,0.9733
50000,773955,24,0.05623865694893497,0.9852,0.08804812044883517,0.9723
50000,773955,25,0.05368794435939692,0.98588,0.08672946255090315,0.9743
50000,773955,26,0.051588164669197856,0.9865,0.08411983490075456,0.9752
50000,773955,27,0.04935648100533308,0.98688,0.08658081090924738,0.9741
50000,773955,28,0.04731533208577381,0.98792,0.08271941898368487,0.975
50000,773955,29,0.04539742274671184,0.98868,0.08356029246782576,0.975
50000,773955,30,0.0436037699532863,0.9887,0.08437637786871383,0.9744
50000,773955,31,0.04181763767516595,0.98966,0.08385234933078897,0.9748
50000,773955,32,0.04027757622081115,0.98982,0.07987816119995504,0.9759
50000,773955,33,0.038686172979555185,0.99022,0.07961999102650717,0.9756
50000,773955,34,0.037219536594814195,0.99082,0.07927506780734928,0.9756
50000,773955,35,0.03578959055735772,0.99096,0.08015902696749828,0.9754
50000,773955,36,0.034358474281343324,0.99212,0.07910659578992538,0.9763
50000,773955,37,0.03322196812396713,0.99202,0.07782263511329947,0.977
50000,773955,38,0.031993650323129716,0.99252,0.0768516869885405,0.9771
50000,773955,39,0.03070471120176427,0.9928,0.07950571790988344,0.9761
50000,773955,40,0.02975052174315083,0.9933,0.07684835637114157,0.9772
50000,773955,41,0.028602033066135273,0.99384,0.07678581845951435,0.9777
50000,773955,42,0.027655364775237407,0.99394,0.0768853857730176,0.9772
50000,773955,43,0.026556006529895183,0.99446,0.07744189741103875,0.9768
50000,773955,44,0.025723469835737943,0.99452,0.07585497376584022,0.9771
50000,773955,45,0.0249324993376211,0.995,0.07595847356722443,0.9775
50000,773955,46,0.024020932433324284,0.99546,0.07651534454368365,0.9772
50000,773955,47,0.023176386786347956,0.99556,0.07551098955133266,0.9776
50000,773955,48,0.0225295134713044,0.99584,0.07493751659126213,0.9769
50000,773955,49,0.021531972748452855,0.99608,0.07569156463028617,0.9772
50000,773955,50,0.021050172516579913,0.99624,0.0753580576519771,0.9771
50000,773955,51,0.020237629097301642,0.99654,0.07567398074527328,0.9776
50000,773955,52,0.019662502261877587,0.99666,0.07604209571173871,0.977
50000,773955,53,0.019050923313626636,0.99718,0.07613678001319935,0.9772
50000,773955,54,0.018410810384787247,0.99714,0.07464395384418308,0.9781
50000,773955,55,0.01787981793390144,0.99736,0.0747638370047645,0.9775
50000,773955,56,0.017208283173757045,0.99742,0.0760183392169753,0.9772
50000,773955,57,0.016780486000306297,0.99772,0.07511577243946657,0.978
50000,773955,58,0.016213196344035508,0.99794,0.07650797123853502,0.9773
50000,773955,59,0.01581319779784123,0.99806,0.07518951944112741,0.9779
50000,773955,60,0.015306644244549132,0.99824,0.07524248532020782,0.978
50000,773955,61,0.014909442930625134,0.99812,0.07546463662734389,0.9784
50000,773955,62,0.01444989203355874,0.99828,0.07460821875390548,0.9784
50000,773955,63,0.014009951892491136,0.99844,0.07670109577626542,0.9777
50000,773955,64,0.013662566754273894,0.99866,0.07658866552302747,0.9783
50000,773955,65,0.013245902473447702,0.99856,0.07565825498583915,0.9784
50000,773955,66,0.012859571259487935,0.9987,0.07520436416509424,0.9786
50000,773955,67,0.012469355591386054,0.99882,0.076779524327158,0.9776
50000,773955,68,0.012267034556368319,0.99876,0.07607447663499468,0.978
50000,773955,69,0.011899014653791805,0.99878,0.07605867743848112,0.9774
50000,773955,70,0.011617134057304601,0.99898,0.07697841979260565,0.9785
50000,773955,71,0.011287892606880385,0.99886,0.0773219945145105,0.9783
50000,773955,72,0.010985573173146274,0.99912,0.07624469907344122,0.9785
50000,773955,73,0.010671430168336616,0.99916,0.0774968526346712,0.978
50000,773955,74,0.01041649562684893,0.9992,0.07699038348552895,0.9778
50000,773955,75,0.010125203090769247,0.99928,0.07721903115378095,0.9788
50000,773955,76,0.009912272807194915,0.99916,0.07703023426445293,0.9782
50000,773955,77,0.009669948321771421,0.99928,0.07634862602757045,0.9791
50000,773955,78,0.009473452802291445,0.99932,0.07697852594203713,0.9782
50000,773955,79,0.009163171958812603,0.99942,0.07820502862620342,0.9793
50000,773955,80,0.008957143305466733,0.9993,0.07732222861781661,0.9791
50000,773955,81,0.008741190299994565,0.99944,0.07729006314721312,0.979
50000,773955,82,0.008586425594638469,0.99938,0.07765718964480542,0.9784
50000,773955,83,0.00833548604244409,0.99952,0.07693948544067224,0.9793
50000,773955,84,0.008159930092063384,0.99946,0.0779785587106827,0.9786
50000,773955,85,0.007993505517148348,0.99946,0.07759558910490331,0.9787
50000,773955,86,0.007806957549630131,0.99956,0.07846664331533365,0.9788
50000,773955,87,0.007576888553006236,0.99964,0.07907390406994852,0.979
50000,773955,88,0.0074913866176312275,0.99956,0.07861463875191275,0.979
50000,773955,89,0.00730995304687814,0.99966,0.07898140487077095,0.9783
50000,773955,90,0.007119244451363881,0.99962,0.07888628619165809,0.9789
50000,773955,91,0.006991704365149718,0.99964,0.07909522510083407,0.9795
50000,773955,92,0.0068485160475285235,0.99976,0.07846543320591635,0.9791
50000,773955,93,0.006681562133495943,0.99968,0.0786173259878238,0.9789
50000,773955,94,0.006580762749797055,0.99966,0.07957893369968648,0.9782
50000,773955,95,0.00645374762062605,0.9997,0.07938976758512441,0.9792
50000,773955,96,0.006328191579648434,0.99968,0.07949456576874518,0.9792
50000,773955,97,0.006149841424101195,0.99976,0.07989643162688194,0.9793
50000,773955,98,0.006067379423190083,0.99974,0.07960720518804883,0.9793
50000,773955,99,0.005950672498768536,0.9998,0.07985748836274872,0.9792
50000,773955,100,0.005836499124291786,0.99978,0.08066406799015584,0.9791
