training_size,epoch,train_loss_mean,train_loss_std,train_accuracy_mean,train_accuracy_std,validation_loss_mean,validation_loss_std,validation_accuracy_mean,validation_accuracy_std
5000,1,2.254741456612116,0.002842920517885049,0.3161333333333333,0.02269919234980252,2.130086420238983,0.008666530907766958,0.40853333333333336,0.12846078519662463
5000,2,1.7473249222702425,0.015782556822175643,0.6051333333333333,0.012789579091327994,1.3150303563865529,0.03772192503276365,0.6322333333333333,0.03346824365474435
5000,3,0.9824767451415785,0.008992875700906733,0.7671999999999999,0.004156921938165304,0.8103013810056932,0.025289103651696374,0.778,0.02176763652765268
5000,4,0.6767428068008084,0.005314710014857312,0.8252,0.003862641583165619,0.728136099402903,0.013059466531237638,0.7612,0.014226383939708606
5000,5,0.5514996169425198,0.0025232121751874717,0.8533333333333334,0.003817503547258785,0.5792350131964348,0.022281794843301363,0.8239666666666666,0.011398391699416725
5000,6,0.47888720110888205,0.002697206723191851,0.8697333333333334,0.003139001964531623,0.5367478331912744,0.02854372181812118,0.8257,0.017930142219179383
5000,7,0.4345824990894058,0.0034898993619719965,0.879,0.0013114877048603657,0.4797032160302859,0.010275881528217557,0.8492666666666667,0.012890435730933717
5000,8,0.4017046257515869,0.0007175505162812754,0.8865333333333334,0.0013316656236958438,0.4496398840698212,0.028362698296360202,0.8655333333333334,0.008778002810054987
5000,9,0.3793419095368666,0.0017451663002026742,0.8928666666666666,0.00030550504633041625,0.4317322229953817,0.03143754581336296,0.8653333333333334,0.015546489421516804
5000,10,0.35922297806513254,0.0006192317934962469,0.8968666666666666,0.001331665623695869,0.4341944645079616,0.07655618490566014,0.8645,0.027430639802964858
5000,11,0.34580373079418797,0.004794859638536105,0.9008666666666666,0.002484619353811205,0.3836252405556559,0.011691954016798798,0.8849,0.004517742799230561
5000,12,0.3302478744605423,0.001072774631568719,0.9049999999999999,0.0015099668870541215,0.3848513798813422,0.004598625386448644,0.8827333333333334,0.0023501772982762862
5000,13,0.3177615878675047,0.0011154609879556558,0.9090666666666666,0.002023198787399105,0.39754426124153136,0.08001679124246744,0.8750333333333332,0.03278937836149581
5000,14,0.3091363069870936,0.0038405740006978214,0.9098666666666667,0.0025166114784236004,0.36998941147367187,0.011829722280309408,0.8861,0.010450358845513352
5000,15,0.29780188588419176,0.0010501162232629717,0.9150666666666667,0.0017009801096230285,0.46160669840674434,0.19900330987548476,0.8568000000000001,0.06583988153087755
5000,16,0.2927410666224146,0.010019956117682837,0.9167333333333333,0.0030615900008546994,0.3571662812659158,0.05081301568711691,0.8916,0.01957626113434334
5000,17,0.27955090657763876,0.003901153612108061,0.9198,0.0003999999999999976,0.3806018252842825,0.05602297195619886,0.8834333333333334,0.015805167931196917
5000,18,0.27246283368154317,0.004472120996702839,0.9226666666666666,0.0032578111260988317,0.3337933439492369,0.025351941364858098,0.8998333333333334,0.007894512862319843
5000,19,0.262074102496523,0.0012696384831188468,0.9255333333333334,0.0012055427546683194,0.32751147681233705,0.012438764630427016,0.9019666666666666,0.0035345909711496713
5000,20,0.25458140808325974,0.001548000850495835,0.9257333333333334,0.0005033222956846942,0.32408875237276386,0.014621577698006333,0.9044333333333334,0.0041259342376404684
5000,21,0.24911285570741257,0.001808538751479456,0.9293999999999999,0.0020880613017820395,0.3551665034930384,0.004553039189565681,0.8918666666666667,0.003484728588187767
5000,22,0.24378227122820442,0.0014959779717241728,0.9304,0.002306512518934189,0.3762584793058695,0.035080358580599755,0.8826,0.009083501527494773
5000,23,0.23811680184074832,0.0025850868156492676,0.9314666666666667,0.0006429100507328706,0.3840598313500729,0.12376499415801778,0.8839,0.03835348745551042
5000,24,0.23077593886963543,0.005779654015842106,0.9329333333333333,0.0019629909152447597,0.31568199654815005,0.02235831970323169,0.9031333333333333,0.008230633835454769
5000,25,0.22338944774975103,0.0025805992321957087,0.9354,0.0023065125189341267,0.321725082448074,0.02022214049915705,0.9035666666666667,0.005844940832321014
5000,26,0.21809609703786811,0.001297425708456803,0.9377333333333334,0.0009451631252504792,0.29698210449593315,0.00468035140184415,0.9107333333333333,0.0027592269448766457
5000,27,0.21068238062342895,0.0029796665597257308,0.9401999999999999,0.0008717797887081756,0.3593622663570633,0.04572893148171395,0.8909333333333334,0.01643847113734528
5000,28,0.20811692845630148,0.0037444380927233387,0.9408,0.0012165525060596652,0.31363784690685814,0.03907273946603234,0.9054000000000001,0.012139192724394898
5000,29,0.20168373357091937,0.004974674555132988,0.9438,0.00341174442184639,0.4492766923620605,0.11660917916813217,0.8565333333333333,0.04297724203963454
5000,30,0.2025258131497436,0.004399218837006002,0.9426666666666667,0.0027006172134039154,0.29163934925426044,0.015408811236354564,0.9125,0.005631163290120433
5000,31,0.19107897864303092,0.00310757584787856,0.9456666666666665,0.0008326663997864681,0.295319457015557,0.007017240763093908,0.9113333333333333,0.003189566323708155
5000,32,0.18548319569412766,0.0027855941423939514,0.9484,0.002116601048851707,0.3361987763628655,0.05865019406600222,0.8952,0.023381402866380775
5000,33,0.18194195263606236,0.003740152915638477,0.9489333333333333,0.0004618802153516738,0.3684508522186074,0.1394938589943892,0.8879666666666667,0.043804604019821156
5000,34,0.1791770907272767,0.006962297208964928,0.949,0.0036715119501372177,0.291578348247413,0.016904956241492113,0.9133666666666667,0.005424327915358107
5000,35,0.17207829616324322,0.003732026559072822,0.9518666666666666,0.002052640575778762,0.3013711942688614,0.04324316705833586,0.9093333333333332,0.014673218233684589
5000,36,0.16781582941491205,0.0010040495873237833,0.9526666666666667,0.0012858201014657182,0.2831836510295553,0.014531803150336494,0.9153333333333333,0.005001333155602937
5000,37,0.1623700269345996,0.0008273477755580523,0.9561999999999999,0.0016370705543745014,0.33212083029882455,0.07765434609321395,0.8974333333333333,0.027710166606019073
5000,38,0.1605134888160822,0.002119736692490469,0.9552666666666667,0.0006110100926607386,0.27960233689513037,0.007999148497473735,0.9165333333333333,0.0043615746392023855
5000,39,0.1545133101323201,0.0018252240683750089,0.9575999999999999,0.002107130750570537,0.31455402822141665,0.04608389529518892,0.9058333333333334,0.01572079302495059
5000,40,0.15352478493060082,0.003284125793235012,0.9580666666666667,0.0009451631252505478,0.28597918658754323,0.013413040088667304,0.9155000000000001,0.0027874719729532337
5000,41,0.14842789465331685,0.0022076907320679414,0.9598666666666666,0.0014468356276140226,0.339194904372263,0.12340308322931656,0.8960333333333333,0.04100174793022043
5000,42,0.14505811200162302,0.004754712856756267,0.9610666666666666,0.002444040370643079,0.30455827104107436,0.02965230710602496,0.9071666666666666,0.011689881664641999
5000,43,0.1421312579650381,0.0021086091099514616,0.9613333333333333,0.0006429100507328576,0.33473363918043136,0.1232691568954668,0.8990333333333332,0.040826502830065295
5000,44,0.13877453700080333,0.006101798389363057,0.9628,0.003649657518178913,0.27540422762755595,0.007403086691853782,0.9185,0.004121892769105007
5000,45,0.13420315107788525,0.0019405218006661527,0.9638,0.0019287301521985368,0.28265792641931053,0.02712029127523019,0.9156666666666666,0.00906495081803169
5000,46,0.13061412748782522,0.001005336685620196,0.965,0.0006928203230276108,0.26845478111579185,0.007877388754273273,0.9198666666666666,0.0028728615235220738
5000,47,0.1274712813261671,0.0015661122683866577,0.9668,0.0014000000000000679,0.27428159720564366,0.017180805122680352,0.9172333333333333,0.006792888438163335
5000,48,0.12413841520092946,0.0014212634709090234,0.9672666666666666,0.0009451631252505478,0.2690961624978406,0.014690923115466914,0.9197666666666667,0.005580621231846318
5000,49,0.12093532719184912,0.002684369881129869,0.9683333333333333,0.0011718930554164707,0.3441831729689073,0.132430029409016,0.8979,0.03933903913417305
5000,50,0.12089699862664734,0.003272509007946736,0.9693333333333333,0.0017473789896107863,0.26681077809203074,0.008341164248510736,0.9209666666666667,0.003113411847689532
5000,51,0.11568940550674618,0.0009712037700712544,0.9700000000000001,0.0003464101615137373,0.2645531748627184,0.0032473731900410888,0.9220333333333333,0.00040414518843273243
5000,52,0.11205100773834668,0.0009714937162350147,0.9721333333333333,0.001331665623695869,0.27335892384579874,0.01772544979466646,0.919,0.00564269439186631
5000,53,0.11032477668122755,0.0025157150720771346,0.9716666666666667,0.00023094010767582486,0.2644730460853937,0.010439779516163946,0.9224333333333333,0.004535783651513063
5000,54,0.10764429846490205,0.0022684899746154585,0.9738666666666665,0.0007023769168568799,0.2705455715216843,0.022706555224607454,0.9192,0.007493997598078052
5000,55,0.10512351082540994,0.002076430353736006,0.9739333333333334,0.0007571877794400301,0.3276490901490113,0.03144198269401196,0.9004,0.011926441212700492
5000,56,0.10590028331286616,0.0015837093856890846,0.9737333333333332,0.0006429100507328188,0.26298596113555367,0.010668394318476817,0.9221333333333334,0.0033020195840323422
5000,57,0.10012759734971466,0.0013201087093740501,0.9757333333333333,0.0006110100926607962,0.3352876245953329,0.07209822741386195,0.8992666666666667,0.02063500262498979
5000,58,0.1012103359193131,0.002021067993611836,0.9751333333333333,0.001814754345175524,0.2871659982918038,0.056062033974833045,0.9145,0.016919515359489462
5000,59,0.09664193372129587,0.0024092154755309615,0.9770666666666666,0.0018036999011291808,0.2748937750525396,0.026570982150333267,0.9179333333333334,0.009029027263960071
5000,60,0.09388891497428885,0.0016058801814041973,0.9778666666666668,0.0007023769168568825,0.3611456786851405,0.14647312593840423,0.8952333333333332,0.039198129207059534
5000,61,0.09613464934943498,0.008545361586068743,0.9773333333333333,0.0025324559884296817,0.2848185505182783,0.020773605870805057,0.9141,0.008007496487667047
5000,62,0.09008481660129312,0.0020131986091606003,0.9793333333333334,0.0009451631252505272,0.2577520850102002,0.007646343328113318,0.9226000000000001,0.0026627053911389155
5000,63,0.08657442036521035,0.001840289212912997,0.9798,0.0006000000000000449,0.25603238653844135,0.001334687645960127,0.9243666666666668,0.001011599393699592
5000,64,0.08455597831769625,0.0012543897120456508,0.9815999999999999,0.0007211102550927762,0.2550768999782818,0.003664264320456639,0.9249333333333333,0.0024337899115028866
5000,65,0.08230999616922205,0.0016358575195292938,0.9813999999999999,0.0009165151389910943,0.2978855675955647,0.05544694568598987,0.9118666666666666,0.017502666463523022
5000,66,0.08260092296474368,0.001466827928426767,0.9815999999999999,0.0003464101615137373,0.27383170840524457,0.01453872279954923,0.9188999999999999,0.006495382975622022
5000,67,0.07986867569820776,0.001805162767651356,0.983,0.0015099668870541712,0.2784388410880199,0.020113418313292036,0.9178333333333333,0.006557692683660417
5000,68,0.0780941999060168,0.0016151724680121742,0.9836,0.001777638883463206,0.2789983723724902,0.03150524372065788,0.9172333333333333,0.011679183761433553
5000,69,0.07759474831076126,0.00319493929135485,0.9846666666666666,0.001474222959166394,0.26982850722966284,0.013996145081133322,0.9213666666666667,0.005676559991168322
5000,70,0.07454914876280128,0.0016406267011581876,0.9847333333333333,0.0010066445913694585,0.2588945375058574,0.010433191352509561,0.9238666666666666,0.0020207259421637044
5000,71,0.07221302774258868,0.0011132317314127694,0.9850666666666666,0.0015275252316519692,0.2657151446446597,0.016053699753638937,0.9208666666666666,0.005824374072235826
5000,72,0.07107611135261198,0.0005342919354250037,0.9860000000000001,0.00034641016151376136,0.2530706339523763,0.0018526075766288862,0.9258000000000001,0.0009165151389911912
5000,73,0.06859847080406595,0.001059160265655795,0.9876,0.00091651513899117,0.2570487799254891,0.008631936756578501,0.9239666666666667,0.003970306453327354
5000,74,0.06694421133968213,0.0012574455673113444,0.9874,0.0012489995996796776,0.25686680925937067,0.009158660291503702,0.9250666666666666,0.001950213663508017
5000,75,0.06547566204769101,0.0008697349311692828,0.9883333333333333,0.001222020185321547,0.2531566035846315,0.0007707990462750311,0.9254000000000001,0.00019999999999997797
5000,76,0.06372201841015808,0.0010621270087055072,0.9883333333333333,0.0010263202878893901,0.27906589788584096,0.0309373964665931,0.9188666666666666,0.00959652714961681
5000,77,0.06445089754677424,0.0023233040829606106,0.9883333333333333,0.0019008769905843636,0.2562069466850713,0.0049595340651958815,0.9258000000000001,0.0006244997998398488
5000,78,0.06137514659715046,0.0012822021498738207,0.9889333333333333,0.0013613718571107557,0.260558540907585,0.010106080921784822,0.9238,0.00441701256507159
5000,79,0.06009456986098436,0.001991866260145,0.9897333333333332,0.0006429100507328576,0.2569565713052869,0.006364150168127267,0.9251333333333333,0.0017473789896107438
5000,80,0.05871834201115634,0.0005005187449940055,0.9901333333333332,0.00011547005383791244,0.25353299453096073,0.0034158624006380076,0.9265666666666666,0.0008621678104251853
5000,81,0.05726312542403177,0.001429669743803415,0.9909333333333333,0.0007023769168568799,0.2525700133657891,0.0022685470455341547,0.927,0.001113552872566004
5000,82,0.05603808264274255,0.0007091499964161316,0.9912000000000001,0.0005291502622129647,0.30052830148250437,0.06623075865059247,0.9123,0.01847078774714284
5000,83,0.05772974103367809,0.004984011165151418,0.9894666666666666,0.0030353473167552734,0.2899386185246893,0.04317822756135572,0.9161333333333334,0.014144021116122998
5000,84,0.054830410058716465,0.0015638075485892404,0.9913333333333334,0.0008082903768654614,0.2746897304022577,0.039698201457415046,0.9188000000000001,0.012990765951243955
5000,85,0.05439277652130562,0.004482767994757154,0.9912000000000001,0.001400000000000054,0.2569797677145311,0.006617376884329828,0.926,0.0014730919862655978
5000,86,0.051813497244873885,0.0017374656206599736,0.9916,0.0005999999999999478,0.2665624312044114,0.019563534765342467,0.9224666666666667,0.005390114408185909
5000,87,0.05086271938847984,0.0009974499451921375,0.9914666666666667,0.0007571877794400301,0.27390728822468474,0.013456647579179594,0.9204666666666667,0.004994330118577858
5000,88,0.04984450415404152,0.001357928406678023,0.9926,0.001248999599679651,0.2615198109427335,0.005377593614377937,0.9247333333333333,0.002441993720985615
5000,89,0.04837869155175858,0.0008967147341924194,0.9931333333333333,0.0006429100507328849,0.26048690658720147,0.013061159706189165,0.9241333333333334,0.004539089482851477
5000,90,0.047686935221646236,0.0022362047707458707,0.9927999999999999,0.001248999599679651,0.2712420337869659,0.019255600673495653,0.9228999999999999,0.005461684721768608
5000,91,0.04725728579336238,0.00027326771333422697,0.993,0.0007211102550928262,0.2654890743472336,0.01621287849135264,0.9234333333333334,0.006351640208114231
5000,92,0.04562489277538723,0.0011395832897827648,0.9940000000000001,0.0007211102550928339,0.2581102679611497,0.005531260326107784,0.9264000000000001,0.0016703293088489797
5000,93,0.04418338257104596,0.0003140241395546236,0.9940666666666668,0.0006429100507328188,0.3440339971487614,0.12306071486008036,0.9031666666666668,0.031674332405487754
5000,94,0.0463484190097548,0.0025881806657011884,0.9930666666666667,0.0012858201014656965,0.2551003759884672,0.0023345369456994297,0.9272,0.0005000000000000143
5000,95,0.04231943469944901,0.0008626254941067155,0.9948,0.0003464101615138014,0.2566721908050839,0.005259795425873094,0.9272666666666667,0.00041633319989320736
5000,96,0.04136919179511799,0.0008586059687722121,0.9947333333333334,0.00023094010767582486,0.2584894124518196,0.004134893697093389,0.9269333333333334,0.0003214550253664756
5000,97,0.04076272031677757,0.0008798735664986993,0.9950666666666667,0.0003055050463303557,0.2537513003715724,0.002022233575553104,0.9283,0.0008717797887081724
5000,98,0.03953680521957448,0.0008560599269032415,0.9952666666666667,0.0005773502691895862,0.27249705922105,0.026266349408578048,0.9235333333333333,0.007573858549863064
5000,99,0.039616219359135584,0.0017109110566161188,0.9951333333333334,0.0013613718571107952,0.2591327700360899,0.01169121370451734,0.9270666666666667,0.001833939293797145
5000,100,0.03835217483253527,0.0010670146256566656,0.9953333333333333,0.0005033222956847256,0.3148578170939205,0.0595060853964622,0.9105,0.016432893841317145
10000,1,2.018930098432062,0.010414435865302892,0.4604,0.02609156951967435,1.3161280879184118,0.013347260512558521,0.6791666666666667,0.03202535453876089
10000,2,0.8469934388143132,0.007998067305341037,0.7965,0.0049122296363260844,0.6425975094960767,0.027018857218426607,0.8113,0.012452710548310344
10000,3,0.520714028656153,0.0014911531934388258,0.8617333333333334,0.001101514109457236,0.5137732795291526,0.03781904022641381,0.8469000000000001,0.017140303381212366
10000,4,0.42666112079998064,0.0013355071620020345,0.8810000000000001,0.0005291502622129386,0.4156835228662898,0.010300978169338922,0.8776666666666667,0.005755287424041777
10000,5,0.37912978451893903,0.0007612268116542016,0.8917333333333334,0.0010598742063723497,0.40859858657460696,0.029633222132501098,0.8769666666666667,0.013842446797200782
10000,6,0.3502584577367072,0.0007216793791395263,0.8995333333333333,0.0020599352740641066,0.3764223177908938,0.03251249529144773,0.8883000000000001,0.014292655456562308
10000,7,0.3270454461387425,0.0002703326349822609,0.9056333333333333,0.001270170592217173,0.38555087826021534,0.039729515589546835,0.8786333333333333,0.014984102686959063
10000,8,0.310360504016403,0.0005636681159276735,0.9104,0.00026457513110642993,0.3260584039663717,0.007007940477743118,0.9041333333333333,0.0028676354952004344
10000,9,0.2947868253567818,0.0017165249836440305,0.9151333333333334,0.00106926766215636,0.3504542225136251,0.03474997922854948,0.8941333333333333,0.012626295313089009
10000,10,0.2829047940507593,0.0011579699001749392,0.9185,0.0011789826122551382,0.3207809006750031,0.012996385362170007,0.9058,0.002961418578992194
10000,11,0.2709344662845495,0.002314821801151152,0.9224666666666667,0.0008326663997864681,0.31955299271189436,0.02963034311458359,0.9050333333333334,0.01198846667982745
10000,12,0.26108008740834593,0.0008763991264543918,0.9256333333333333,0.00020816659994659034,0.30504147189720493,0.02773034567164361,0.9089333333333333,0.010072900939319031
10000,13,0.25080517754786696,0.003073225410181475,0.9290333333333334,0.0008504900548115763,0.28734920416608356,0.013319171318686292,0.9148333333333333,0.003827967258654854
10000,14,0.24169077155479238,0.003311566428254891,0.9312666666666667,0.001401189970465633,0.28965163681549017,0.016508549692755253,0.9138999999999999,0.004938623289946276
10000,15,0.2325726896267494,0.0026427153731430563,0.9348333333333333,0.0001527525231652596,0.28430134930984563,0.016755920126732715,0.9150333333333333,0.00577263660153083
10000,16,0.22487163413642597,0.003032001574682081,0.9371999999999999,0.0007810249675906043,0.28847915079446135,0.031954886348431855,0.9146666666666666,0.01203841074782435
10000,17,0.21687813467762793,0.002176315625446754,0.9396666666666667,0.0006110100926607962,0.2689016671546427,0.023561003446200515,0.9212666666666666,0.007975796720913416
10000,18,0.2091943676300996,0.0030711740979675493,0.9419000000000001,0.0015099668870541712,0.26458054798199016,0.011540744893839867,0.9231666666666666,0.004760602202803078
10000,19,0.20236253196005252,0.0030834252810493525,0.9432,0.0010440306508910742,0.24895889944281357,0.0071207398872157384,0.9282333333333334,0.0010785793124908482
10000,20,0.19458724067266323,0.0027908403919791754,0.9465333333333333,0.00040414518843269356,0.2603131101890015,0.015782595376228243,0.9232999999999999,0.005838664230798032
10000,21,0.18897553857995067,0.002654831220528609,0.9474333333333332,0.000750555349946567,0.23921625899547105,0.004316106449991683,0.9307666666666666,0.0010214368964029693
10000,22,0.18263205380951017,0.003239885603460342,0.9489000000000001,0.0008660254037844154,0.25248100555744274,0.027166746868969315,0.9238333333333334,0.011828919364563041
10000,23,0.17689036775363887,0.0037726909067386963,0.9510666666666667,0.0006658328118479473,0.23748922102489,0.008944918743501977,0.9305,0.002722131517763234
10000,24,0.17122949934607537,0.0034067746066633944,0.9531999999999999,0.0014798648586948483,0.23757317684598359,0.011129266971144981,0.9288333333333334,0.008038863933002849
10000,25,0.16577930590978057,0.0019951878310004246,0.9543666666666667,0.00015275252316517785,0.25718277193322864,0.05523745744065968,0.9216000000000001,0.02156455424997235
10000,26,0.16144332974999875,0.0037253559533668495,0.9560333333333334,0.0002309401076758489,0.24078985679752155,0.006785879874456536,0.9282666666666667,0.0011060440015357633
10000,27,0.1559876202752921,0.0023983038741722225,0.9580666666666667,0.0008621678104251167,0.22753438526912106,0.004591740151525411,0.9326666666666666,0.0014742229591663463
10000,28,0.15084333861942778,0.0026646792805376444,0.9592333333333333,0.0008326663997863813,0.22043894057816174,0.004299223083489099,0.9353333333333333,0.0014468356276140474
10000,29,0.14655758894992607,0.0028403177474051458,0.9609666666666667,0.0011150485789118575,0.22887024079830756,0.01678204991417138,0.9314999999999999,0.005741950887982248
10000,30,0.1428306324335166,0.002910341349023292,0.9617666666666667,0.0004725815626253243,0.21806162028227186,0.007746405412621033,0.9363333333333334,0.002433789911502974
10000,31,0.13842906010823225,0.002629286652244723,0.9634666666666667,0.00047258156262521467,0.22741873768458065,0.004648866682644489,0.9307666666666666,0.001011599393699592
10000,32,0.13397637636317153,0.002542939884719912,0.9649000000000001,0.0009539392014169773,0.2599709167678932,0.039322840916591446,0.9207333333333333,0.014297668807653005
10000,33,0.13087272569726371,0.0019309056099738096,0.9655666666666667,0.0015947831618541236,0.20924364466729406,0.004199680547325361,0.9383666666666667,0.0024110855093366387
10000,34,0.12649637814892298,0.002608015786837924,0.967,0.00043588989435407665,0.2166056580283808,0.00916678034388413,0.9357666666666667,0.002950141239556708
10000,35,0.12277063650401958,0.0030245372546969292,0.9675666666666666,0.001184623709594481,0.22539608563628588,0.02016954037364768,0.9334333333333333,0.004954122862155648
10000,36,0.11974684577012168,0.002879199249337784,0.9686,0.0010148891565092196,0.20340815135151882,0.009788905444013228,0.9404,0.0033778691508109197
10000,37,0.11537712029010123,0.0026118705954009096,0.9693999999999999,0.0010583005244258561,0.19925054268291306,0.0020795068315702814,0.9422666666666667,0.001285820101465744
10000,38,0.11145610334501989,0.002305765002454139,0.9706666666666667,0.001050396750439244,0.19653995476208427,0.0008571840541364632,0.9421666666666667,0.0017616280348965066
10000,39,0.10800648840880515,0.0025121274399905733,0.9719666666666668,0.0006429100507328706,0.21059601623415877,0.028888512820268594,0.9380333333333333,0.0081051424005587
10000,40,0.10530971205103812,0.0027027432332817217,0.9723,0.0011269427669584758,0.1951092361059412,0.002465790681615341,0.9424999999999999,0.0020223748416157285
10000,41,0.10201037013147646,0.0023098808019331603,0.9740666666666667,0.0002081665999466681,0.1955956432153055,0.005551233731097946,0.9428000000000001,0.003051229260478485
10000,42,0.09947337480983715,0.002183015650770251,0.9739333333333334,0.0020305992547357374,0.1919502417787986,0.007999703891018466,0.9425666666666667,0.0022722969289538713
10000,43,0.09635869015841803,0.0025605920588144867,0.9753,0.0009165151389911458,0.19327098395878986,0.007690681265822969,0.9420333333333333,0.0027209067116190063
10000,44,0.09342295414588224,0.002382572218594024,0.9765,0.00036055512754638614,0.20406216593856794,0.014925627358033893,0.9395666666666666,0.005340724045795038
10000,45,0.09133857722126672,0.0021448670911926675,0.9769666666666668,0.0004618802153517138,0.18742059747782971,0.0063439384715520105,0.9445333333333333,0.002627419519858506
10000,46,0.08806942239188753,0.0026912592862270244,0.9785333333333334,0.0010066445913694327,0.186716315502964,0.0076229957746678624,0.9451,0.0026153393661243612
10000,47,0.08550803995865792,0.002553706847277647,0.9786333333333334,0.0007571877794400862,0.1947398246544546,0.0240060557207224,0.9425666666666667,0.007938723658960162
10000,48,0.08321010584945421,0.0028531333498652625,0.9794333333333333,0.0011150485789118575,0.18077789995414117,0.0037652007039412124,0.9471666666666666,0.000513160143944659
10000,49,0.08089638049039978,0.002179901948016894,0.9803000000000001,0.00043588989435409893,0.19132179884815625,0.010787803518860977,0.943,0.0037000000000000227
10000,50,0.07869816765459439,0.0019542796426000996,0.9808666666666667,0.0004163331998931807,0.1878928266277755,0.006863767732753345,0.9451,0.0021656407827707817
10000,51,0.07663536687816007,0.0021840567654144976,0.9813999999999999,0.0009643650760993,0.20333382296259575,0.0472708025508576,0.9395333333333333,0.014409140617446036
10000,52,0.07476813393920906,0.003174888097358162,0.9819999999999999,0.0013527749258468301,0.18252154003304452,0.0027416898587848673,0.9459,0.0018734993995195065
10000,53,0.07220021610596854,0.001741070414249169,0.9833,0.00043588989435408625,0.18450932198468387,0.005979982556243566,0.9448333333333334,0.003146956201368741
10000,54,0.07033169569896092,0.0015194508822627024,0.9831666666666666,0.0003511884584284136,0.17882469386668845,0.0027454765355627913,0.9470000000000001,0.0005000000000000143
10000,55,0.06828342165179625,0.0023328458262346086,0.9841333333333333,0.0004509249752822726,0.17816818477860033,0.009586965050102555,0.9465333333333333,0.003744774136491208
10000,56,0.06594795745796667,0.00224870135865838,0.9844666666666667,0.0009073771725877788,0.17935564366785314,0.006068380747888524,0.9460333333333333,0.0011590225767142573
10000,57,0.06452833441421753,0.002178663084780307,0.9855666666666667,0.0004932882862315929,0.18281854709389878,0.007877380105187473,0.9447333333333333,0.0029737742572921583
10000,58,0.06290515237113868,0.0021793248120269408,0.9854666666666666,0.0014742229591663682,0.17953475963263452,0.010485723617606468,0.9471333333333334,0.002715388247255512
10000,59,0.061170843654632295,0.0016834643124433932,0.9863333333333334,0.0005033222956847752,0.1768251383035545,0.006894307841029215,0.9479333333333333,0.0024110855093366548
10000,60,0.05896694768877716,0.0019426407064880788,0.9873,0.0007810249675906487,0.1861934740089258,0.01315049894320083,0.9452333333333334,0.004118656738954264
10000,61,0.05771846130158458,0.001488727503782133,0.9874666666666666,0.00037859388972005597,0.1732291478588633,0.006182823872936747,0.9488666666666666,0.0014047538337137492
10000,62,0.055708405645818256,0.0019062005137610168,0.9889666666666667,0.0005859465277081883,0.18418695894998757,0.015068577089139272,0.9444666666666667,0.0062051054248363465
10000,63,0.054539997512673265,0.002361313235648455,0.9885999999999999,0.0008888194417314875,0.17157127552479057,0.004269350794436007,0.9493999999999999,0.0006557438524302019
10000,64,0.05281372841184393,0.001788845908994736,0.9893000000000001,0.0007549834435270745,0.1706692033887611,0.002479995688876157,0.9499,0.0009539392014169206
10000,65,0.051240101028969344,0.001852135098984089,0.9890666666666666,0.0009073771725877272,0.17639313556109057,0.005907708070642517,0.9486,0.001252996408614113
10000,66,0.050137778177646856,0.0019220498266001962,0.9903,0.0007549834435270653,0.18206732668688774,0.00392392810014869,0.9457666666666666,0.0018556220879622544
10000,67,0.04884427703465192,0.0021013849139036615,0.9904666666666667,0.0011150485789118625,0.16948921073582976,0.0015248114818996723,0.9495999999999999,0.0002645751311064299
10000,68,0.047287350114187165,0.0018046050697645252,0.9912333333333333,0.0008326663997864903,0.17082517678120426,0.003204876182975108,0.9494666666666666,0.0016258331197676352
10000,69,0.04592485971918778,0.0020257366072747316,0.9911,0.0005196152422706059,0.16966704243537778,0.0009786203913398205,0.9494333333333334,0.000723417813807013
10000,70,0.04478930048345508,0.001673874019182048,0.9920333333333332,0.0008020806277010867,0.17020747622279334,0.0033988307517307612,0.9497666666666666,0.0008326663997864391
10000,71,0.043586396218296304,0.001773455145416094,0.9922333333333334,0.000750555349946511,0.17046994121333733,0.0015897541009198466,0.9493999999999999,0.0007549834435270727
10000,72,0.04239826013427337,0.0013481022370852292,0.9925333333333333,0.0004163331998932585,0.19019576473722313,0.017205807910632847,0.9430333333333333,0.006217984668148707
10000,73,0.04205622702541987,0.0009724652200007325,0.9920666666666667,0.00011547005383791244,0.17034691248646763,0.0041255086646842555,0.9492666666666666,0.0025006665778014464
10000,74,0.04002658427819346,0.0013145577289845598,0.9932,0.0010535653752852974,0.1682534138429658,0.0025751805987581818,0.9509666666666666,0.0012055427546683163
10000,75,0.039168658793056865,0.0016384709975096705,0.9937,0.0006557438524301448,0.1660396781214433,0.0013656725394258198,0.9511,0.001178982612255164
10000,76,0.03801128159154888,0.001641892226847432,0.9938333333333333,0.0010263202878893413,0.16581451484099144,0.0025293645382220903,0.9514999999999999,0.0005999999999999756
10000,77,0.037113673466195395,0.001418603901560955,0.9943,0.0009165151389911427,0.18095160074849614,0.015367189315027575,0.9474999999999999,0.005284884104689487
10000,78,0.03669769760317955,0.001492614120696034,0.9939666666666667,0.0011718930554164176,0.16507143465829988,0.001781398832483199,0.9508666666666666,0.00041633319989323625
10000,79,0.03532246150849101,0.0014228524895864509,0.9946666666666667,0.0006506407098647145,0.16621488291121045,0.003335509815689782,0.9510333333333333,0.0005686240703077709
10000,80,0.034157235915383506,0.0014465649889113376,0.995,0.0009165151389912003,0.16570554175103464,0.0020161565146317798,0.9516666666666667,0.0011590225767142315
10000,81,0.033189153961184166,0.0014317194091053164,0.9954333333333333,0.000802080627701089,0.1650246679191849,0.003146626300564385,0.952,0.0007549834435270653
10000,82,0.03245916735695155,0.0013284039043591936,0.9955333333333334,0.0011930353445449118,0.1656034959025238,0.0017266579061554687,0.9525333333333333,0.0007023769168568799
10000,83,0.03162585502369555,0.001185931530214207,0.9959333333333333,0.0007094598884598149,0.17201584522726088,0.009912946426729623,0.9495999999999999,0.003296968304366928
10000,84,0.031054524795179218,0.001410234248596236,0.9956666666666667,0.0005507570547285647,0.17155298466550686,0.009328588540509799,0.9492333333333334,0.0034063665882188014
10000,85,0.030580024714952567,0.0010743019667964553,0.9963333333333333,0.00015275252316525355,0.16526409637656805,0.0013004519121520746,0.9518999999999999,0.0007211102550928339
10000,86,0.029394625222027654,0.0010737757478155449,0.9964,0.0006928203230275547,0.16564001591749633,0.0025665520046473044,0.9516666666666667,0.0011590225767142315
10000,87,0.028663220136530488,0.0010014193251100592,0.9968,0.00045825756949554263,0.16589995834486018,0.0037888386663695647,0.9521666666666667,0.0013613718571107748
10000,88,0.028055494706722566,0.0011930685988563489,0.9972,0.0007211102550927955,0.1677860936025384,0.0012534742524703852,0.9513333333333334,0.0005131601439447166
10000,89,0.02748606503187924,0.0007556609825165135,0.9970333333333333,0.00020816659994659034,0.16764699327884602,0.002701019837100134,0.9512999999999999,0.0022912878474779645
10000,90,0.02679183621322642,0.0009420138287922736,0.9971666666666668,0.00037859388972005597,0.16611722823299377,0.0024690698420311457,0.952,0.00017320508075686865
10000,91,0.026090800057579595,0.000867675805893854,0.9975666666666667,0.00030550504633036475,0.16644830055879342,0.0030348222604796816,0.9512,0.0008185352771872311
10000,92,0.025502441442424723,0.0009732110671055929,0.9977333333333332,0.00030550504633038297,0.16526837621695292,0.002159464714135287,0.9523999999999999,0.0010816653826391854
10000,93,0.024900057477051096,0.0011056077384138082,0.9977666666666667,0.0007094598884597954,0.16638006311220507,0.0028248542245770196,0.9520666666666666,0.0003055050463304314
10000,94,0.024236951117608468,0.0009221087009008575,0.9978666666666666,0.00037859388971997655,0.16789863086033466,0.0020043949432829423,0.9517000000000001,0.001044030650891077
10000,95,0.02383142039319308,0.0009368081818723809,0.9980666666666668,0.0003055050463303557,0.16411961078469053,0.0016688756578750507,0.9532666666666666,0.000945163125250444
10000,96,0.023253860877797978,0.0008563430526892538,0.9983333333333334,0.00030550504633041625,0.16647837687989955,0.0025346932898094978,0.9526666666666667,0.0013203534880225156
10000,97,0.022779549472766242,0.0007999808898266109,0.9983,0.00026457513110648235,0.16447050266386107,0.0030861373721918044,0.9530333333333333,0.0010016652800877532
10000,98,0.022226260797663877,0.0008000039346442717,0.9984333333333334,0.00020816659994669258,0.1649479327805373,0.001921269274605966,0.9528333333333334,0.001501110699893039
10000,99,0.021707309179680338,0.000919538548903342,0.9985666666666667,0.0001527525231652929,0.16466606085183672,0.0014431252616965839,0.9531000000000001,0.0019000000000000258
10000,100,0.021272880192315023,0.0007579673486768914,0.9987,9.999999999998899e-05,0.16673333399308166,0.008191497004215563,0.9524,0.00293087017795054
25000,1,1.2568753458568935,0.00502363151034577,0.66816,0.013670405992508012,0.5310367845907528,0.011334555265269169,0.8490333333333333,0.016323092027349866
25000,2,0.4248749325844003,0.0007169637751851285,0.8828933333333334,0.0012851977798507387,0.3791190038688555,0.0114133687326909,0.8888666666666666,0.004996331987902052
25000,3,0.34379856895207866,0.0018132053784763974,0.9028,0.0008606973916540267,0.3389899144571347,0.015091255318495044,0.9013,0.005311308689955823
25000,4,0.306959550705827,0.0014215470586702464,0.9134533333333333,0.0006478682993736797,0.30259753722715843,0.002129345756660929,0.9125333333333333,0.0010016652800877819
25000,5,0.2805521961685658,0.0030274582074656803,0.9207200000000001,0.0011818629362156012,0.2834411019996192,0.005349293296401927,0.9165666666666666,0.0015307950004273614
25000,6,0.25890672052565517,0.003408715222607542,0.9274933333333334,0.0010200653573832295,0.26242136913919173,0.006750122659856751,0.9247,0.002433105012119214
25000,7,0.2404633055380705,0.0032073424769840085,0.9326,0.0014816207341961521,0.24910145601680758,0.0016207443917969331,0.9267333333333333,0.0012220201853215288
25000,8,0.22447150437903127,0.003712191527116645,0.9368666666666666,0.001657146141211906,0.2387509723251212,0.007101345471356635,0.9306,0.004158124577258392
25000,9,0.21011730612575405,0.0034590521410215536,0.9415066666666667,0.0009202898094260274,0.22822156529612117,0.0029698333294508974,0.9331666666666667,0.000642910050732872
25000,10,0.19704100308190728,0.004072108446725505,0.9453466666666667,0.0017537768767244887,0.21639477222940381,0.0024262236633872387,0.9371999999999999,0.0013228756555322598
25000,11,0.18523352118365666,0.004244150337020565,0.9481466666666667,0.0010309865825186002,0.20546074897543706,0.0052152662990492885,0.9400333333333334,0.0025423086620890802
25000,12,0.17472389141273262,0.004202269493632073,0.9506399999999999,0.0017394251924126717,0.19731893655149144,0.006632568242562559,0.9416333333333333,0.0022810816147901037
25000,13,0.16499437049792715,0.004276835605445471,0.95388,0.0011085125168441485,0.18922174428172622,0.007200720242663016,0.9446,0.002364318083507411
25000,14,0.1562112115662683,0.004743548867387266,0.9565066666666667,0.001275826529483212,0.18142110593206887,0.007782884493639473,0.9465,0.001664331697709299
25000,15,0.14774356767927033,0.005090235088437326,0.9588666666666666,0.0016170755496677572,0.1758361043519474,0.005662972966926757,0.9486333333333333,0.0019604421270043534
25000,16,0.14022237739650567,0.005047198938884588,0.9609200000000001,0.0010665833300778757,0.1686990894085237,0.007588283319444842,0.9502666666666667,0.003003886371574915
25000,17,0.13330652925861308,0.0053285571621200095,0.96324,0.001368795090581467,0.1679015866393219,0.004068764902943514,0.9509666666666666,0.0010692676621563782
25000,18,0.12703175643931533,0.00531562216500992,0.965,0.0013862178760930609,0.1587618527331056,0.004243729062197425,0.9545666666666666,0.0015044378795195574
25000,19,0.12077321443441241,0.0051217418292163275,0.9662666666666667,0.0020646872240931355,0.15362300926128694,0.004414890540375721,0.9543333333333334,0.0010214368964029951
25000,20,0.11526140915309656,0.004996128533446183,0.9682666666666666,0.0012068692279338185,0.1499279069586915,0.0035594667306513353,0.956,0.0006999999999999923
25000,21,0.11013339877247343,0.004861729422057699,0.96972,0.0011516944039110623,0.1465052130037673,0.00603968756666065,0.9575999999999999,0.0024758836806280317
25000,22,0.10492843654988897,0.0044116770336394325,0.97124,0.0017545369759569757,0.14666069202860632,0.009520972647081485,0.9565,0.003395585369269905
25000,23,0.10040586561607868,0.004802772689331211,0.9727600000000001,0.0015954936540143274,0.14042138695739256,0.003188390892789858,0.9589666666666666,0.0011503622617825057
25000,24,0.09585793040985778,0.0044534258182830555,0.97416,0.0015003999466809389,0.1377749441389132,0.004721875538697952,0.9594,0.0016093476939432016
25000,25,0.0918114384884058,0.004130483248684073,0.975,0.0012489995996796776,0.1369988346860643,0.004447936330229969,0.959,0.0018734993995194286
25000,26,0.0878674126911932,0.004348090632411022,0.9763066666666668,0.001270170592217173,0.1314547273943952,0.003700669488328428,0.9614333333333334,0.0005033222956846778
25000,27,0.08398050607675582,0.00376933011386028,0.9775066666666667,0.0005787342510456272,0.13055243119389215,0.004003692813161162,0.9617,0.000984885780179578
25000,28,0.08053977103351691,0.0035715356612211393,0.9785866666666667,0.00127080027279408,0.1320378745784466,0.005559515895922393,0.961,0.0021794494717703194
25000,29,0.07731936143837077,0.003144237519956992,0.9792933333333332,0.001066083173740848,0.12532342959055287,0.0035402102090489663,0.9627,0.00098488578017964
25000,30,0.07418690650013458,0.003277489589974579,0.98052,0.0009707728879608631,0.1251890294669793,0.003316337909687871,0.9632999999999999,0.0010148891565092155
25000,31,0.07097087701301924,0.0032025293505419023,0.9813200000000001,0.0008119113252073814,0.12306011067743387,0.002666908682482043,0.9635333333333334,0.00110151410945721
25000,32,0.06809194997761907,0.002904323810875689,0.9821866666666667,0.001293264602984734,0.1221525002580915,0.00177340290230145,0.9635333333333334,0.0005507570547286286
25000,33,0.06555434555096507,0.0028242966151074034,0.98312,0.0006286493458200852,0.12108447787923189,0.004098514332408326,0.9644666666666666,0.0022278539748675943
25000,34,0.0629071799166684,0.002608234679947716,0.9839333333333333,0.00032331615074625964,0.1184738808469344,0.0016846440303087927,0.9650333333333334,0.00107857931249091
25000,35,0.06045020581949286,0.0022212171112277078,0.9850533333333334,0.0006744874597301874,0.1207708871979654,0.0047745306052445115,0.9643666666666667,0.002315887159024251
25000,36,0.058263677756629446,0.0021935513472768286,0.9850533333333334,0.0006697263122598985,0.11658164077430488,0.005495773222253618,0.9660666666666667,0.002223360819420309
25000,37,0.05591150427000733,0.0023140710066046136,0.9862133333333333,0.0002948445918333173,0.12081376593427068,0.002901507467695568,0.9636666666666667,0.001517673658377598
25000,38,0.05379944943664339,0.0017882713072555805,0.9868,0.0005411099703387345,0.11367975485895959,0.004073889631968615,0.9664,0.0013000000000000095
25000,39,0.05186325788130969,0.0018726566451457711,0.9879066666666666,0.0003208322510804155,0.11291765250844858,0.00408455514120039,0.9672999999999999,0.0015132745950421466
25000,40,0.04979283297824174,0.0018457349394870911,0.9882399999999999,0.0004176122603563811,0.11197154758473664,0.001768630311824183,0.9665333333333334,0.0014047538337136926
25000,41,0.048173991310250526,0.0015178467570060032,0.9890533333333332,0.0003106981386061181,0.11364091789017994,0.003677636412359487,0.9659,0.0017320508075688787
25000,42,0.0464739691156425,0.0015115209381282356,0.9894,0.00045431266766404613,0.10947892922544857,0.002145893010711172,0.9678333333333334,0.000763762615825968
25000,43,0.044672944119007,0.0015128005643927473,0.9899066666666667,0.0004738494838378234,0.10921811742283617,0.0023331473491219673,0.9680666666666666,0.0003055050463304314
25000,44,0.04291346642487997,0.001235920122694462,0.9905733333333333,0.000574572304704404,0.10941750018696661,0.002409584411465117,0.9676333333333332,0.00040414518843269356
25000,45,0.041653878031792685,0.0014042073173632962,0.9910533333333333,0.00042015870017570307,0.10911833339827454,0.003031071464746241,0.9682,0.001044030650891077
25000,46,0.04007839727192248,0.0012239360052640057,0.9916133333333333,0.0004636090306857108,0.10758028764288495,0.0005290114137242884,0.9682333333333334,0.0007767453465153947
25000,47,0.03868265891337535,0.0011465004858730663,0.9921333333333333,0.0004687572221665764,0.10809705218660837,0.0007706250114209464,0.9675333333333334,0.0005131601439447131
25000,48,0.03738034143700678,0.001069302516330125,0.99228,0.0004799999999999527,0.10880652360047634,0.003184622169912939,0.9682666666666666,0.0010598742063722968
25000,49,0.03618175885532738,0.0009160326558237657,0.99288,0.00043999999999999595,0.10682367046194281,0.0018853716698380553,0.9676666666666667,0.0008504900548115381
25000,50,0.03481486138717845,0.00080436054201537,0.9933200000000001,0.00017435595774164213,0.1099386206885188,0.0044410927980762325,0.9677000000000001,9.999999999998899e-05
25000,51,0.03375779600690098,0.0009121710489802201,0.9935466666666667,0.0002722743714221296,0.1048175686923601,0.000995078326731171,0.9693666666666667,0.0005686240703076969
25000,52,0.03247450498840319,0.0007276033290314912,0.9940133333333333,0.00010066445913693187,0.10680626083623378,0.0010974811397497296,0.9682,0.001058300524425851
25000,53,0.03148998233462197,0.0006905631250714298,0.9944133333333335,0.00023094010767582486,0.10496424114286317,0.0013210634699105512,0.9687999999999999,0.0005196152422706861
25000,54,0.030406495213741096,0.000539891804050951,0.9946133333333332,8.326663997862414e-05,0.10638144575213038,0.0020147126799275757,0.9691333333333333,0.0008082903768654614
25000,55,0.029439486263939715,0.0005508449445964558,0.99504,0.00010583005244261078,0.10536662163102044,0.0028623968034889253,0.9693999999999999,0.0017999999999999544
25000,56,0.028391568679202814,0.0005273326794330884,0.9952933333333333,0.0001404753833713707,0.10540248737587947,0.002424216737888473,0.9690666666666666,0.000862167810425151
25000,57,0.027576089345391755,0.00043388777918854614,0.9956933333333334,0.0001847520861406567,0.10409974166107956,0.0011757113548456616,0.9700000000000001,0.0011357816691600665
25000,58,0.026630483613510187,0.00043083032157143115,0.9960399999999999,0.00010583005244257931,0.10392714924962893,0.0005959581177014095,0.9695999999999999,0.0006557438524301659
25000,59,0.025729203020381952,0.0004313399493490565,0.99616,0.00020000000000006124,0.10438421308423469,0.001572445986866524,0.9698666666666668,0.0006027713773341774
25000,60,0.025110974581616836,0.0003751840379877479,0.9964133333333334,8.326663997866414e-05,0.10317755695097293,0.001290225110342301,0.9694333333333334,0.0009073771725877008
25000,61,0.02419691674986961,0.000320302923646468,0.9964533333333333,0.00015143755588795224,0.10357741353705353,0.0015788272749328778,0.9701,0.0008185352771872803
25000,62,0.02345121768937029,0.00035007645016196006,0.9968666666666667,0.00016653327995731938,0.10351085822577806,0.0008821641507673823,0.9697333333333334,0.0005507570547286621
25000,63,0.02278439198513366,0.0003133984335523495,0.9969333333333333,0.00015143755588803166,0.10312482575791194,0.0015573023258210255,0.9698666666666668,0.0004041451884327679
25000,64,0.022121895981756665,0.0003025543134831277,0.99704,0.00012000000000000899,0.10309744369816161,0.0011434135005444696,0.9700333333333333,0.0006506407098647706
25000,65,0.021449903435649786,0.00021860929420978613,0.99736,0.0002622975409721328,0.10275457710822804,0.0017634113567290982,0.9703666666666667,0.0006110100926607901
25000,66,0.02069473036346396,0.0002051724332702491,0.9973733333333333,0.0001222020185321568,0.1035801319148809,0.0014874944537878396,0.9702333333333334,0.0006658328118479222
25000,67,0.020221257235791188,0.0002613646349638824,0.9975999999999999,8.000000000006613e-05,0.10375787566569107,0.0023287626401381207,0.9702000000000001,0.0009539392014169527
25000,68,0.01960917176475995,0.00017411826698633348,0.9977333333333332,0.00029484459183333364,0.10376301938873252,0.0009617163717613817,0.9703333333333334,0.0006429100507328475
25000,69,0.019131351111580392,0.00020624923624601362,0.9978133333333333,0.0001285820101465229,0.10369190857811676,0.0010772598998796715,0.9703666666666667,0.0009609023536933036
25000,70,0.018574096592189598,0.0001549964506243055,0.9979066666666666,8.32666399786797e-05,0.10570921474759061,0.005677753656371195,0.9693,0.002338803112705291
25000,71,0.01802626713636755,0.00017712850516130764,0.9980666666666668,0.00012858201014658477,0.10309474688817184,0.0018206573855555504,0.9702666666666667,0.0005507570547286293
25000,72,0.01748294477895704,0.00017919652596412342,0.99828,0.00017435595774168032,0.10268712396560688,0.0015173065231757325,0.9704,0.00043588989435407665
25000,73,0.01698883684634452,0.0002453226755575232,0.9983866666666668,8.32666399787197e-05,0.103316434105387,0.0011382304896177824,0.9703666666666667,0.0005033222956847457
25000,74,0.016518529388045888,0.00020903754917720092,0.99844,0.00010583005244256358,0.10378964028511166,0.0021838524827634794,0.9700666666666667,0.0005686240703077474
25000,75,0.016137871719265146,0.0001858477419483417,0.9986533333333334,0.00012858201014658046,0.10303520652896704,0.0014509302409806855,0.9709,0.0010535653752852658
25000,76,0.015683218748139795,0.00025036655456556266,0.9986533333333334,0.00020132891827385273,0.10281712087185983,0.001794059620541972,0.9706666666666667,0.0007234178138070257
25000,77,0.015302718942491356,0.00015317590366443703,0.9987866666666667,0.00019731531449267186,0.10356218904859565,0.001738904972994934,0.9708666666666667,0.0008020806277010867
25000,78,0.014930886550749417,0.00017157677328720957,0.9987866666666667,6.110100926606933e-05,0.1036350689748249,0.0019780624041095107,0.9707333333333333,0.0007371114795832236
25000,79,0.01452108963718328,0.00011905652278061785,0.9988800000000001,0.0002116601048851901,0.10300166651122251,0.0010698398935186076,0.9711,0.0006557438524301913
25000,80,0.014131222748805147,0.0002357000643610215,0.99896,0.00022271057451321422,0.10383310476683612,0.0011929900249105184,0.9710000000000001,0.0005567764362830156
25000,81,0.013838836187073432,0.00024774752393620094,0.9989866666666667,0.00019731531449267186,0.10339196676634645,0.0015795098382633125,0.9708333333333333,0.0008962886439832866
25000,82,0.013461763618636933,0.00023845629803220518,0.9990666666666667,9.237604307036841e-05,0.10371548828658879,0.0016173697116292623,0.9706333333333333,0.0004932882862315704
25000,83,0.013147284900822814,0.00022788287256715693,0.99912,0.00018330302779819889,0.10340479406637765,0.0014840669057121505,0.9711666666666666,0.0010408329997330806
25000,84,0.012819274649456903,0.0002289216194725639,0.9991599999999999,6.92820323027122e-05,0.10315380582669438,0.0012280191982751592,0.9710666666666666,0.0005686240703077474
25000,85,0.01255824995086758,0.00022002477422311444,0.9992,0.00012000000000003674,0.1039686797292942,0.0017535686467430392,0.9709,0.0006082762530298416
25000,86,0.012186248998484597,0.0002381893669812563,0.9992133333333334,9.237604307031232e-05,0.103837698796568,0.002093695514708207,0.9707333333333333,0.0007505553499465406
25000,87,0.011917187979846465,0.00023108096855603395,0.9993066666666666,0.00012220201853221132,0.10385805974024555,0.0019920709574521335,0.9709,0.0008000000000000229
25000,88,0.011628008194602248,0.0002172963148659808,0.9993333333333333,6.110100926604812e-05,0.10383380712934677,0.0022035290902225856,0.9709333333333333,0.0006429100507328849
25000,89,0.01139362864382138,0.00021517363540499558,0.9992800000000001,0.00010583005244257931,0.10389216464975702,0.0028746203424612183,0.9711333333333334,0.000814452781524755
25000,90,0.011124356808832727,0.00021001819399202093,0.9993866666666666,8.326663997862414e-05,0.10455982540865483,0.002017030108858816,0.9706999999999999,0.0006082762530298234
25000,91,0.010898684210537357,0.00024929095613741853,0.99944,4.0000000000040004e-05,0.10407113167535258,0.0018665393707503312,0.9711,0.0005000000000000143
25000,92,0.010634082088837689,0.0002360664380457377,0.99944,4.0000000000040004e-05,0.10404238097999173,0.001786567790718401,0.9709333333333333,0.0008082903768655015
25000,93,0.010415591119070684,0.00024266629183110298,0.9994933333333332,6.110100926608446e-05,0.10493515864150225,0.0022903754895727047,0.9712333333333333,0.00037859388972003277
25000,94,0.010182525311658225,0.00017339037246565981,0.9995600000000001,4.0000000000040004e-05,0.1046518254748069,0.0029796657132908607,0.9710333333333333,0.0010785793124909139
25000,95,0.009969851383735448,0.00024046694634393792,0.9995733333333333,2.3094010767600115e-05,0.10425774753618137,0.0025675733667032134,0.9715000000000001,0.0009539392014169482
25000,96,0.009727059802428675,0.00025992637140213464,0.9995600000000001,7.999999999999674e-05,0.10500264412142309,0.0021040394423476063,0.9712666666666667,0.0007505553499464752
25000,97,0.009525360733412022,0.00022048570865039282,0.9995733333333333,6.110100926607235e-05,0.10453208020648451,0.0029399684878322384,0.9715333333333334,0.00086216781042518
25000,98,0.009333057176359925,0.0002393677705856321,0.99964,6.928203230276028e-05,0.10474944115921193,0.0024747985806318645,0.9714999999999999,0.000888819441731511
25000,99,0.009175072081915226,0.00020711180682905217,0.99964,8.000000000001062e-05,0.10510648489852158,0.0025053189565611787,0.9715666666666666,0.0009504384952922242
25000,100,0.008978391183002732,0.0002272486213587688,0.9996533333333334,6.110100926605417e-05,0.10538986197736643,0.002056525640319829,0.9711666666666666,0.000642910050732872
50000,1,0.8443072784708074,0.003585934119738997,0.7755733333333333,0.003963096432504937,0.36917156987203564,0.004839454965312573,0.8939666666666666,0.002950141239556723
50000,2,0.33372309921581306,0.0011768881248092249,0.9049266666666668,0.00018147543451757633,0.2946114338538512,0.002013206113744984,0.9138999999999999,0.00020000000000006124
50000,3,0.27922514731656967,0.0018021451208974498,0.9205800000000001,0.00029051678092674595,0.26483240098731703,0.008959302600771983,0.9228999999999999,0.002685144316419516
50000,4,0.24168643010642366,0.0025255533016050233,0.93188,0.0007158212067269274,0.22606314547945025,0.003276212272291086,0.9345666666666667,0.0012342339054382133
50000,5,0.21293374584210087,0.0028121760598322303,0.9401333333333333,0.0008617037387253488,0.20346806536659537,0.002856621693301964,0.9415999999999999,0.001300000000000049
50000,6,0.1901339001068627,0.0037851289795458173,0.9468066666666667,0.0009108969938106603,0.1863095606365965,0.004187520676872721,0.9462666666666667,0.0010503967504392159
50000,7,0.17198422931299298,0.004754629390614787,0.9517933333333333,0.0015646511858345255,0.17186592041703527,0.005149706974216692,0.9502333333333334,0.001847520861406823
50000,8,0.15631852826361586,0.005454147046546298,0.9562266666666668,0.001494300282183395,0.1588642688758245,0.005430197660858345,0.9542999999999999,0.0025119713374160656
50000,9,0.14312077707370424,0.005957440013817329,0.9602733333333333,0.0017286218017060458,0.14998763655469105,0.004543990861997826,0.9569000000000001,0.0014730919862656186
50000,10,0.13203061964892146,0.005931928196542793,0.9632133333333334,0.0014144021116122812,0.1416986768937819,0.004958634099212065,0.9587333333333333,0.00040414518843269356
50000,11,0.12195039134093999,0.005755145916766808,0.9659599999999999,0.0018744599222176024,0.13441864018053698,0.0069822912915377625,0.96,0.0021794494717703675
50000,12,0.11332978679781909,0.005896904729947142,0.96832,0.0020444070044880734,0.1266091976783336,0.004975236965687082,0.9629666666666666,0.0004725815626252871
50000,13,0.10559851888464289,0.005820549784710941,0.9707733333333334,0.001607026239155259,0.12201475152725234,0.004985332599627256,0.9645,0.0020297783130184105
50000,14,0.09899798803187447,0.005447045900693148,0.9726066666666666,0.0018244268506391352,0.11666649167891663,0.004875769984411339,0.9661666666666666,0.0016165807537308885
50000,15,0.09300711667962258,0.004937192172332761,0.9743866666666667,0.001190686076736132,0.11188128708473738,0.003939857430823029,0.9667333333333333,0.0010214368964029498
50000,16,0.0874120860240547,0.004798949543411943,0.9758399999999999,0.0014237977384446653,0.10838227299081334,0.005415185366199494,0.9688333333333334,0.0010785793124909139
50000,17,0.08237253497038573,0.004182376109610313,0.9776266666666666,0.0011493186387305603,0.10439251576844351,0.005631936133537153,0.9688333333333334,0.0011547005383792607
50000,18,0.07774279500935073,0.003987325004884402,0.9789133333333333,0.001241343358355508,0.10450663619433971,0.0004268882234907149,0.9689666666666666,0.001026320287889372
50000,19,0.0734950335740825,0.0034627283286461567,0.9800533333333333,0.0011395320677073104,0.10120160156602283,0.0043740197063387295,0.9695666666666667,0.0010214368964029299
50000,20,0.06993374683415675,0.0034229137502953754,0.9812666666666666,0.001185636256755511,0.0964161506244932,0.0024251220919295426,0.9718,0.00029999999999996696
50000,21,0.06652810266018887,0.0029476910290571023,0.9822066666666666,0.0009819029144133083,0.09476588134219949,0.004023942711272228,0.9711666666666666,0.0013650396819628713
50000,22,0.06315619242507665,0.0028178697232740897,0.9831733333333333,0.000823731347790798,0.09348765995583186,0.0027435254601675704,0.9718,0.0005567764362830505
50000,23,0.0601829572976034,0.0025299159140266853,0.9840133333333334,0.0006394789545664222,0.09002229149438135,0.002275725035696201,0.9725333333333334,0.000709459888459785
50000,24,0.05749993057892767,0.0024276282679720628,0.9848,0.0007631513611335517,0.09045752112974988,0.0030526487353407287,0.9719000000000001,0.000608276253029869
50000,25,0.054813941460841925,0.0023058316634192288,0.9855200000000001,0.0008029943959953579,0.08739435815787873,0.0015898572188047864,0.9732,0.0009539392014169527
50000,26,0.052567718684337524,0.0019374582033604955,0.9862000000000001,0.0006814690014960704,0.08649821450342703,0.0026672283183796553,0.9742666666666667,0.0010692676621563782
50000,27,0.05024306439753071,0.0018420890437796035,0.9867466666666665,0.0006110100926608204,0.0866975276480252,0.0022697480379364142,0.9736333333333334,0.0005033222956846778
50000,28,0.04804823617244305,0.0016808122852501031,0.9876999999999999,0.000582065288434236,0.08652970590199188,0.003328673529328767,0.9736666666666668,0.0011930353445448526
50000,29,0.04612591124052234,0.001350417558678607,0.9884,0.00053777318638998,0.08523694577559687,0.002964856554309858,0.9746,0.000608276253029869
50000,30,0.04425849797628601,0.0012179745666491119,0.9885733333333334,0.0004244211744639485,0.08454718113137948,0.00015060517766985208,0.9740000000000001,0.0004582575694955941
50000,31,0.042365624714332924,0.0012401378122614815,0.9894666666666666,0.0003008875759038821,0.08321776740162852,0.0005607720748354401,0.9743333333333334,0.0004509249752823485
50000,32,0.040742086882874444,0.0011028013410086623,0.9896866666666666,0.00043558389930459853,0.0812782627198995,0.0012195666685223465,0.9753666666666666,0.000550757054728595
50000,33,0.03922667034540924,0.0009738708132972354,0.99032,0.00019078784028338792,0.08035534754537145,0.0008177449480858846,0.9751,0.00045825756949560925
50000,34,0.03761386698485083,0.0009733298756624369,0.9907666666666667,0.0001101514109458003,0.08004847663496806,0.0006701961741597129,0.9749333333333334,0.000585946527708246
50000,35,0.0362362580019539,0.0008934994608242726,0.9910533333333333,0.000215715862498171,0.0803286840030729,0.000994336309940247,0.9750666666666667,0.0005773502691896344
50000,36,0.03478334605214716,0.0008199364381847402,0.9919533333333334,0.00025482019804817677,0.07914575146633995,0.000405376095311194,0.9754666666666667,0.0007234178138070238
50000,37,0.03354738365323837,0.0006929348362561226,0.9921000000000001,6.928203230274425e-05,0.07915139543109456,0.0011561650405802308,0.9760666666666666,0.0008621678104251606
50000,38,0.03224007337404936,0.0005593118870527402,0.9924333333333334,8.082903768653344e-05,0.0789857080264803,0.0018652648007341868,0.9762666666666666,0.0007371114795831967
50000,39,0.031085288100549054,0.0007001643541415005,0.9928400000000001,0.00018330302779822613,0.07854052486980334,0.0010359553223104347,0.9760666666666666,5.7735026918956215e-05
50000,40,0.029935345856321485,0.0004610484506190833,0.9933200000000001,2.0000000000020002e-05,0.07726782103480849,0.0007364502621428025,0.9765333333333333,0.000585946527708246
50000,41,0.0288186484000456,0.000462554984599942,0.99378,0.00025534290669603816,0.07742599946393318,0.000658647368909648,0.9769333333333333,0.0007094598884597654
50000,42,0.02776831963708999,0.00031885641369845707,0.9940533333333333,0.0002318045153428075,0.07744486869437857,0.0004856905947024187,0.9766666666666666,0.0006110100926607901
50000,43,0.026767581824401438,0.000380063934652987,0.99436,0.00015620499351812049,0.07756705528678387,0.0007660123598081204,0.9765666666666667,0.000321455025366418
50000,44,0.025853884316981695,0.00029532646903026135,0.99466,0.00024248711305969303,0.07707329073371931,0.00191400806123131,0.9762666666666666,0.000971253485622258
50000,45,0.024965000633141055,0.00031449260584662134,0.9950666666666667,0.00013316656236959321,0.07645858251732078,0.0006262421873137897,0.9766,0.0007937253933194
50000,46,0.024086673800982606,0.00029639761139413514,0.9953333333333333,0.00020231987873993253,0.0765484122514058,0.001747221159361614,0.9768666666666667,0.0007571877794400558
50000,47,0.023261754038905253,0.0001996945652617043,0.9955666666666666,3.055050463304829e-05,0.0754382583607036,0.000383498879421843,0.9768666666666667,0.0006350852961085985
50000,48,0.022504849820431227,0.000188936835240928,0.99586,2.0000000000020002e-05,0.07574221132079885,0.0007262027595823404,0.9769666666666668,0.0004041451884327874
50000,49,0.021626381315467402,0.00025096359967313633,0.9961666666666668,0.0001331665623695793,0.07630615809691706,0.0006815035680666998,0.9772333333333333,5.7735026918956215e-05
50000,50,0.020988793253710007,0.00010467478560692756,0.9963466666666667,0.0001514375558879608,0.07604565311214524,0.0016931518849260957,0.9773333333333333,0.0002081665999466681
50000,51,0.020322547828407218,0.0001085692542352136,0.9965866666666666,4.163331998930429e-05,0.07544789605025809,0.0011344533315976082,0.9775333333333333,0.00020816659994667036
50000,52,0.0196511496490638,0.0001653247431950861,0.9967466666666667,0.00018583146486355254,0.07559258233002623,0.0010027777264522543,0.9773666666666667,0.0007234178138070187
50000,53,0.018923935403176027,0.0002115737455607755,0.9971,6.928203230274425e-05,0.07663778540309656,0.0011854850757856813,0.9770333333333333,0.0002886751345947811
50000,54,0.018371527655670204,6.75711082212989e-05,0.9971733333333334,0.0001331665623696328,0.0752224700036749,0.0007766248843973141,0.9777666666666667,0.00035118845842838596
50000,55,0.017788088865547166,0.00013602855952197485,0.9974066666666667,5.0332229568466855e-05,0.07464818690931833,0.0014998132836615396,0.9775666666666667,0.0006027713773341873
50000,56,0.01721385184139944,7.09481558335725e-05,0.9976066666666666,0.00018036999011292998,0.07553368758050012,0.0006042279350331961,0.9777,0.00045825756949560925
50000,57,0.016678204258504074,0.0001148786785467985,0.9977333333333332,4.163331998933318e-05,0.07529066679894948,0.0017057616161191187,0.9777333333333332,0.0007371114795831973
50000,58,0.016099098412826637,9.90113530373482e-05,0.9979666666666667,2.3094010767544028e-05,0.07564166480953417,0.0018381312780465305,0.9775999999999999,0.0006082762530297801
50000,59,0.015705504887816583,9.446284105693885e-05,0.9980733333333333,4.16333199893554e-05,0.07574586916738751,0.0004952673282669482,0.9777666666666667,0.0004163331998932607
50000,60,0.015146752647579337,0.00014169667390688705,0.9982266666666666,8.082903768651627e-05,0.0749100267798382,0.0011555260070447027,0.9779666666666667,0.0002516611478423306
50000,61,0.014705662027443655,0.00018122080402458942,0.9982733333333332,0.00017243356208506712,0.07539338863541223,0.0012236045862664927,0.9781333333333334,0.00030550504633041625
50000,62,0.014238591024976788,0.00018347251224827798,0.9982866666666667,5.033222956847053e-05,0.07541559282484622,0.0016403605410346444,0.9782333333333334,0.0006658328118479473
50000,63,0.013817364210478524,0.0001710322883387479,0.9984999999999999,0.00021633307652784402,0.07597279869051891,0.0010806796340879423,0.9782666666666667,0.000602771377334218
50000,64,0.013423904295869914,0.00021125088967597415,0.9986799999999999,3.464101615144424e-05,0.07591276418764736,0.001967965491241845,0.9780000000000001,0.0006082762530298554
50000,65,0.013059288843883424,0.000166694447168556,0.9986799999999999,0.00011135528725659715,0.07560837476191912,0.0012658812189263967,0.9782333333333333,0.0008621678104251988
50000,66,0.012668752270031789,0.00016703125674534132,0.9987666666666667,6.11010092660784e-05,0.07519704438951215,0.0017911280391921807,0.9782000000000001,0.0009643650760993216
50000,67,0.012263945104552728,0.00019422343679743214,0.99892,8.717797887072236e-05,0.07566050180048994,0.00170526650562232,0.9780333333333333,0.0005859465277082822
50000,68,0.01198321717336686,0.0002504955149046245,0.9989,0.00012489995996798622,0.07632455169256172,0.0003047719334154634,0.9781,0.00017320508075686865
50000,69,0.011630296476605836,0.0002403416164535097,0.9989133333333333,0.00011547005383791244,0.0763187458773411,0.0015134120954703493,0.9775666666666667,0.0002886751345947811
50000,70,0.011376382646103448,0.0002168179848070523,0.9990600000000001,6.928203230274425e-05,0.0764847075279186,0.0020393915332891283,0.9785333333333334,0.00015275252316517785
50000,71,0.011035273381128244,0.00023563311967972567,0.999,0.00012489995996798622,0.07600428814308603,0.0021501857856769994,0.9781666666666666,0.000808290376865497
50000,72,0.01072756835674851,0.0002443746294402738,0.9991599999999999,3.999999999995674e-05,0.07598462074490468,0.0013912339557173201,0.9784,0.00045825756949561527
50000,73,0.010453668568051582,0.0002033616736416116,0.9991866666666667,4.618802153515215e-05,0.07684835984670865,0.001070987905799659,0.9781333333333334,0.0002309401076758489
50000,74,0.010177992533359019,0.00022822623515894174,0.99924,4.0000000000026126e-05,0.07641364640386196,0.0015878031878704376,0.9780000000000001,0.0006244997998397977
50000,75,0.009899739641071187,0.00021507793877406818,0.9992866666666668,9.018499505649474e-05,0.07663697020225263,0.0029725452724606713,0.9784333333333333,0.0008144527815246947
50000,76,0.009641471190322206,0.00024243872727863932,0.9993333333333334,0.0001501110699892445,0.07692121078603055,0.0025026741299649198,0.9782333333333333,0.0007505553499465172
50000,77,0.009386388731544638,0.00026404180228593686,0.9993466666666667,8.326663997862414e-05,0.07647575352160196,0.0021664298868391504,0.9785333333333334,0.0008962886439832211
50000,78,0.009188775162735585,0.0002618112104752163,0.9993466666666667,3.05505046330816e-05,0.07622841465294401,0.0022297096109517105,0.9784333333333333,0.0004932882862316791
50000,79,0.008941149142342722,0.0002194585169370337,0.9994666666666667,4.163331998932429e-05,0.07706023207435375,0.0018086375066378936,0.9785666666666666,0.0007023769168568562
50000,80,0.008710807449856708,0.0002389816209079849,0.9994200000000001,0.0001113552872565772,0.07736013587486183,0.001146630176648243,0.9784333333333333,0.0006506407098647835
50000,81,0.008498297735764515,0.00022737419538271838,0.9994866666666667,5.0332229568450314e-05,0.07675410879505566,0.0019564415447767053,0.9787666666666667,0.0008736894948054222
50000,82,0.008338510751508786,0.00023334375186016812,0.9994866666666667,0.00010066445913697415,0.0772768148603823,0.0024187222518348263,0.9782666666666667,0.000513160143944677
50000,83,0.008095314393415902,0.0002465589630854544,0.9995266666666667,3.0550504633021036e-05,0.07687777878935359,0.00161108609579643,0.9786,0.0010440306508910078
50000,84,0.007943722479793415,0.00021991541439617576,0.9995333333333334,6.429100507331469e-05,0.07693840874048087,0.0024795872675081932,0.9781666666666666,0.000750555349946567
50000,85,0.0077305591153865455,0.00024990169267272773,0.9995799999999999,0.00010583005244257931,0.07812205905805703,0.0018650335657788575,0.9781,0.0005291502622129385
50000,86,0.007574046692230334,0.00022903806369661974,0.9995666666666666,7.023769168567483e-05,0.07762849316821586,0.00197198251232739,0.9784666666666667,0.0005773502691896262
50000,87,0.007380010150722559,0.00020341719949404727,0.99964,4.000000000001225e-05,0.07835672458108715,0.002431713811070113,0.9786,0.000964365076099244
50000,88,0.007242627229860389,0.0002439526509961349,0.9996200000000001,8.717797887084653e-05,0.07784712786899124,0.0024318491267630925,0.9786999999999999,0.0007937253933193684
50000,89,0.007055190837091924,0.00024404856835985283,0.99968,2.0000000000020002e-05,0.07774465814321017,0.002715115100813281,0.9783333333333334,0.0008504900548115305
50000,90,0.006901123961617549,0.00020698754413685233,0.9996933333333334,7.023769168570249e-05,0.07842130467734794,0.0019322228205903016,0.9784,0.0005567764362829932
50000,91,0.006763964968372765,0.00022723223214662626,0.9997066666666666,8.32666399787197e-05,0.07900517337154844,0.0034763105931622535,0.9786666666666667,0.0008020806277010844
50000,92,0.006627266984369833,0.00021848241093885262,0.9997466666666667,8.08290376865941e-05,0.07812875454963748,0.0025104197541570786,0.9787333333333333,0.001193035344544861
50000,93,0.006468840478962745,0.000205941887208712,0.9997266666666667,6.429100507327727e-05,0.07793474698166125,0.0019401818653416246,0.9784,0.0009539392014169759
50000,94,0.006353361977923792,0.0002205101315129093,0.9997400000000001,0.00010583005244255309,0.07858793566128634,0.0025869575705003297,0.9782666666666667,0.0007023769168567996
50000,95,0.006229915164017853,0.00021309089592432364,0.9997533333333334,7.571877794396208e-05,0.07878152336451312,0.002659306960333637,0.9784333333333333,0.000862167810425129
50000,96,0.006093547786368424,0.0002169892200884422,0.9997400000000001,7.211102550930187e-05,0.07854120066185749,0.0027230979908545554,0.9784,0.0009848857801796373
50000,97,0.005966498521821903,0.0001850114405028879,0.9998,6.92820323027122e-05,0.07869141873883222,0.0021398506966924676,0.9785333333333334,0.0009291573243177129
50000,98,0.005850357923051965,0.000204814827924302,0.9998133333333333,7.023769168570249e-05,0.07897055326163523,0.0023988854310379223,0.9787666666666667,0.0010115993936995553
50000,99,0.005740810360075652,0.00019407933507396138,0.9998,6.000000000003225e-05,0.07927121662961845,0.0026966991316219814,0.9786,0.0006557438524302083
50000,100,0.005641398064352513,0.00019503033949057707,0.9998,0.00011135528725663205,0.07958656382476141,0.002630414853192175,0.9788,0.0007000000000000002
