architecture,hidden_sizes,number_of_hidden_layers,seed,epoch,train_loss,train_accuracy,val_loss,val_accuracy
1_hidden_layer,[128],1,654571,1,0.8556026275991453,0.7721,0.3851605764142011,0.8895
1_hidden_layer,[128],1,654571,2,0.33390827047299115,0.90418,0.30670889049255895,0.9086
1_hidden_layer,[128],1,654571,3,0.2791958001520767,0.91984,0.2637709660619552,0.9237
1_hidden_layer,[128],1,654571,4,0.24258440103436035,0.93126,0.23124211518466758,0.9322
1_hidden_layer,[128],1,654571,5,0.21473247414831487,0.93896,0.2058382141924947,0.9418
1_hidden_layer,[128],1,654571,6,0.19267988663303165,0.94528,0.18544561017992192,0.9479
1_hidden_layer,[128],1,654571,7,0.17459082533793632,0.95016,0.174785406083075,0.951
1_hidden_layer,[128],1,654571,8,0.15910261859054367,0.9556,0.16692294420959253,0.9501
1_hidden_layer,[128],1,654571,9,0.14607036230310422,0.95894,0.15321286809723136,0.9556
1_hidden_layer,[128],1,654571,10,0.13456047512476982,0.9618,0.14064033352865832,0.9597
1_hidden_layer,[128],1,654571,11,0.12419527353641183,0.96594,0.1362439586941118,0.9612
1_hidden_layer,[128],1,654571,12,0.11529558522106885,0.96814,0.12692636178840838,0.9618
1_hidden_layer,[128],1,654571,13,0.10763668039176404,0.97044,0.12122246927453828,0.9658
1_hidden_layer,[128],1,654571,14,0.10071987318612592,0.97216,0.11877808589697245,0.9659
1_hidden_layer,[128],1,654571,15,0.09444014235075386,0.97336,0.111289976091576,0.9691
1_hidden_layer,[128],1,654571,16,0.08879389781027337,0.9755,0.11155985530868233,0.9683
1_hidden_layer,[128],1,654571,17,0.08369704125325425,0.97738,0.10559189364235211,0.9694
1_hidden_layer,[128],1,654571,18,0.07893637670740174,0.97858,0.0997041004682387,0.97
1_hidden_layer,[128],1,654571,19,0.07454941671110166,0.97982,0.09871344774392313,0.9714
1_hidden_layer,[128],1,654571,20,0.07084831602732712,0.98104,0.09520847920405995,0.9711
1_hidden_layer,[128],1,654571,21,0.06728943527277231,0.982,0.09394702823503522,0.9719
1_hidden_layer,[128],1,654571,22,0.06376575300035899,0.9829,0.09409933447639328,0.973
1_hidden_layer,[128],1,654571,23,0.06093598921704078,0.98352,0.09078849515432355,0.9726
1_hidden_layer,[128],1,654571,24,0.05792754401762556,0.98458,0.08992338904721517,0.9734
1_hidden_layer,[128],1,654571,25,0.0552276691826968,0.98542,0.08741981612040037,0.9741
1_hidden_layer,[128],1,654571,26,0.05281385600857812,0.98594,0.0854634642189691,0.9748
1_hidden_layer,[128],1,654571,27,0.05048471540074739,0.98696,0.08462238616724395,0.9745
1_hidden_layer,[128],1,654571,28,0.04818891230971657,0.98756,0.08802585649315108,0.9732
1_hidden_layer,[128],1,654571,29,0.04615072515516068,0.98808,0.08378376708431834,0.9749
1_hidden_layer,[128],1,654571,30,0.0441191598720748,0.989,0.08242534476401371,0.9756
1_hidden_layer,[128],1,654571,31,0.042302968008518085,0.98932,0.08149332063523179,0.9759
1_hidden_layer,[128],1,654571,32,0.04058409879236058,0.98978,0.0813813691718093,0.9759
1_hidden_layer,[128],1,654571,33,0.03889191661169232,0.99036,0.08041545069341655,0.9756
1_hidden_layer,[128],1,654571,34,0.037033756959656015,0.9914,0.07963902263458046,0.9753
1_hidden_layer,[128],1,654571,35,0.03589629888176822,0.99132,0.0782642374464798,0.9769
1_hidden_layer,[128],1,654571,36,0.03442020166573234,0.99192,0.08053759472235274,0.976
1_hidden_layer,[128],1,654571,37,0.0330145507537483,0.9927,0.07788690848487197,0.9764
1_hidden_layer,[128],1,654571,38,0.03167569635221784,0.9929,0.08037519996296062,0.9753
1_hidden_layer,[128],1,654571,39,0.030625154274970662,0.99324,0.07747738147239851,0.9765
1_hidden_layer,[128],1,654571,40,0.029292382609065207,0.99368,0.07718931185666589,0.9771
1_hidden_layer,[128],1,654571,41,0.028228360033795176,0.99392,0.07635581202671057,0.9775
1_hidden_layer,[128],1,654571,42,0.027256773233012996,0.99452,0.07679351682105037,0.9768
1_hidden_layer,[128],1,654571,43,0.026279597269451387,0.9946,0.07730345479682417,0.9764
1_hidden_layer,[128],1,654571,44,0.025270458080867957,0.99532,0.07766732840784434,0.9763
1_hidden_layer,[128],1,654571,45,0.02433636334225312,0.99512,0.07598404651909763,0.9769
1_hidden_layer,[128],1,654571,46,0.023402873221474534,0.99576,0.07617088987801764,0.9766
1_hidden_layer,[128],1,654571,47,0.02264205429877175,0.99614,0.07539693896351315,0.9777
1_hidden_layer,[128],1,654571,48,0.02192570206676055,0.99612,0.07566220300669933,0.977
1_hidden_layer,[128],1,654571,49,0.021131592028700758,0.99626,0.07728635740246262,0.9765
1_hidden_layer,[128],1,654571,50,0.020447360040543882,0.99676,0.07705950238767947,0.9765
1_hidden_layer,[128],1,654571,51,0.019788386060819185,0.99684,0.07582727056682233,0.9782
1_hidden_layer,[128],1,654571,52,0.018940714254652803,0.99706,0.0761801686800754,0.9778
1_hidden_layer,[128],1,654571,53,0.018353174860090634,0.99714,0.07492619971305867,0.9779
1_hidden_layer,[128],1,654571,54,0.017766950160818473,0.99744,0.07530907036400808,0.9776
1_hidden_layer,[128],1,654571,55,0.017213572149538944,0.99762,0.07504909084818923,0.9781
1_hidden_layer,[128],1,654571,56,0.01647843289050869,0.9978,0.07616503267883647,0.9777
1_hidden_layer,[128],1,654571,57,0.01616172200484091,0.99786,0.07552129714993729,0.9771
1_hidden_layer,[128],1,654571,58,0.015571957688687675,0.99808,0.07612682287292159,0.9777
1_hidden_layer,[128],1,654571,59,0.015156579784904733,0.99796,0.07543743653688587,0.9775
1_hidden_layer,[128],1,654571,60,0.014607389291479537,0.99808,0.0752145437155734,0.9775
1_hidden_layer,[128],1,654571,61,0.014179400980112836,0.99842,0.07608295605805664,0.9783
1_hidden_layer,[128],1,654571,62,0.013763437655904138,0.99834,0.07652427074119243,0.9773
1_hidden_layer,[128],1,654571,63,0.013371982072422402,0.99846,0.07570244070599469,0.9779
1_hidden_layer,[128],1,654571,64,0.012891927849386755,0.99862,0.0759489032426258,0.9781
1_hidden_layer,[128],1,654571,65,0.012602532200544485,0.99876,0.07588803303506689,0.9775
1_hidden_layer,[128],1,654571,66,0.012140376272034537,0.9988,0.07698352261529612,0.9774
1_hidden_layer,[128],1,654571,67,0.01183986784539061,0.999,0.07633319277795102,0.9781
1_hidden_layer,[128],1,654571,68,0.011442230932514886,0.99888,0.07707185781060752,0.9778
1_hidden_layer,[128],1,654571,69,0.011200796631230211,0.999,0.07614006624852221,0.978
1_hidden_layer,[128],1,654571,70,0.010867900599608552,0.99906,0.07668956118283038,0.9773
1_hidden_layer,[128],1,654571,71,0.010534471393326965,0.999,0.07681498336926643,0.9776
1_hidden_layer,[128],1,654571,72,0.010337787571742607,0.99912,0.07615210087952527,0.9781
1_hidden_layer,[128],1,654571,73,0.010001107349705463,0.99926,0.075908800873809,0.9784
1_hidden_layer,[128],1,654571,74,0.00974128211544943,0.99934,0.07626131397423098,0.9779
1_hidden_layer,[128],1,654571,75,0.009479396123880901,0.99932,0.07628547254090337,0.9785
1_hidden_layer,[128],1,654571,76,0.009220874393214834,0.99936,0.07771968471342412,0.9779
1_hidden_layer,[128],1,654571,77,0.008939728264820637,0.99948,0.0774963121370428,0.9783
1_hidden_layer,[128],1,654571,78,0.0087682363619098,0.99946,0.07743067299269261,0.9783
1_hidden_layer,[128],1,654571,79,0.00852847027026671,0.9995,0.0772779093653148,0.978
1_hidden_layer,[128],1,654571,80,0.008385098124662756,0.99948,0.07683478087629451,0.9778
1_hidden_layer,[128],1,654571,81,0.008160253149868655,0.99944,0.07740973924424484,0.9779
1_hidden_layer,[128],1,654571,82,0.007982788023907582,0.99948,0.07765844979030473,0.9778
1_hidden_layer,[128],1,654571,83,0.007754041826322151,0.99952,0.07811943437834899,0.9782
1_hidden_layer,[128],1,654571,84,0.007625491857043652,0.99958,0.07807894375450371,0.9782
1_hidden_layer,[128],1,654571,85,0.007434225815673844,0.99954,0.07746486926092644,0.9783
1_hidden_layer,[128],1,654571,86,0.007232961803289551,0.9996,0.07796083694001507,0.9781
1_hidden_layer,[128],1,654571,87,0.007070621477324761,0.99966,0.07819358041369415,0.9783
1_hidden_layer,[128],1,654571,88,0.006921024813945476,0.99964,0.07758156559945233,0.9783
1_hidden_layer,[128],1,654571,89,0.006757869051937023,0.9997,0.07852736792888025,0.978
1_hidden_layer,[128],1,654571,90,0.006657026970812019,0.99972,0.07767452595510814,0.9785
1_hidden_layer,[128],1,654571,91,0.0064629603456406014,0.99972,0.07821277846510982,0.978
1_hidden_layer,[128],1,654571,92,0.006354007755610795,0.9998,0.07860406672430002,0.9781
1_hidden_layer,[128],1,654571,93,0.006192646805571072,0.99982,0.0777743249013715,0.9784
1_hidden_layer,[128],1,654571,94,0.0061015314352015175,0.99982,0.07872503293911166,0.978
1_hidden_layer,[128],1,654571,95,0.005950720713092269,0.9998,0.0799216848751075,0.9783
1_hidden_layer,[128],1,654571,96,0.005830436397464624,0.9998,0.07875802769652827,0.9787
1_hidden_layer,[128],1,654571,97,0.005727293196808107,0.99984,0.07847872114363524,0.9783
1_hidden_layer,[128],1,654571,98,0.005629567926822671,0.99984,0.07841922274444314,0.9786
1_hidden_layer,[128],1,654571,99,0.005501840986537594,0.99988,0.07906624262004033,0.9777
1_hidden_layer,[128],1,654571,100,0.005422873467002984,0.99984,0.07936648999333037,0.9778
1_hidden_layer,[128],1,89250,1,0.8509216129146333,0.78984,0.3722292224044968,0.8917
1_hidden_layer,[128],1,89250,2,0.3330918719193073,0.90466,0.29338603126397605,0.9145
1_hidden_layer,[128],1,89250,3,0.2781210867424759,0.92126,0.2535225058115026,0.927
1_hidden_layer,[128],1,89250,4,0.24175781011821193,0.93216,0.22998020063726707,0.9338
1_hidden_layer,[128],1,89250,5,0.21340438499779593,0.93988,0.2051299530744619,0.9403
1_hidden_layer,[128],1,89250,6,0.19052859687743032,0.94682,0.1852375820907988,0.9465
1_hidden_layer,[128],1,89250,7,0.17210129214353118,0.9521,0.17118528657007592,0.951
1_hidden_layer,[128],1,89250,8,0.15662194954198597,0.9564,0.15883662569491902,0.9538
1_hidden_layer,[128],1,89250,9,0.14245754252658072,0.96022,0.15164232966025995,0.9563
1_hidden_layer,[128],1,89250,10,0.13144470850257278,0.9634,0.14128130052097268,0.9583
1_hidden_layer,[128],1,89250,11,0.12157434459511944,0.9662,0.1319939170862141,0.9594
1_hidden_layer,[128],1,89250,12,0.11284810369120767,0.96872,0.12590276800452443,0.9638
1_hidden_layer,[128],1,89250,13,0.10541762814264101,0.97028,0.12099293987354767,0.9641
1_hidden_layer,[128],1,89250,14,0.09849502150913622,0.97264,0.11359869149749316,0.9657
1_hidden_layer,[128],1,89250,15,0.09252962061671369,0.97382,0.11212005137086305,0.9666
1_hidden_layer,[128],1,89250,16,0.0873648832347391,0.97568,0.10804245208753772,0.9668
1_hidden_layer,[128],1,89250,17,0.08226310781212649,0.97712,0.10330639074251681,0.9688
1_hidden_layer,[128],1,89250,18,0.07793746052777632,0.97868,0.09957447491293378,0.9703
1_hidden_layer,[128],1,89250,19,0.07388249217617987,0.97924,0.0974420461736463,0.9712
1_hidden_layer,[128],1,89250,20,0.0703856417422543,0.9806,0.09763268377241167,0.9703
1_hidden_layer,[128],1,89250,21,0.06705568039343543,0.9815,0.09448975960756079,0.9709
1_hidden_layer,[128],1,89250,22,0.06371119408339175,0.98228,0.09079623424634124,0.9721
1_hidden_layer,[128],1,89250,23,0.060397568222822495,0.98364,0.08986690497804613,0.9734
1_hidden_layer,[128],1,89250,24,0.05765773196808501,0.98466,0.09189521434744564,0.9709
1_hidden_layer,[128],1,89250,25,0.055425368263262324,0.98506,0.08751412434355521,0.9725
1_hidden_layer,[128],1,89250,26,0.0529769342307217,0.98612,0.08837131155671855,0.9733
1_hidden_layer,[128],1,89250,27,0.050660733287312035,0.98636,0.08610277208493908,0.9726
1_hidden_layer,[128],1,89250,28,0.04821562337897862,0.98734,0.08342287873742563,0.9745
1_hidden_layer,[128],1,89250,29,0.04643921360699724,0.98804,0.08485785674031805,0.9729
1_hidden_layer,[128],1,89250,30,0.04465658785459426,0.98864,0.08206282757821341,0.9751
1_hidden_layer,[128],1,89250,31,0.04270582714994265,0.9891,0.08357350078342742,0.9754
1_hidden_layer,[128],1,89250,32,0.041081078682243206,0.98988,0.08055762370441942,0.9756
1_hidden_layer,[128],1,89250,33,0.03950890345863872,0.9905,0.08203798630614893,0.9744
1_hidden_layer,[128],1,89250,34,0.03764628209781346,0.99078,0.08044387158962675,0.9751
1_hidden_layer,[128],1,89250,35,0.03664375607344474,0.99122,0.07923109328502298,0.9752
1_hidden_layer,[128],1,89250,36,0.03530281258976684,0.99124,0.07863840208788929,0.9756
1_hidden_layer,[128],1,89250,37,0.0337435063773073,0.99214,0.07890687596547108,0.9763
1_hidden_layer,[128],1,89250,38,0.03269160156646515,0.99254,0.07778399121157925,0.9765
1_hidden_layer,[128],1,89250,39,0.0313019639760524,0.99294,0.07742712491399352,0.9768
1_hidden_layer,[128],1,89250,40,0.03031407933601446,0.99318,0.07821879985172565,0.9763
1_hidden_layer,[128],1,89250,41,0.029266945416868143,0.99334,0.0763334275424591,0.9771
1_hidden_layer,[128],1,89250,42,0.027981344650724136,0.99418,0.07950827112817141,0.9774
1_hidden_layer,[128],1,89250,43,0.02719845997399204,0.99424,0.0760825981527728,0.9767
1_hidden_layer,[128],1,89250,44,0.026080673661673104,0.99448,0.0759905510422191,0.9765
1_hidden_layer,[128],1,89250,45,0.02520099334073233,0.995,0.07780032167268007,0.9768
1_hidden_layer,[128],1,89250,46,0.024268032517885202,0.99532,0.07622203198997254,0.9773
1_hidden_layer,[128],1,89250,47,0.023492881510417674,0.9956,0.07857772899289102,0.9762
1_hidden_layer,[128],1,89250,48,0.022842700255009955,0.99566,0.07544578374389742,0.9765
1_hidden_layer,[128],1,89250,49,0.02207716815764471,0.9959,0.07518046233732356,0.9768
1_hidden_layer,[128],1,89250,50,0.021368938802186023,0.99622,0.07619013971063118,0.9767
1_hidden_layer,[128],1,89250,51,0.02066888209543857,0.99644,0.07672433961887914,0.9775
1_hidden_layer,[128],1,89250,52,0.019871710267105352,0.99668,0.0753927429785327,0.9774
1_hidden_layer,[128],1,89250,53,0.019115655599701572,0.99692,0.07730353401045222,0.9768
1_hidden_layer,[128],1,89250,54,0.01859365797087866,0.99722,0.0766188507929369,0.9767
1_hidden_layer,[128],1,89250,55,0.01808444536089217,0.99738,0.07510851110399475,0.9779
1_hidden_layer,[128],1,89250,56,0.017417711827892764,0.99772,0.07603427900979273,0.9782
1_hidden_layer,[128],1,89250,57,0.016977602640790308,0.99758,0.07455717212431837,0.9776
1_hidden_layer,[128],1,89250,58,0.016459270013822577,0.99778,0.0762709822267412,0.9772
1_hidden_layer,[128],1,89250,59,0.01583702034854655,0.99816,0.0747466530401951,0.9779
1_hidden_layer,[128],1,89250,60,0.015399950213513059,0.9983,0.07513680388945979,0.9778
1_hidden_layer,[128],1,89250,61,0.014999437981520475,0.99822,0.07468097430883057,0.9781
1_hidden_layer,[128],1,89250,62,0.01464415009772958,0.99834,0.07433705874577712,0.978
1_hidden_layer,[128],1,89250,63,0.014134834559581646,0.99848,0.07430531599613936,0.9779
1_hidden_layer,[128],1,89250,64,0.01383245370741638,0.99858,0.07646876980420507,0.9775
1_hidden_layer,[128],1,89250,65,0.013431219579585926,0.99868,0.07526741398670984,0.9784
1_hidden_layer,[128],1,89250,66,0.013011731153827458,0.9989,0.07615189961350158,0.9779
1_hidden_layer,[128],1,89250,67,0.012624048538760499,0.99874,0.07642569059115929,0.9779
1_hidden_layer,[128],1,89250,68,0.012309603307112425,0.99888,0.07520565346046101,0.9786
1_hidden_layer,[128],1,89250,69,0.012028101108705077,0.99888,0.07703427841409023,0.9777
1_hidden_layer,[128],1,89250,70,0.011630682240968733,0.99902,0.07720736066550067,0.9773
1_hidden_layer,[128],1,89250,71,0.011328258112187892,0.99914,0.07610332778980955,0.9783
1_hidden_layer,[128],1,89250,72,0.01104321399301206,0.99914,0.0765662771991331,0.978
1_hidden_layer,[128],1,89250,73,0.010745211873377765,0.99924,0.07717875856762994,0.9776
1_hidden_layer,[128],1,89250,74,0.010533850857746004,0.99914,0.07645790378791309,0.9777
1_hidden_layer,[128],1,89250,75,0.01018338052617191,0.99928,0.07742967187406499,0.9781
1_hidden_layer,[128],1,89250,76,0.00989569749148845,0.99924,0.07692253869970234,0.9777
1_hidden_layer,[128],1,89250,77,0.009770160867510102,0.99934,0.0767943578400069,0.9782
1_hidden_layer,[128],1,89250,78,0.00942409162509027,0.99932,0.0769488683309388,0.9784
1_hidden_layer,[128],1,89250,79,0.009222964700846579,0.9993,0.07734797574451438,0.9779
1_hidden_layer,[128],1,89250,80,0.008982879471407395,0.99932,0.07754599005508486,0.9777
1_hidden_layer,[128],1,89250,81,0.008789397577102962,0.99946,0.07693917963739813,0.9779
1_hidden_layer,[128],1,89250,82,0.008577101371116155,0.99942,0.07749528559946638,0.978
1_hidden_layer,[128],1,89250,83,0.008420357196771958,0.9994,0.07835848737794468,0.9776
1_hidden_layer,[128],1,89250,84,0.008220523510888556,0.99944,0.07802003687350108,0.9785
1_hidden_layer,[128],1,89250,85,0.007999613817694769,0.99948,0.07781860949029153,0.9783
1_hidden_layer,[128],1,89250,86,0.007823546737212465,0.9995,0.0782758854172338,0.9786
1_hidden_layer,[128],1,89250,87,0.00763151294212204,0.99952,0.0794208955213987,0.9772
1_hidden_layer,[128],1,89250,88,0.0074700526196657905,0.99954,0.0791609481547531,0.9782
1_hidden_layer,[128],1,89250,89,0.007316089568230007,0.99958,0.07827265523258138,0.9785
1_hidden_layer,[128],1,89250,90,0.0071418804216335915,0.99964,0.07855497999578578,0.9783
1_hidden_layer,[128],1,89250,91,0.0069558326051317515,0.99966,0.07895302695218312,0.9788
1_hidden_layer,[128],1,89250,92,0.00682912395030367,0.9997,0.07841998295444508,0.9776
1_hidden_layer,[128],1,89250,93,0.00667656437956352,0.99966,0.07901495619952412,0.978
1_hidden_layer,[128],1,89250,94,0.006533043585099795,0.99964,0.07865610784473419,0.9782
1_hidden_layer,[128],1,89250,95,0.006421424691900325,0.99972,0.07955364351203689,0.9784
1_hidden_layer,[128],1,89250,96,0.006286003299378837,0.99978,0.08051539409959364,0.9781
1_hidden_layer,[128],1,89250,97,0.0061720191479012485,0.9997,0.07939727743294357,0.9782
1_hidden_layer,[128],1,89250,98,0.006004124341118799,0.99974,0.07971627588931122,0.9787
1_hidden_layer,[128],1,89250,99,0.005935673004280498,0.99978,0.08037580167529924,0.9783
1_hidden_layer,[128],1,89250,100,0.005794555689683456,0.9998,0.08046609543160937,0.9787
1_hidden_layer,[128],1,773955,1,0.8355088292220624,0.78054,0.37394402839862173,0.8959
1_hidden_layer,[128],1,773955,2,0.33186116029478396,0.90584,0.30204744861046695,0.9124
1_hidden_layer,[128],1,773955,3,0.28150277781162314,0.91952,0.27182360294628904,0.919
1_hidden_layer,[128],1,773955,4,0.24309181911328143,0.93132,0.2336592621613981,0.9328
1_hidden_layer,[128],1,773955,5,0.21334623317501367,0.94018,0.20041160917108317,0.9448
1_hidden_layer,[128],1,773955,6,0.19011210441037554,0.94752,0.18428405038827939,0.9472
1_hidden_layer,[128],1,773955,7,0.17086679288893017,0.9524,0.1729282140883191,0.951
1_hidden_layer,[128],1,773955,8,0.15523521804772059,0.95634,0.1587827958438318,0.9551
1_hidden_layer,[128],1,773955,9,0.1419756743075677,0.96042,0.1481263456236045,0.9579
1_hidden_layer,[128],1,773955,10,0.130689519379051,0.9637,0.14338558095365392,0.9584
1_hidden_layer,[128],1,773955,11,0.12088617126942276,0.96648,0.13254440273784557,0.9614
1_hidden_layer,[128],1,773955,12,0.11207090991324481,0.96882,0.1265509944633443,0.963
1_hidden_layer,[128],1,773955,13,0.10422930859383714,0.97122,0.11992699528023941,0.9647
1_hidden_layer,[128],1,773955,14,0.09755340405591982,0.97364,0.11422475089050317,0.9663
1_hidden_layer,[128],1,773955,15,0.09168574825154657,0.97496,0.1099020425166522,0.968
1_hidden_layer,[128],1,773955,16,0.0863833191117758,0.97682,0.10745069244638117,0.9686
1_hidden_layer,[128],1,773955,17,0.08148754621221437,0.97804,0.10286950832781507,0.9708
1_hidden_layer,[128],1,773955,18,0.077097285856866,0.97918,0.10195377894836831,0.9712
1_hidden_layer,[128],1,773955,19,0.07330053421328865,0.98036,0.10024615489135251,0.9703
1_hidden_layer,[128],1,773955,20,0.06929519314205729,0.98106,0.09376685526484986,0.9729
1_hidden_layer,[128],1,773955,21,0.06614394052775942,0.98182,0.09688933172860684,0.9718
1_hidden_layer,[128],1,773955,22,0.06298424242668127,0.9832,0.09204165064715618,0.9738
1_hidden_layer,[128],1,773955,23,0.05999236412002107,0.98424,0.09093041064069478,0.9737
1_hidden_layer,[128],1,773955,24,0.05773965416129338,0.98438,0.08966166931773513,0.9727
1_hidden_layer,[128],1,773955,25,0.05524030185495426,0.98566,0.08860956131129509,0.974
1_hidden_layer,[128],1,773955,26,0.05289596876530919,0.98552,0.08698004831745905,0.974
1_hidden_layer,[128],1,773955,27,0.05065300392897746,0.98692,0.08526733877640133,0.9743
1_hidden_layer,[128],1,773955,28,0.048670514619436486,0.98736,0.08392627878306527,0.9747
1_hidden_layer,[128],1,773955,29,0.046529509643956454,0.98832,0.08558887289447194,0.9753
1_hidden_layer,[128],1,773955,30,0.04467381617427988,0.98868,0.08575372499890366,0.9752
1_hidden_layer,[128],1,773955,31,0.04307720390733,0.9893,0.08615554136889435,0.9741
1_hidden_layer,[128],1,773955,32,0.04149648131178892,0.9897,0.08286509211408268,0.9756
1_hidden_layer,[128],1,773955,33,0.039778345121319114,0.9901,0.07916959204928498,0.976
1_hidden_layer,[128],1,773955,34,0.03825595131108758,0.99062,0.08470238225525369,0.9741
1_hidden_layer,[128],1,773955,35,0.03700410485646153,0.99112,0.079048240585087,0.9757
1_hidden_layer,[128],1,773955,36,0.035448504218854926,0.99184,0.07958685639963362,0.9767
1_hidden_layer,[128],1,773955,37,0.03421329954169702,0.99164,0.08085181952470771,0.9755
1_hidden_layer,[128],1,773955,38,0.03289303797719622,0.99254,0.07789490318141673,0.9769
1_hidden_layer,[128],1,773955,39,0.03181473164474674,0.9924,0.07834632840179867,0.9755
1_hidden_layer,[128],1,773955,40,0.030519833535992615,0.99348,0.08081036790631316,0.9755
1_hidden_layer,[128],1,773955,41,0.029365618923171254,0.99374,0.07916125708581451,0.976
1_hidden_layer,[128],1,773955,42,0.028415012295413506,0.99406,0.07907130040056291,0.976
1_hidden_layer,[128],1,773955,43,0.02724481910290824,0.99442,0.07760938904237333,0.9772
1_hidden_layer,[128],1,773955,44,0.026286283582605305,0.99472,0.07736920090756085,0.9775
1_hidden_layer,[128],1,773955,45,0.025519816764114515,0.99498,0.07742435499180154,0.9767
1_hidden_layer,[128],1,773955,46,0.024543021410589668,0.99506,0.07768295862506336,0.9769
1_hidden_layer,[128],1,773955,47,0.0238346304775237,0.99528,0.07709942438366192,0.9772
1_hidden_layer,[128],1,773955,48,0.022842122349547214,0.99592,0.07687217597577752,0.9764
1_hidden_layer,[128],1,773955,49,0.022026942957078084,0.99604,0.07834260723240197,0.9762
1_hidden_layer,[128],1,773955,50,0.021374472253664054,0.99658,0.07715158035376636,0.9772
1_hidden_layer,[128],1,773955,51,0.020744739804279513,0.9966,0.07757157135237785,0.9771
1_hidden_layer,[128],1,773955,52,0.020165972017482145,0.99692,0.07757277063977303,0.9771
1_hidden_layer,[128],1,773955,53,0.01938602819218386,0.99694,0.07744826986241451,0.9772
1_hidden_layer,[128],1,773955,54,0.018778154269943892,0.99732,0.0768909475896774,0.978
1_hidden_layer,[128],1,773955,55,0.018241652537264313,0.99724,0.07798464102516478,0.9772
1_hidden_layer,[128],1,773955,56,0.017715513390260545,0.9974,0.07720463934238367,0.9775
1_hidden_layer,[128],1,773955,57,0.01718481700685652,0.99738,0.07765686048503652,0.9775
1_hidden_layer,[128],1,773955,58,0.01653601323049651,0.99784,0.07665101126965104,0.9778
1_hidden_layer,[128],1,773955,59,0.01596202755368568,0.99784,0.0768250026828401,0.9777
1_hidden_layer,[128],1,773955,60,0.015590884765809063,0.99778,0.07707844601059781,0.9779
1_hidden_layer,[128],1,773955,61,0.015117831465307483,0.9983,0.07796589229192151,0.9777
1_hidden_layer,[128],1,773955,62,0.014767571672411973,0.99826,0.07694556353386371,0.9778
1_hidden_layer,[128],1,773955,63,0.014160860134117754,0.99836,0.07816473396856756,0.9774
1_hidden_layer,[128],1,773955,64,0.013888283383933163,0.99842,0.07824908357799062,0.977
1_hidden_layer,[128],1,773955,65,0.013461199082503856,0.99864,0.0791411891325429,0.9779
1_hidden_layer,[128],1,773955,66,0.013130152774295085,0.99876,0.07911254415222764,0.9771
1_hidden_layer,[128],1,773955,67,0.01272485881474937,0.99872,0.07853242108248225,0.9772
1_hidden_layer,[128],1,773955,68,0.012364569946663653,0.99888,0.07898932839263775,0.9774
1_hidden_layer,[128],1,773955,69,0.012053248983826547,0.99898,0.07849518909016838,0.9785
1_hidden_layer,[128],1,773955,70,0.011683209339377143,0.99896,0.07871132318483033,0.9774
1_hidden_layer,[128],1,773955,71,0.011426800837350131,0.99912,0.0790025271733772,0.9776
1_hidden_layer,[128],1,773955,72,0.011126552733738498,0.99914,0.0784631940991281,0.978
1_hidden_layer,[128],1,773955,73,0.010783730252669156,0.9992,0.07907909508410979,0.9778
1_hidden_layer,[128],1,773955,74,0.010503319076567345,0.99916,0.07912039925768122,0.978
1_hidden_layer,[128],1,773955,75,0.010255772282634036,0.99924,0.07909061385763476,0.9776
1_hidden_layer,[128],1,773955,76,0.01001766209364017,0.99942,0.07824361541455717,0.9781
1_hidden_layer,[128],1,773955,77,0.009761458539652946,0.9993,0.07966793448853202,0.9777
1_hidden_layer,[128],1,773955,78,0.009521911144865532,0.99934,0.07994752603245216,0.9779
1_hidden_layer,[128],1,773955,79,0.009295161301844357,0.9994,0.08070435336222459,0.9775
1_hidden_layer,[128],1,773955,80,0.00910486603242509,0.99948,0.07932446689078794,0.9782
1_hidden_layer,[128],1,773955,81,0.008841887109502513,0.99946,0.08006435061054656,0.9778
1_hidden_layer,[128],1,773955,82,0.008723146783146733,0.9995,0.07978466380061193,0.9779
1_hidden_layer,[128],1,773955,83,0.008470727861230655,0.99956,0.07994538138583054,0.9777
1_hidden_layer,[128],1,773955,84,0.008261439232729264,0.9996,0.0816407628766154,0.9771
1_hidden_layer,[128],1,773955,85,0.008058307445535266,0.99954,0.08017881600245483,0.9777
1_hidden_layer,[128],1,773955,86,0.007890692659206147,0.99964,0.08111728457761341,0.9775
1_hidden_layer,[128],1,773955,87,0.00770436281517463,0.99958,0.08167103276995744,0.9777
1_hidden_layer,[128],1,773955,88,0.0075236313739168404,0.99958,0.08130796318381059,0.9775
1_hidden_layer,[128],1,773955,89,0.00731390484996896,0.99966,0.08115564939601602,0.9782
1_hidden_layer,[128],1,773955,90,0.007157549531298731,0.99962,0.08092167243802899,0.978
1_hidden_layer,[128],1,773955,91,0.007024108006683692,0.99962,0.0820127810869378,0.9779
1_hidden_layer,[128],1,773955,92,0.00687996043123124,0.99968,0.0817143334023355,0.9773
1_hidden_layer,[128],1,773955,93,0.006735050543075417,0.99974,0.0823824639288971,0.9778
1_hidden_layer,[128],1,773955,94,0.006609908184540785,0.9997,0.08167605282640127,0.9777
1_hidden_layer,[128],1,773955,95,0.006455163473035831,0.99972,0.08169285576134491,0.9782
1_hidden_layer,[128],1,773955,96,0.006327817922272726,0.99974,0.08200642755951798,0.9778
1_hidden_layer,[128],1,773955,97,0.006212794899134134,0.99978,0.08207036601725763,0.9778
1_hidden_layer,[128],1,773955,98,0.006072257939096471,0.99976,0.08217878886069294,0.9787
1_hidden_layer,[128],1,773955,99,0.005970827277532651,0.9998,0.08254886863288016,0.9783
1_hidden_layer,[128],1,773955,100,0.005827555615364416,0.99972,0.08255983862150044,0.9778
2_hidden_layers,"[128, 128]",2,654571,1,2.106420137268648,0.22354,0.9925564736723187,0.6354
2_hidden_layers,"[128, 128]",2,654571,2,0.5786299626473483,0.82328,0.4831670255297189,0.8449
2_hidden_layers,"[128, 128]",2,654571,3,0.37080658743442546,0.8931,0.3689420727152858,0.8879
2_hidden_layers,"[128, 128]",2,654571,4,0.27985105223334705,0.91908,0.26885448880766005,0.9179
2_hidden_layers,"[128, 128]",2,654571,5,0.22002241477823176,0.9372,0.2004705728573124,0.9417
2_hidden_layers,"[128, 128]",2,654571,6,0.17915148158759214,0.9482,0.16071048652871756,0.9535
2_hidden_layers,"[128, 128]",2,654571,7,0.15008469811827238,0.95644,0.154154555514242,0.955
2_hidden_layers,"[128, 128]",2,654571,8,0.13008027930319568,0.96292,0.14191816685599654,0.9569
2_hidden_layers,"[128, 128]",2,654571,9,0.11429945359310117,0.9676,0.1368920855737542,0.9565
2_hidden_layers,"[128, 128]",2,654571,10,0.10072924596586103,0.97092,0.11395905738713039,0.9655
2_hidden_layers,"[128, 128]",2,654571,11,0.08955305947477037,0.97492,0.11743587253063784,0.9633
2_hidden_layers,"[128, 128]",2,654571,12,0.08052679099190176,0.97692,0.10495048252108045,0.9667
2_hidden_layers,"[128, 128]",2,654571,13,0.07404013412146773,0.97948,0.09753780417855011,0.9716
2_hidden_layers,"[128, 128]",2,654571,14,0.06712495259417205,0.981,0.0949805569447917,0.9708
2_hidden_layers,"[128, 128]",2,654571,15,0.06076525301316034,0.9828,0.09635646289372647,0.9709
2_hidden_layers,"[128, 128]",2,654571,16,0.0558468193815155,0.98402,0.09201096509236198,0.9729
2_hidden_layers,"[128, 128]",2,654571,17,0.05070136916031346,0.98584,0.08879731713768825,0.9737
2_hidden_layers,"[128, 128]",2,654571,18,0.04581384410914323,0.98726,0.08544052401086696,0.9746
2_hidden_layers,"[128, 128]",2,654571,19,0.04223557010447013,0.98818,0.09116382437136768,0.9726
2_hidden_layers,"[128, 128]",2,654571,20,0.03876209683998641,0.98908,0.08524036399026612,0.9748
2_hidden_layers,"[128, 128]",2,654571,21,0.03550651848449575,0.99004,0.08341410654739538,0.9753
2_hidden_layers,"[128, 128]",2,654571,22,0.031992849004456814,0.99146,0.08183737462844073,0.9763
2_hidden_layers,"[128, 128]",2,654571,23,0.029370635935266863,0.99228,0.08769416293231105,0.974
2_hidden_layers,"[128, 128]",2,654571,24,0.026995713089565176,0.99304,0.08562994797401276,0.975
2_hidden_layers,"[128, 128]",2,654571,25,0.024376278061148327,0.99392,0.0817759821865292,0.977
2_hidden_layers,"[128, 128]",2,654571,26,0.02230489168930735,0.99492,0.08752695660697918,0.975
2_hidden_layers,"[128, 128]",2,654571,27,0.02043810832327891,0.99536,0.0822012457232686,0.9778
2_hidden_layers,"[128, 128]",2,654571,28,0.01793354903072572,0.99614,0.0846763196795587,0.9754
2_hidden_layers,"[128, 128]",2,654571,29,0.016825616271871093,0.99644,0.08083077726656102,0.9789
2_hidden_layers,"[128, 128]",2,654571,30,0.014883520799067325,0.99712,0.08224672506859708,0.9781
2_hidden_layers,"[128, 128]",2,654571,31,0.01365377694133054,0.9975,0.07780466103931753,0.9791
2_hidden_layers,"[128, 128]",2,654571,32,0.012310581044732696,0.998,0.08122289027726706,0.9784
2_hidden_layers,"[128, 128]",2,654571,33,0.01119976951797326,0.99824,0.08327541074840118,0.9778
2_hidden_layers,"[128, 128]",2,654571,34,0.010266794667496444,0.99854,0.08094983940326907,0.9793
2_hidden_layers,"[128, 128]",2,654571,35,0.009311674318812928,0.99882,0.08105761554494591,0.9786
2_hidden_layers,"[128, 128]",2,654571,36,0.008460118566444352,0.99892,0.08722112614959647,0.977
2_hidden_layers,"[128, 128]",2,654571,37,0.0077233774395984445,0.99912,0.08633296714112394,0.9786
2_hidden_layers,"[128, 128]",2,654571,38,0.006883453697081182,0.99932,0.14026087650158378,0.964
2_hidden_layers,"[128, 128]",2,654571,39,0.006556769292687405,0.9994,0.08467603500917903,0.9798
2_hidden_layers,"[128, 128]",2,654571,40,0.0058178475064578255,0.9995,0.08927873855252115,0.9773
2_hidden_layers,"[128, 128]",2,654571,41,0.005464807931640502,0.99952,0.08535372400401083,0.9796
2_hidden_layers,"[128, 128]",2,654571,42,0.005029874379987831,0.99962,0.08545832579787212,0.9795
2_hidden_layers,"[128, 128]",2,654571,43,0.004631150945604938,0.99968,0.08858183648297042,0.9787
2_hidden_layers,"[128, 128]",2,654571,44,0.00424555553634719,0.9998,0.08860912796622426,0.9793
2_hidden_layers,"[128, 128]",2,654571,45,0.003957558680557047,0.99982,0.08727709390017381,0.9789
2_hidden_layers,"[128, 128]",2,654571,46,0.003701989767724178,0.99988,0.08817254929650623,0.9794
2_hidden_layers,"[128, 128]",2,654571,47,0.0034786183554601723,0.99988,0.08754353999401299,0.9799
2_hidden_layers,"[128, 128]",2,654571,48,0.0034545006343208217,0.99982,0.09118566194920694,0.9792
2_hidden_layers,"[128, 128]",2,654571,49,0.003022042116112153,0.9999,0.09058944713910395,0.9791
2_hidden_layers,"[128, 128]",2,654571,50,0.002884141054857919,0.9999,0.08861108303270876,0.9798
2_hidden_layers,"[128, 128]",2,654571,51,0.0027084829674949265,0.99994,0.08932981814697084,0.9805
2_hidden_layers,"[128, 128]",2,654571,52,0.0025196431426173665,0.99998,0.09006973485235444,0.9797
2_hidden_layers,"[128, 128]",2,654571,53,0.0023526733283617714,0.99998,0.09072241905148888,0.9803
2_hidden_layers,"[128, 128]",2,654571,54,0.002242609377424656,0.99994,0.09112396878688993,0.9798
2_hidden_layers,"[128, 128]",2,654571,55,0.0022590985422511344,0.99994,0.0904239999513878,0.98
2_hidden_layers,"[128, 128]",2,654571,56,0.0020454678839406572,0.99998,0.09218732147821611,0.9796
2_hidden_layers,"[128, 128]",2,654571,57,0.0019460347460399615,1.0,0.09217329936385703,0.9802
2_hidden_layers,"[128, 128]",2,654571,58,0.0018508740115728054,0.99998,0.0922903414119814,0.98
2_hidden_layers,"[128, 128]",2,654571,59,0.0018077326042360065,0.99998,0.09242613577410835,0.9803
2_hidden_layers,"[128, 128]",2,654571,60,0.001718029329915637,1.0,0.09263069730260447,0.9806
2_hidden_layers,"[128, 128]",2,654571,61,0.0016581844507629509,1.0,0.09357997911108375,0.9806
2_hidden_layers,"[128, 128]",2,654571,62,0.0015832494558074399,1.0,0.09497583108351249,0.9795
2_hidden_layers,"[128, 128]",2,654571,63,0.0015248536119669834,1.0,0.09350593880619261,0.9805
2_hidden_layers,"[128, 128]",2,654571,64,0.0014776907999033773,1.0,0.09428864695746532,0.9798
2_hidden_layers,"[128, 128]",2,654571,65,0.0014195820024764051,1.0,0.09482505702726335,0.9805
2_hidden_layers,"[128, 128]",2,654571,66,0.001364226886569162,1.0,0.0957556152793725,0.98
2_hidden_layers,"[128, 128]",2,654571,67,0.001323856564066629,1.0,0.09595657844594187,0.98
2_hidden_layers,"[128, 128]",2,654571,68,0.0012907904890921563,1.0,0.09576591175089254,0.9804
2_hidden_layers,"[128, 128]",2,654571,69,0.0012464848627131747,1.0,0.09573809335997902,0.9805
2_hidden_layers,"[128, 128]",2,654571,70,0.0012150105045809702,1.0,0.09737163694678048,0.9793
2_hidden_layers,"[128, 128]",2,654571,71,0.0011686461267948235,1.0,0.0970232356534146,0.9796
2_hidden_layers,"[128, 128]",2,654571,72,0.001140915114983223,1.0,0.09723938662939943,0.9802
2_hidden_layers,"[128, 128]",2,654571,73,0.0011126391938614958,1.0,0.09701679002926876,0.9801
2_hidden_layers,"[128, 128]",2,654571,74,0.0010786642032114262,1.0,0.09711345008194937,0.9804
2_hidden_layers,"[128, 128]",2,654571,75,0.0010435505877530614,1.0,0.09768794816543339,0.9806
2_hidden_layers,"[128, 128]",2,654571,76,0.0010134217364483659,1.0,0.0986645398453842,0.9798
2_hidden_layers,"[128, 128]",2,654571,77,0.0009821099136611288,1.0,0.09851731286356677,0.9798
2_hidden_layers,"[128, 128]",2,654571,78,0.0009637398691060724,1.0,0.09925806330261595,0.9806
2_hidden_layers,"[128, 128]",2,654571,79,0.0009391673812918337,1.0,0.09861014800801071,0.9805
2_hidden_layers,"[128, 128]",2,654571,80,0.0009208358624730982,1.0,0.0989745424388967,0.9804
2_hidden_layers,"[128, 128]",2,654571,81,0.0008870784877501436,1.0,0.09963600284023372,0.9798
2_hidden_layers,"[128, 128]",2,654571,82,0.0008766616010800202,1.0,0.09993535838071722,0.9795
2_hidden_layers,"[128, 128]",2,654571,83,0.0008524807069420844,1.0,0.10060270870588467,0.9801
2_hidden_layers,"[128, 128]",2,654571,84,0.0008383226162507444,1.0,0.09992324800410021,0.9796
2_hidden_layers,"[128, 128]",2,654571,85,0.0008139056127493132,1.0,0.09976085525737692,0.9804
2_hidden_layers,"[128, 128]",2,654571,86,0.0007962510311263287,1.0,0.1002896941224099,0.9804
2_hidden_layers,"[128, 128]",2,654571,87,0.0007800768089147749,1.0,0.10025478449665079,0.9804
2_hidden_layers,"[128, 128]",2,654571,88,0.0007651822660631612,1.0,0.1007414575012295,0.9803
2_hidden_layers,"[128, 128]",2,654571,89,0.0007471022602265323,1.0,0.10202612817417539,0.9796
2_hidden_layers,"[128, 128]",2,654571,90,0.0007354995315540368,1.0,0.10103893574525774,0.9801
2_hidden_layers,"[128, 128]",2,654571,91,0.0007147810362422873,1.0,0.10171841390644591,0.9799
2_hidden_layers,"[128, 128]",2,654571,92,0.0006990888807249003,1.0,0.10194991949691119,0.9794
2_hidden_layers,"[128, 128]",2,654571,93,0.0006861578130275706,1.0,0.1020939028194334,0.9799
2_hidden_layers,"[128, 128]",2,654571,94,0.0006775120225886944,1.0,0.10210805059155631,0.9802
2_hidden_layers,"[128, 128]",2,654571,95,0.0006644540019658775,1.0,0.10307545875678897,0.9797
2_hidden_layers,"[128, 128]",2,654571,96,0.0006510292147783018,1.0,0.10253445305980395,0.9804
2_hidden_layers,"[128, 128]",2,654571,97,0.0006363774902765505,1.0,0.10286826071179876,0.9804
2_hidden_layers,"[128, 128]",2,654571,98,0.0006306309859272187,1.0,0.10334210981743941,0.9802
2_hidden_layers,"[128, 128]",2,654571,99,0.0006170685022106448,1.0,0.1030926789308478,0.9804
2_hidden_layers,"[128, 128]",2,654571,100,0.000604373674325302,1.0,0.10353830610936439,0.9805
2_hidden_layers,"[128, 128]",2,89250,1,2.0315333118696497,0.25854,0.8528159608892049,0.7081
2_hidden_layers,"[128, 128]",2,89250,2,0.5760552729429756,0.8247,0.4465963837499053,0.867
2_hidden_layers,"[128, 128]",2,89250,3,0.36718484863215395,0.89366,0.3086732321963189,0.9096
2_hidden_layers,"[128, 128]",2,89250,4,0.2772004541501977,0.92084,0.27254739609807943,0.9163
2_hidden_layers,"[128, 128]",2,89250,5,0.21856595685316868,0.93728,0.19946220870291137,0.9417
2_hidden_layers,"[128, 128]",2,89250,6,0.17845563929095992,0.94922,0.17647088573183298,0.9471
2_hidden_layers,"[128, 128]",2,89250,7,0.15186744773198874,0.9567,0.1495692073942001,0.9568
2_hidden_layers,"[128, 128]",2,89250,8,0.13274440939558818,0.96234,0.13785823933372857,0.9605
2_hidden_layers,"[128, 128]",2,89250,9,0.11551794230777554,0.96706,0.1353621123698585,0.9595
2_hidden_layers,"[128, 128]",2,89250,10,0.10416897757892753,0.96992,0.14372336838364141,0.9565
2_hidden_layers,"[128, 128]",2,89250,11,0.09350660531334548,0.97268,0.10939925145697421,0.9669
2_hidden_layers,"[128, 128]",2,89250,12,0.08440698071056037,0.9758,0.11731882337987358,0.9649
2_hidden_layers,"[128, 128]",2,89250,13,0.07756355897670976,0.97796,0.12124284002737949,0.9613
2_hidden_layers,"[128, 128]",2,89250,14,0.07063983669831256,0.97928,0.10064145718524402,0.9687
2_hidden_layers,"[128, 128]",2,89250,15,0.06424968906625615,0.98138,0.10741987885446515,0.968
2_hidden_layers,"[128, 128]",2,89250,16,0.05899275720259166,0.98314,0.08897187090159053,0.973
2_hidden_layers,"[128, 128]",2,89250,17,0.054419225041170076,0.98438,0.08953988682711793,0.9726
2_hidden_layers,"[128, 128]",2,89250,18,0.05015891718536836,0.9861,0.08578118100163233,0.9745
2_hidden_layers,"[128, 128]",2,89250,19,0.04606102559584894,0.987,0.08610011020223433,0.9738
2_hidden_layers,"[128, 128]",2,89250,20,0.04224076914843168,0.98842,0.11470625618817623,0.964
2_hidden_layers,"[128, 128]",2,89250,21,0.03870565765170843,0.98992,0.09939809273894837,0.9704
2_hidden_layers,"[128, 128]",2,89250,22,0.03607499908759686,0.99016,0.08213779647000004,0.9758
2_hidden_layers,"[128, 128]",2,89250,23,0.031750819408732506,0.99152,0.08287904290624788,0.9762
2_hidden_layers,"[128, 128]",2,89250,24,0.0294751524861561,0.9925,0.10424593592912451,0.97
2_hidden_layers,"[128, 128]",2,89250,25,0.027402782381786714,0.99318,0.08127238269583457,0.977
2_hidden_layers,"[128, 128]",2,89250,26,0.025102311468763645,0.99384,0.10557204265882283,0.9696
2_hidden_layers,"[128, 128]",2,89250,27,0.022624915828841085,0.99488,0.08661663150363069,0.9757
2_hidden_layers,"[128, 128]",2,89250,28,0.020600439144450443,0.99546,0.08135633226485176,0.9777
2_hidden_layers,"[128, 128]",2,89250,29,0.019284509751461468,0.99554,0.08600251938288778,0.977
2_hidden_layers,"[128, 128]",2,89250,30,0.01704084815332159,0.99658,0.08453187136732593,0.977
2_hidden_layers,"[128, 128]",2,89250,31,0.015089035082224584,0.99708,0.08664430693138046,0.9764
2_hidden_layers,"[128, 128]",2,89250,32,0.013912449455628209,0.9973,0.08293612194128619,0.9768
2_hidden_layers,"[128, 128]",2,89250,33,0.01280126102472429,0.99752,0.08911423086476152,0.9759
2_hidden_layers,"[128, 128]",2,89250,34,0.011265332788505018,0.99836,0.08674282042105974,0.9772
2_hidden_layers,"[128, 128]",2,89250,35,0.010604259950061102,0.99844,0.08783828278431986,0.977
2_hidden_layers,"[128, 128]",2,89250,36,0.009863916063221446,0.99856,0.0849169670204678,0.9773
2_hidden_layers,"[128, 128]",2,89250,37,0.008540941436071625,0.99904,0.08503253912026379,0.9783
2_hidden_layers,"[128, 128]",2,89250,38,0.008069784193656697,0.99906,0.08894046672877291,0.977
2_hidden_layers,"[128, 128]",2,89250,39,0.00733569906980284,0.9992,0.08628666395667667,0.9772
2_hidden_layers,"[128, 128]",2,89250,40,0.0065658848525013275,0.99938,0.08893523213661225,0.9773
2_hidden_layers,"[128, 128]",2,89250,41,0.006074293078042917,0.9994,0.08748206758266903,0.9781
2_hidden_layers,"[128, 128]",2,89250,42,0.005528673775645214,0.9996,0.08752294806564848,0.978
2_hidden_layers,"[128, 128]",2,89250,43,0.005051762437779234,0.99968,0.09224050610142369,0.977
2_hidden_layers,"[128, 128]",2,89250,44,0.00462244059708536,0.99976,0.09018851852319525,0.9779
2_hidden_layers,"[128, 128]",2,89250,45,0.004283340980202815,0.99972,0.09077688198481926,0.9775
2_hidden_layers,"[128, 128]",2,89250,46,0.004121183983693599,0.99974,0.09080330173804292,0.9775
2_hidden_layers,"[128, 128]",2,89250,47,0.0038371746574597508,0.99982,0.09103402839712021,0.9784
2_hidden_layers,"[128, 128]",2,89250,48,0.0035371800342551677,0.99986,0.0918883076453438,0.9777
2_hidden_layers,"[128, 128]",2,89250,49,0.003241590923383701,0.99986,0.09163601978766818,0.9786
2_hidden_layers,"[128, 128]",2,89250,50,0.0030596788138810864,0.9999,0.09263655805680496,0.9777
2_hidden_layers,"[128, 128]",2,89250,51,0.002810600711577031,0.99996,0.09398896453827563,0.9775
2_hidden_layers,"[128, 128]",2,89250,52,0.0026862502929197694,0.99994,0.09372207552502633,0.9785
2_hidden_layers,"[128, 128]",2,89250,53,0.002538774892043913,0.99996,0.09371678944456102,0.9776
2_hidden_layers,"[128, 128]",2,89250,54,0.002399607130748946,1.0,0.09429213245548931,0.978
2_hidden_layers,"[128, 128]",2,89250,55,0.0023301248754882646,0.99994,0.09490692058603536,0.9776
2_hidden_layers,"[128, 128]",2,89250,56,0.0021897736864013775,0.99998,0.09439585634232063,0.9784
2_hidden_layers,"[128, 128]",2,89250,57,0.002085457792040804,0.99998,0.09533372496716083,0.9782
2_hidden_layers,"[128, 128]",2,89250,58,0.0019818977294839986,1.0,0.09564638546924986,0.9784
2_hidden_layers,"[128, 128]",2,89250,59,0.0018817654568639472,1.0,0.09520483809216011,0.978
2_hidden_layers,"[128, 128]",2,89250,60,0.0018158376092773188,0.99998,0.09614551270014254,0.978
2_hidden_layers,"[128, 128]",2,89250,61,0.0017554884855805223,0.99998,0.09584782198675572,0.9782
2_hidden_layers,"[128, 128]",2,89250,62,0.0016555402069983699,1.0,0.09630311621730053,0.9785
2_hidden_layers,"[128, 128]",2,89250,63,0.0016067633338239474,1.0,0.09673662998549601,0.9782
2_hidden_layers,"[128, 128]",2,89250,64,0.0015582827731792702,1.0,0.09747647896358032,0.9779
2_hidden_layers,"[128, 128]",2,89250,65,0.0015041587217826404,1.0,0.09756860708324167,0.9781
2_hidden_layers,"[128, 128]",2,89250,66,0.0014298769866823097,1.0,0.09807518718925352,0.9779
2_hidden_layers,"[128, 128]",2,89250,67,0.0014015284762559988,1.0,0.09887751175331598,0.9779
2_hidden_layers,"[128, 128]",2,89250,68,0.0013402436514812009,1.0,0.09876696588843428,0.978
2_hidden_layers,"[128, 128]",2,89250,69,0.0013098353189279644,1.0,0.09881626767942535,0.9779
2_hidden_layers,"[128, 128]",2,89250,70,0.0012543614877544445,1.0,0.10069170190194637,0.9778
2_hidden_layers,"[128, 128]",2,89250,71,0.0012163029940910764,1.0,0.09908948417124636,0.9782
2_hidden_layers,"[128, 128]",2,89250,72,0.0011797301062096324,1.0,0.09975029302568209,0.9778
2_hidden_layers,"[128, 128]",2,89250,73,0.0011529415191807136,1.0,0.10036279016869147,0.9779
2_hidden_layers,"[128, 128]",2,89250,74,0.0011248272525281552,1.0,0.09985501948290104,0.9777
2_hidden_layers,"[128, 128]",2,89250,75,0.001081544443989728,1.0,0.10162812440256344,0.9779
2_hidden_layers,"[128, 128]",2,89250,76,0.001062892338616117,1.0,0.10167793894544784,0.9776
2_hidden_layers,"[128, 128]",2,89250,77,0.0010328919360931286,1.0,0.10136002323443356,0.9781
2_hidden_layers,"[128, 128]",2,89250,78,0.0010026477298000693,1.0,0.10139301714573659,0.9778
2_hidden_layers,"[128, 128]",2,89250,79,0.000982215899223023,1.0,0.1016044139881843,0.9782
2_hidden_layers,"[128, 128]",2,89250,80,0.000954734409904366,1.0,0.10179516051838806,0.9779
2_hidden_layers,"[128, 128]",2,89250,81,0.0009320505133774827,1.0,0.10196407862476423,0.9777
2_hidden_layers,"[128, 128]",2,89250,82,0.0009054629257488636,1.0,0.10287038426759347,0.9779
2_hidden_layers,"[128, 128]",2,89250,83,0.0008871225530179992,1.0,0.10340980546053258,0.9778
2_hidden_layers,"[128, 128]",2,89250,84,0.0008679809797212811,1.0,0.10303707282396626,0.9774
2_hidden_layers,"[128, 128]",2,89250,85,0.0008468488607581129,1.0,0.10313542088029105,0.9776
2_hidden_layers,"[128, 128]",2,89250,86,0.0008289467298831901,1.0,0.103521921281284,0.9773
2_hidden_layers,"[128, 128]",2,89250,87,0.000807529341995513,1.0,0.10382126468024598,0.9773
2_hidden_layers,"[128, 128]",2,89250,88,0.0007909451780675383,1.0,0.10430855047040555,0.9777
2_hidden_layers,"[128, 128]",2,89250,89,0.0007806044676209947,1.0,0.10410189136678782,0.978
2_hidden_layers,"[128, 128]",2,89250,90,0.0007593157445674259,1.0,0.10434749788061604,0.9775
2_hidden_layers,"[128, 128]",2,89250,91,0.0007422906124508016,1.0,0.10441876346842953,0.9778
2_hidden_layers,"[128, 128]",2,89250,92,0.0007268148319120344,1.0,0.1045880939499561,0.9775
2_hidden_layers,"[128, 128]",2,89250,93,0.0007143700955981783,1.0,0.10473498760866362,0.9778
2_hidden_layers,"[128, 128]",2,89250,94,0.0006980049959934171,1.0,0.10508370151619924,0.9778
2_hidden_layers,"[128, 128]",2,89250,95,0.0006860647358243364,1.0,0.1055982064474114,0.9777
2_hidden_layers,"[128, 128]",2,89250,96,0.000674943410901113,1.0,0.10578569142084453,0.9779
2_hidden_layers,"[128, 128]",2,89250,97,0.0006617078508946328,1.0,0.10539259609605695,0.9776
2_hidden_layers,"[128, 128]",2,89250,98,0.0006456904432218851,1.0,0.10552627190686613,0.9779
2_hidden_layers,"[128, 128]",2,89250,99,0.0006377640654329509,1.0,0.10651545402211016,0.9779
2_hidden_layers,"[128, 128]",2,89250,100,0.0006241073711150141,1.0,0.10680043438770949,0.978
2_hidden_layers,"[128, 128]",2,773955,1,1.9454819231891791,0.29236,0.815450643062731,0.7275
2_hidden_layers,"[128, 128]",2,773955,2,0.5727193849257582,0.82328,0.464048170353751,0.8587
2_hidden_layers,"[128, 128]",2,773955,3,0.3614886356198431,0.89438,0.34637908860665073,0.8959
2_hidden_layers,"[128, 128]",2,773955,4,0.2733417988341496,0.92084,0.2630642238383138,0.9216
2_hidden_layers,"[128, 128]",2,773955,5,0.21793099294604767,0.93692,0.19400029716597786,0.9437
2_hidden_layers,"[128, 128]",2,773955,6,0.18070223349796372,0.9478,0.18334382175450847,0.9463
2_hidden_layers,"[128, 128]",2,773955,7,0.15324293419474716,0.9559,0.15298716847358473,0.955
2_hidden_layers,"[128, 128]",2,773955,8,0.13274620537082618,0.96206,0.14725050404240445,0.9552
2_hidden_layers,"[128, 128]",2,773955,9,0.11553766487712397,0.9669,0.1254762008798723,0.9617
2_hidden_layers,"[128, 128]",2,773955,10,0.10275156488534538,0.97092,0.1281111932594162,0.9617
2_hidden_layers,"[128, 128]",2,773955,11,0.09162491340937834,0.97384,0.11146088017563102,0.9663
2_hidden_layers,"[128, 128]",2,773955,12,0.08135371187637369,0.97696,0.1066974896186975,0.9663
2_hidden_layers,"[128, 128]",2,773955,13,0.07428581602451956,0.97876,0.1105060901231569,0.965
2_hidden_layers,"[128, 128]",2,773955,14,0.06696563625636978,0.98054,0.1020006214460887,0.9699
2_hidden_layers,"[128, 128]",2,773955,15,0.06100525680871633,0.98244,0.09088360982849317,0.9722
2_hidden_layers,"[128, 128]",2,773955,16,0.056111991568278154,0.9839,0.09038607588764402,0.9723
2_hidden_layers,"[128, 128]",2,773955,17,0.05070376307647746,0.98586,0.09987587980573234,0.9704
2_hidden_layers,"[128, 128]",2,773955,18,0.04689327724650251,0.9869,0.08463331509998041,0.9761
2_hidden_layers,"[128, 128]",2,773955,19,0.04313589171701447,0.98792,0.09062846268867193,0.9721
2_hidden_layers,"[128, 128]",2,773955,20,0.038528847646010736,0.9896,0.08298814545783452,0.9742
2_hidden_layers,"[128, 128]",2,773955,21,0.03573184215642374,0.99016,0.08847295141686455,0.9754
2_hidden_layers,"[128, 128]",2,773955,22,0.032423368642131495,0.9913,0.0832297946381375,0.9757
2_hidden_layers,"[128, 128]",2,773955,23,0.030349108650956153,0.99244,0.0932908829679159,0.9726
2_hidden_layers,"[128, 128]",2,773955,24,0.02707566079235734,0.99286,0.08907055456788024,0.9748
2_hidden_layers,"[128, 128]",2,773955,25,0.02521176065927707,0.99382,0.08641114803704245,0.9757
2_hidden_layers,"[128, 128]",2,773955,26,0.022446343775156224,0.99476,0.09077384314144404,0.9745
2_hidden_layers,"[128, 128]",2,773955,27,0.02085529108923357,0.99516,0.08495591785699551,0.9756
2_hidden_layers,"[128, 128]",2,773955,28,0.018354702501032237,0.99606,0.09196416979419988,0.975
2_hidden_layers,"[128, 128]",2,773955,29,0.016981235422520027,0.99658,0.09036231711425063,0.9755
2_hidden_layers,"[128, 128]",2,773955,30,0.015466891767604202,0.9969,0.09830045336569182,0.975
2_hidden_layers,"[128, 128]",2,773955,31,0.01446714838142256,0.99726,0.09849187299701219,0.974
2_hidden_layers,"[128, 128]",2,773955,32,0.012956101628121846,0.99778,0.08823685414349054,0.9755
2_hidden_layers,"[128, 128]",2,773955,33,0.011613128652708572,0.99818,0.0871253139723824,0.9755
2_hidden_layers,"[128, 128]",2,773955,34,0.01048734802122421,0.99872,0.11768063935946786,0.9676
2_hidden_layers,"[128, 128]",2,773955,35,0.009810935545379743,0.99874,0.0931000247397625,0.9768
2_hidden_layers,"[128, 128]",2,773955,36,0.008677322861911073,0.99886,0.08844641705763304,0.977
2_hidden_layers,"[128, 128]",2,773955,37,0.007945762083163766,0.99918,0.08880868968591892,0.9773
2_hidden_layers,"[128, 128]",2,773955,38,0.00703809815648673,0.99938,0.09125588657332183,0.9753
2_hidden_layers,"[128, 128]",2,773955,39,0.006630674552940229,0.9994,0.09071921570641667,0.9769
2_hidden_layers,"[128, 128]",2,773955,40,0.006347297202564033,0.9994,0.09031480787175666,0.9775
2_hidden_layers,"[128, 128]",2,773955,41,0.0056247345259216866,0.9995,0.09347758446591953,0.9768
2_hidden_layers,"[128, 128]",2,773955,42,0.005117900855924916,0.99972,0.09273630958913222,0.9777
2_hidden_layers,"[128, 128]",2,773955,43,0.004766916822391587,0.99974,0.09108717110506989,0.9769
2_hidden_layers,"[128, 128]",2,773955,44,0.004491801245238986,0.99974,0.0924775698926455,0.9778
2_hidden_layers,"[128, 128]",2,773955,45,0.004059192490924756,0.99982,0.09414450987309264,0.9774
2_hidden_layers,"[128, 128]",2,773955,46,0.0036864642987030787,0.99984,0.0955005142485097,0.9781
2_hidden_layers,"[128, 128]",2,773955,47,0.0034729982003480217,0.99986,0.09379916469962818,0.9782
2_hidden_layers,"[128, 128]",2,773955,48,0.0032858977837680018,0.99984,0.09371315930974576,0.978
2_hidden_layers,"[128, 128]",2,773955,49,0.0030404184497664533,0.9999,0.09598283577251362,0.9777
2_hidden_layers,"[128, 128]",2,773955,50,0.0028544557494464312,0.99996,0.0950165000376557,0.9776
2_hidden_layers,"[128, 128]",2,773955,51,0.0026938547353930415,0.99996,0.09604040671339573,0.9778
2_hidden_layers,"[128, 128]",2,773955,52,0.002539229796835802,0.99996,0.0970863129904546,0.9777
2_hidden_layers,"[128, 128]",2,773955,53,0.002445397958555651,0.99994,0.0973161431090656,0.9778
2_hidden_layers,"[128, 128]",2,773955,54,0.002290899761815126,0.99994,0.09809291732306609,0.9777
2_hidden_layers,"[128, 128]",2,773955,55,0.002168008238315998,0.99998,0.09732055198646557,0.9779
2_hidden_layers,"[128, 128]",2,773955,56,0.002045460730731156,1.0,0.09882671067922641,0.9779
2_hidden_layers,"[128, 128]",2,773955,57,0.0019801245629044264,0.99998,0.09906652818248289,0.9781
2_hidden_layers,"[128, 128]",2,773955,58,0.0018856297470984796,0.99998,0.09767300896289145,0.9781
2_hidden_layers,"[128, 128]",2,773955,59,0.0017962039508557296,1.0,0.09986929188390964,0.9774
2_hidden_layers,"[128, 128]",2,773955,60,0.0017238692284548577,1.0,0.09982827010492606,0.9785
2_hidden_layers,"[128, 128]",2,773955,61,0.001689230861744562,0.99998,0.09961389233668153,0.9782
2_hidden_layers,"[128, 128]",2,773955,62,0.0015882910912116998,1.0,0.10085668183963506,0.9782
2_hidden_layers,"[128, 128]",2,773955,63,0.0015265351522976084,1.0,0.10082186063071513,0.9785
2_hidden_layers,"[128, 128]",2,773955,64,0.0014941583783312715,1.0,0.10088541757826629,0.9782
2_hidden_layers,"[128, 128]",2,773955,65,0.0014512074135064508,1.0,0.1017577762723244,0.9782
2_hidden_layers,"[128, 128]",2,773955,66,0.0013879445353988573,1.0,0.10382362503667852,0.9779
2_hidden_layers,"[128, 128]",2,773955,67,0.0013331147045127275,1.0,0.1021818296204859,0.9782
2_hidden_layers,"[128, 128]",2,773955,68,0.0012995357867778387,1.0,0.10252197618123653,0.978
2_hidden_layers,"[128, 128]",2,773955,69,0.0012567224086062112,1.0,0.10265887145035474,0.978
2_hidden_layers,"[128, 128]",2,773955,70,0.001220320890786599,1.0,0.10360670215116076,0.9781
2_hidden_layers,"[128, 128]",2,773955,71,0.0011797388934399536,1.0,0.10412300302182743,0.9776
2_hidden_layers,"[128, 128]",2,773955,72,0.001147373836593038,1.0,0.10394170272905533,0.978
2_hidden_layers,"[128, 128]",2,773955,73,0.0011049143070375157,1.0,0.1038074694633133,0.978
2_hidden_layers,"[128, 128]",2,773955,74,0.0010870296943569764,1.0,0.10428765300640078,0.9782
2_hidden_layers,"[128, 128]",2,773955,75,0.0010511530998290712,1.0,0.10520862797692157,0.9781
2_hidden_layers,"[128, 128]",2,773955,76,0.0010221224139643971,1.0,0.10508471958524906,0.9784
2_hidden_layers,"[128, 128]",2,773955,77,0.0010014596957121779,1.0,0.10655311522988029,0.9783
2_hidden_layers,"[128, 128]",2,773955,78,0.0009759733612314577,1.0,0.1054795289512713,0.9782
2_hidden_layers,"[128, 128]",2,773955,79,0.000947892008145586,1.0,0.10599843034423387,0.9781
2_hidden_layers,"[128, 128]",2,773955,80,0.0009233621201538432,1.0,0.10573911831473713,0.9781
2_hidden_layers,"[128, 128]",2,773955,81,0.0009013980049108711,1.0,0.10672916237875972,0.9782
2_hidden_layers,"[128, 128]",2,773955,82,0.0008837725585030164,1.0,0.10660886788372191,0.9779
2_hidden_layers,"[128, 128]",2,773955,83,0.000863748529706482,1.0,0.1072479927033259,0.9784
2_hidden_layers,"[128, 128]",2,773955,84,0.0008404159621955794,1.0,0.10794371815504615,0.9783
2_hidden_layers,"[128, 128]",2,773955,85,0.0008226664651008463,1.0,0.10745492777016576,0.9782
2_hidden_layers,"[128, 128]",2,773955,86,0.0008048209810015143,1.0,0.1078953159326126,0.9784
2_hidden_layers,"[128, 128]",2,773955,87,0.0007845047719326681,1.0,0.10850318406908518,0.9783
2_hidden_layers,"[128, 128]",2,773955,88,0.0007727262421546408,1.0,0.10820092804303545,0.9784
2_hidden_layers,"[128, 128]",2,773955,89,0.0007520588531653898,1.0,0.10824319037470644,0.9781
2_hidden_layers,"[128, 128]",2,773955,90,0.0007378906211553702,1.0,0.10878517912531847,0.978
2_hidden_layers,"[128, 128]",2,773955,91,0.0007238154304080983,1.0,0.10917634097818607,0.9787
2_hidden_layers,"[128, 128]",2,773955,92,0.0007096492467594699,1.0,0.10929741371808048,0.9782
2_hidden_layers,"[128, 128]",2,773955,93,0.0006976730509172566,1.0,0.1098467605185715,0.9783
2_hidden_layers,"[128, 128]",2,773955,94,0.0006838002538850647,1.0,0.10976325807127969,0.9781
2_hidden_layers,"[128, 128]",2,773955,95,0.0006706978769757077,1.0,0.10956341898260362,0.978
2_hidden_layers,"[128, 128]",2,773955,96,0.0006574600632846664,1.0,0.1101178863030152,0.978
2_hidden_layers,"[128, 128]",2,773955,97,0.0006450790058749035,1.0,0.1104028801849377,0.9781
2_hidden_layers,"[128, 128]",2,773955,98,0.0006307931527049396,1.0,0.11041651924804069,0.9783
2_hidden_layers,"[128, 128]",2,773955,99,0.0006206867525252764,1.0,0.11113625110607557,0.9785
2_hidden_layers,"[128, 128]",2,773955,100,0.0006108981507900526,1.0,0.1108450167452361,0.9783
3_hidden_layers,"[128, 128, 128]",3,654571,1,2.3014740946936514,0.11248,2.301718543826419,0.1093
3_hidden_layers,"[128, 128, 128]",3,654571,2,2.301167364350007,0.11298,2.3015950199242003,0.1093
3_hidden_layers,"[128, 128, 128]",3,654571,3,2.300950738520494,0.11298,2.3012749699849193,0.1093
3_hidden_layers,"[128, 128, 128]",3,654571,4,2.2990805491699677,0.11298,2.292636194290518,0.1093
3_hidden_layers,"[128, 128, 128]",3,654571,5,1.7052631632996138,0.36036,0.9364630902780574,0.6818
3_hidden_layers,"[128, 128, 128]",3,654571,6,0.6537474669086807,0.79234,0.39943836184948434,0.8912
3_hidden_layers,"[128, 128, 128]",3,654571,7,0.3498504010888415,0.89998,0.2999941528246644,0.9144
3_hidden_layers,"[128, 128, 128]",3,654571,8,0.24729242437157478,0.93034,0.2489133040942175,0.9309
3_hidden_layers,"[128, 128, 128]",3,654571,9,0.1912010350492509,0.94644,0.20320602593345916,0.9418
3_hidden_layers,"[128, 128, 128]",3,654571,10,0.1527498685469128,0.95584,0.17119017400588046,0.9511
3_hidden_layers,"[128, 128, 128]",3,654571,11,0.126563512134936,0.96404,0.2349301854917428,0.9361
3_hidden_layers,"[128, 128, 128]",3,654571,12,0.1064648440948221,0.96894,0.13815128231723448,0.9602
3_hidden_layers,"[128, 128, 128]",3,654571,13,0.09130682885715832,0.97342,0.1236038069009115,0.9655
3_hidden_layers,"[128, 128, 128]",3,654571,14,0.07976007438337766,0.97654,0.12137930181594739,0.9665
3_hidden_layers,"[128, 128, 128]",3,654571,15,0.06822375432053449,0.9799,0.1162856692029116,0.9662
3_hidden_layers,"[128, 128, 128]",3,654571,16,0.0598287164279199,0.98248,0.12212318509376612,0.9669
3_hidden_layers,"[128, 128, 128]",3,654571,17,0.051034901052056575,0.98518,0.11525582749376426,0.9676
3_hidden_layers,"[128, 128, 128]",3,654571,18,0.045382356705894925,0.98704,0.11296248262437186,0.97
3_hidden_layers,"[128, 128, 128]",3,654571,19,0.04034216612474367,0.9882,0.1297569446412779,0.9661
3_hidden_layers,"[128, 128, 128]",3,654571,20,0.03444767740505184,0.99008,0.11556028684648122,0.97
3_hidden_layers,"[128, 128, 128]",3,654571,21,0.029888451535218546,0.99094,0.13855648332698423,0.9644
3_hidden_layers,"[128, 128, 128]",3,654571,22,0.024923127517268086,0.99338,0.13205643665767638,0.9662
3_hidden_layers,"[128, 128, 128]",3,654571,23,0.021587407800993493,0.99428,0.12218423841926825,0.9698
3_hidden_layers,"[128, 128, 128]",3,654571,24,0.01831249202885326,0.99548,0.24311451612219767,0.9453
3_hidden_layers,"[128, 128, 128]",3,654571,25,0.017682147123208782,0.99536,0.13109173552912043,0.9699
3_hidden_layers,"[128, 128, 128]",3,654571,26,0.01243698306363585,0.99682,0.12988506190950497,0.9687
3_hidden_layers,"[128, 128, 128]",3,654571,27,0.01152451398275618,0.99716,0.13266190020251742,0.97
3_hidden_layers,"[128, 128, 128]",3,654571,28,0.008984490419736162,0.99802,0.14760868517815842,0.9684
3_hidden_layers,"[128, 128, 128]",3,654571,29,0.006289547179768059,0.99886,0.13947580150640357,0.9708
3_hidden_layers,"[128, 128, 128]",3,654571,30,0.004579602765996252,0.9994,0.1350974132775198,0.9718
3_hidden_layers,"[128, 128, 128]",3,654571,31,0.003244790809472714,0.99986,0.13720778662755406,0.9714
3_hidden_layers,"[128, 128, 128]",3,654571,32,0.002683329346916346,0.99986,0.14022680838687304,0.9711
3_hidden_layers,"[128, 128, 128]",3,654571,33,0.002149999520636242,0.99996,0.14129957184945227,0.9715
3_hidden_layers,"[128, 128, 128]",3,654571,34,0.0019105727645979665,0.99994,0.1435953587326338,0.9709
3_hidden_layers,"[128, 128, 128]",3,654571,35,0.001512961387314447,1.0,0.14587564368366748,0.9715
3_hidden_layers,"[128, 128, 128]",3,654571,36,0.0013161089711510423,1.0,0.14712287278505748,0.9713
3_hidden_layers,"[128, 128, 128]",3,654571,37,0.0011637434640429268,1.0,0.1501532553618504,0.9714
3_hidden_layers,"[128, 128, 128]",3,654571,38,0.001041276048349844,1.0,0.15152153707488186,0.9711
3_hidden_layers,"[128, 128, 128]",3,654571,39,0.0009625323032965263,1.0,0.15180982756928482,0.9713
3_hidden_layers,"[128, 128, 128]",3,654571,40,0.0008914783461498103,1.0,0.15331448051419844,0.971
3_hidden_layers,"[128, 128, 128]",3,654571,41,0.0008293022399092185,1.0,0.15451127701986378,0.9712
3_hidden_layers,"[128, 128, 128]",3,654571,42,0.0007705571237254736,1.0,0.15533710094446393,0.9709
3_hidden_layers,"[128, 128, 128]",3,654571,43,0.0007207462422051978,1.0,0.15735550317666241,0.971
3_hidden_layers,"[128, 128, 128]",3,654571,44,0.0006795236319772789,1.0,0.1583901422304948,0.9714
3_hidden_layers,"[128, 128, 128]",3,654571,45,0.0006372381873800311,1.0,0.15920942080174777,0.9707
3_hidden_layers,"[128, 128, 128]",3,654571,46,0.0005974710371447179,1.0,0.16092541842821756,0.9711
3_hidden_layers,"[128, 128, 128]",3,654571,47,0.0005709557321629955,1.0,0.16124180461695056,0.9713
3_hidden_layers,"[128, 128, 128]",3,654571,48,0.0005437549979447251,1.0,0.16271400621821341,0.971
3_hidden_layers,"[128, 128, 128]",3,654571,49,0.0005157801498346556,1.0,0.163462826907112,0.9707
3_hidden_layers,"[128, 128, 128]",3,654571,50,0.0004921930824021823,1.0,0.16361429418129078,0.9708
3_hidden_layers,"[128, 128, 128]",3,654571,51,0.0004709353723118359,1.0,0.16485870363037858,0.9711
3_hidden_layers,"[128, 128, 128]",3,654571,52,0.00045206694399055835,1.0,0.16561541532695132,0.971
3_hidden_layers,"[128, 128, 128]",3,654571,53,0.00043151610077777583,1.0,0.16647566193686986,0.9708
3_hidden_layers,"[128, 128, 128]",3,654571,54,0.0004145271084498123,1.0,0.16754998150487282,0.9712
3_hidden_layers,"[128, 128, 128]",3,654571,55,0.0003993525611158085,1.0,0.167529444736358,0.9713
3_hidden_layers,"[128, 128, 128]",3,654571,56,0.00038250993772341276,1.0,0.16864932022361712,0.9706
3_hidden_layers,"[128, 128, 128]",3,654571,57,0.00037133067111152075,1.0,0.16905497829200858,0.9712
3_hidden_layers,"[128, 128, 128]",3,654571,58,0.00035743538455078295,1.0,0.170383000979218,0.9714
3_hidden_layers,"[128, 128, 128]",3,654571,59,0.0003452766666528745,1.0,0.1702597137599404,0.9709
3_hidden_layers,"[128, 128, 128]",3,654571,60,0.0003327439363676382,1.0,0.17153120656186077,0.9709
3_hidden_layers,"[128, 128, 128]",3,654571,61,0.0003215780432924881,1.0,0.1725276990030186,0.9709
3_hidden_layers,"[128, 128, 128]",3,654571,62,0.0003118695572108171,1.0,0.17284601348603393,0.9708
3_hidden_layers,"[128, 128, 128]",3,654571,63,0.000303339062411808,1.0,0.1734647511179605,0.9707
3_hidden_layers,"[128, 128, 128]",3,654571,64,0.0002933691394670512,1.0,0.17414462691481386,0.9706
3_hidden_layers,"[128, 128, 128]",3,654571,65,0.0002850107666760627,1.0,0.17453387648728289,0.9708
3_hidden_layers,"[128, 128, 128]",3,654571,66,0.0002753957837520664,1.0,0.17540510311239582,0.971
3_hidden_layers,"[128, 128, 128]",3,654571,67,0.0002695551933831399,1.0,0.1758357044651365,0.9708
3_hidden_layers,"[128, 128, 128]",3,654571,68,0.0002612219371024436,1.0,0.1759178668773674,0.9709
3_hidden_layers,"[128, 128, 128]",3,654571,69,0.0002549154559262733,1.0,0.17672238242126942,0.9707
3_hidden_layers,"[128, 128, 128]",3,654571,70,0.0002479489447821534,1.0,0.1776356185317963,0.9704
3_hidden_layers,"[128, 128, 128]",3,654571,71,0.00024149191544985672,1.0,0.17776856384478948,0.971
3_hidden_layers,"[128, 128, 128]",3,654571,72,0.0002358454792666511,1.0,0.17826778457363993,0.9708
3_hidden_layers,"[128, 128, 128]",3,654571,73,0.00022997887792742123,1.0,0.17875961346927235,0.9706
3_hidden_layers,"[128, 128, 128]",3,654571,74,0.00022349890963119392,1.0,0.17909260859894893,0.9709
3_hidden_layers,"[128, 128, 128]",3,654571,75,0.00021906036051537274,1.0,0.17961754436201585,0.9707
3_hidden_layers,"[128, 128, 128]",3,654571,76,0.00021345437018569958,1.0,0.1800674822734287,0.9706
3_hidden_layers,"[128, 128, 128]",3,654571,77,0.00020916515067249557,1.0,0.18049133759584285,0.9706
3_hidden_layers,"[128, 128, 128]",3,654571,78,0.00020410348374178688,1.0,0.1810727664284424,0.9705
3_hidden_layers,"[128, 128, 128]",3,654571,79,0.00019983358451736906,1.0,0.18176666000317765,0.9706
3_hidden_layers,"[128, 128, 128]",3,654571,80,0.00019538786513912767,1.0,0.18194751176012247,0.9709
3_hidden_layers,"[128, 128, 128]",3,654571,81,0.00019136039126283543,1.0,0.1825551407220629,0.9708
3_hidden_layers,"[128, 128, 128]",3,654571,82,0.00018732077493757214,1.0,0.18285986676870722,0.9707
3_hidden_layers,"[128, 128, 128]",3,654571,83,0.00018356810853743208,1.0,0.18333362511328577,0.9709
3_hidden_layers,"[128, 128, 128]",3,654571,84,0.00018010175703242275,1.0,0.18376264961575417,0.9707
3_hidden_layers,"[128, 128, 128]",3,654571,85,0.00017615849493635992,1.0,0.18389436058520797,0.9706
3_hidden_layers,"[128, 128, 128]",3,654571,86,0.0001723528756853908,1.0,0.1844254049042572,0.9707
3_hidden_layers,"[128, 128, 128]",3,654571,87,0.0001696045079919676,1.0,0.18495817440832438,0.9706
3_hidden_layers,"[128, 128, 128]",3,654571,88,0.00016622586288450779,1.0,0.18528146238296944,0.9706
3_hidden_layers,"[128, 128, 128]",3,654571,89,0.00016297319907971388,1.0,0.18576769423571837,0.9705
3_hidden_layers,"[128, 128, 128]",3,654571,90,0.00016050410861564727,1.0,0.18598160740836578,0.9706
3_hidden_layers,"[128, 128, 128]",3,654571,91,0.0001571622137301765,1.0,0.1862993784648191,0.9707
3_hidden_layers,"[128, 128, 128]",3,654571,92,0.0001547723363708243,1.0,0.18675797398155197,0.9707
3_hidden_layers,"[128, 128, 128]",3,654571,93,0.00015153170625324675,1.0,0.18703775524341945,0.9706
3_hidden_layers,"[128, 128, 128]",3,654571,94,0.0001493157909165809,1.0,0.18756860178623228,0.9706
3_hidden_layers,"[128, 128, 128]",3,654571,95,0.00014664554546934988,1.0,0.18771618259051245,0.9708
3_hidden_layers,"[128, 128, 128]",3,654571,96,0.00014388681322842668,1.0,0.18785945720560535,0.9707
3_hidden_layers,"[128, 128, 128]",3,654571,97,0.00014169896127813112,1.0,0.1883640535334607,0.9706
3_hidden_layers,"[128, 128, 128]",3,654571,98,0.00013948566657020695,1.0,0.1887765236890495,0.9708
3_hidden_layers,"[128, 128, 128]",3,654571,99,0.00013732775086622287,1.0,0.18901957881431813,0.9708
3_hidden_layers,"[128, 128, 128]",3,654571,100,0.00013507957958657483,1.0,0.18939258694979372,0.9707
3_hidden_layers,"[128, 128, 128]",3,89250,1,2.3014466379946015,0.11234,2.3017868336877507,0.1093
3_hidden_layers,"[128, 128, 128]",3,89250,2,2.301233907353411,0.11298,2.301818433613432,0.1093
3_hidden_layers,"[128, 128, 128]",3,89250,3,2.301076487648915,0.11298,2.3015482668611953,0.1093
3_hidden_layers,"[128, 128, 128]",3,89250,4,2.3005038033942617,0.11298,2.2998400839533795,0.1093
3_hidden_layers,"[128, 128, 128]",3,89250,5,2.115936829992295,0.19404,1.6096040405728185,0.3482
3_hidden_layers,"[128, 128, 128]",3,89250,6,1.1215488025198812,0.59736,0.6885726642162061,0.7734
3_hidden_layers,"[128, 128, 128]",3,89250,7,0.4850427658921235,0.86178,0.3485099434539022,0.9071
3_hidden_layers,"[128, 128, 128]",3,89250,8,0.30523035441621377,0.9166,0.28117267931477363,0.9242
3_hidden_layers,"[128, 128, 128]",3,89250,9,0.22982899821706826,0.93736,0.23222506363995507,0.9334
3_hidden_layers,"[128, 128, 128]",3,89250,10,0.18509008605436134,0.94898,0.19037619759658592,0.9449
3_hidden_layers,"[128, 128, 128]",3,89250,11,0.15104520406851876,0.95844,0.17588661847882212,0.9508
3_hidden_layers,"[128, 128, 128]",3,89250,12,0.12643372860471555,0.964,0.1745341864850248,0.9513
3_hidden_layers,"[128, 128, 128]",3,89250,13,0.1067715668570896,0.96968,0.18730640284853428,0.9462
3_hidden_layers,"[128, 128, 128]",3,89250,14,0.09324758895048899,0.97304,0.15645783771385455,0.9561
3_hidden_layers,"[128, 128, 128]",3,89250,15,0.07956231155924645,0.97752,0.1455610220611673,0.9605
3_hidden_layers,"[128, 128, 128]",3,89250,16,0.06992298039644586,0.97936,0.12512754717109165,0.9677
3_hidden_layers,"[128, 128, 128]",3,89250,17,0.06013355627819369,0.9826,0.1169132079225283,0.967
3_hidden_layers,"[128, 128, 128]",3,89250,18,0.05275796563531583,0.98442,0.11482883649931978,0.9697
3_hidden_layers,"[128, 128, 128]",3,89250,19,0.04477328049088042,0.98694,0.12229713738790082,0.9688
3_hidden_layers,"[128, 128, 128]",3,89250,20,0.03999524837797233,0.9881,0.1672929770270299,0.9535
3_hidden_layers,"[128, 128, 128]",3,89250,21,0.034567064141842636,0.9895,0.16418735048346883,0.9561
3_hidden_layers,"[128, 128, 128]",3,89250,22,0.02980474393788433,0.991,0.12921328932960283,0.9678
3_hidden_layers,"[128, 128, 128]",3,89250,23,0.025333949865871338,0.99266,0.1379856142181212,0.9653
3_hidden_layers,"[128, 128, 128]",3,89250,24,0.020615066199448643,0.99418,0.13051732863940432,0.9681
3_hidden_layers,"[128, 128, 128]",3,89250,25,0.017906412286566666,0.99526,0.13109239827623392,0.9701
3_hidden_layers,"[128, 128, 128]",3,89250,26,0.01699311008774758,0.99558,0.1512373272265872,0.9648
3_hidden_layers,"[128, 128, 128]",3,89250,27,0.013241367387540767,0.99662,0.1336480605247457,0.9718
3_hidden_layers,"[128, 128, 128]",3,89250,28,0.01012060018990833,0.99772,0.13941108580884085,0.9714
3_hidden_layers,"[128, 128, 128]",3,89250,29,0.007203253233399997,0.99882,0.13084982756336916,0.9719
3_hidden_layers,"[128, 128, 128]",3,89250,30,0.005541595324149881,0.99918,0.13143637039490844,0.9727
3_hidden_layers,"[128, 128, 128]",3,89250,31,0.0041112418288873805,0.99956,0.13996999447610398,0.9713
3_hidden_layers,"[128, 128, 128]",3,89250,32,0.0032020610784190035,0.99974,0.13675519398839922,0.9725
3_hidden_layers,"[128, 128, 128]",3,89250,33,0.0026081080244100604,0.99982,0.1383598964640204,0.9731
3_hidden_layers,"[128, 128, 128]",3,89250,34,0.0022542512680850187,0.99988,0.13884434819773295,0.9736
3_hidden_layers,"[128, 128, 128]",3,89250,35,0.001791761667157896,0.99994,0.14225817832066076,0.9742
3_hidden_layers,"[128, 128, 128]",3,89250,36,0.0015400577478475413,0.99996,0.1425744665007019,0.9736
3_hidden_layers,"[128, 128, 128]",3,89250,37,0.0013918538513703518,0.99998,0.14397357759936777,0.9737
3_hidden_layers,"[128, 128, 128]",3,89250,38,0.0012186983544947405,0.99998,0.14614355056214207,0.9735
3_hidden_layers,"[128, 128, 128]",3,89250,39,0.0011596630034474299,0.99994,0.1475437500076455,0.9737
3_hidden_layers,"[128, 128, 128]",3,89250,40,0.0010106966357334068,0.99998,0.1494576955506598,0.9739
3_hidden_layers,"[128, 128, 128]",3,89250,41,0.0009330063974235518,0.99998,0.15058700088201785,0.9738
3_hidden_layers,"[128, 128, 128]",3,89250,42,0.0008778348774248147,0.99998,0.15344810817262153,0.9731
3_hidden_layers,"[128, 128, 128]",3,89250,43,0.000799753239992699,0.99998,0.15278843633565709,0.974
3_hidden_layers,"[128, 128, 128]",3,89250,44,0.0007469486581465802,0.99998,0.15348434488182977,0.9733
3_hidden_layers,"[128, 128, 128]",3,89250,45,0.0006923165948977455,0.99998,0.1552179819308204,0.9736
3_hidden_layers,"[128, 128, 128]",3,89250,46,0.0006528177716438384,0.99998,0.1564999813081663,0.9735
3_hidden_layers,"[128, 128, 128]",3,89250,47,0.0006261833741673993,0.99998,0.15686345509976954,0.9735
3_hidden_layers,"[128, 128, 128]",3,89250,48,0.0005858652537403202,1.0,0.1589875824165847,0.9731
3_hidden_layers,"[128, 128, 128]",3,89250,49,0.0005569634381217158,1.0,0.15922172358114084,0.9732
3_hidden_layers,"[128, 128, 128]",3,89250,50,0.000525068456444256,1.0,0.16033285815617263,0.973
3_hidden_layers,"[128, 128, 128]",3,89250,51,0.0005049637453887743,1.0,0.15974393544697377,0.9739
3_hidden_layers,"[128, 128, 128]",3,89250,52,0.00047875955337146187,1.0,0.1614666161778945,0.9735
3_hidden_layers,"[128, 128, 128]",3,89250,53,0.00045742088143587524,1.0,0.16294429641665367,0.9734
3_hidden_layers,"[128, 128, 128]",3,89250,54,0.0004371105715867281,1.0,0.1624513362492415,0.9734
3_hidden_layers,"[128, 128, 128]",3,89250,55,0.0004198760618357134,1.0,0.16338478134887371,0.9734
3_hidden_layers,"[128, 128, 128]",3,89250,56,0.00040633438168962246,1.0,0.16479741310474236,0.9729
3_hidden_layers,"[128, 128, 128]",3,89250,57,0.0003874674684709779,1.0,0.16471045588063138,0.9735
3_hidden_layers,"[128, 128, 128]",3,89250,58,0.0003730726342657805,1.0,0.16598123628457123,0.9729
3_hidden_layers,"[128, 128, 128]",3,89250,59,0.000359314241112053,1.0,0.16641123774433475,0.9732
3_hidden_layers,"[128, 128, 128]",3,89250,60,0.00034782621131122506,1.0,0.16731266794929986,0.9734
3_hidden_layers,"[128, 128, 128]",3,89250,61,0.00033660998865914145,1.0,0.1680466208507236,0.9731
3_hidden_layers,"[128, 128, 128]",3,89250,62,0.0003250774285802209,1.0,0.1683254951094036,0.9737
3_hidden_layers,"[128, 128, 128]",3,89250,63,0.0003135887928854471,1.0,0.16917589693341564,0.9733
3_hidden_layers,"[128, 128, 128]",3,89250,64,0.0003054460178679087,1.0,0.1692565678527265,0.9734
3_hidden_layers,"[128, 128, 128]",3,89250,65,0.0002960118188532783,1.0,0.16965737929330973,0.9734
3_hidden_layers,"[128, 128, 128]",3,89250,66,0.0002867046301578007,1.0,0.17052586527349425,0.9733
3_hidden_layers,"[128, 128, 128]",3,89250,67,0.00027792105042104276,1.0,0.17172813192865144,0.9734
3_hidden_layers,"[128, 128, 128]",3,89250,68,0.0002700410036940416,1.0,0.17204806803044892,0.9733
3_hidden_layers,"[128, 128, 128]",3,89250,69,0.00026333566994147297,1.0,0.17201844872856478,0.9732
3_hidden_layers,"[128, 128, 128]",3,89250,70,0.0002557239831928179,1.0,0.1726091581080537,0.9733
3_hidden_layers,"[128, 128, 128]",3,89250,71,0.00024911680595094527,1.0,0.17373507314389675,0.9733
3_hidden_layers,"[128, 128, 128]",3,89250,72,0.0002432165981909397,1.0,0.17320939154517756,0.9736
3_hidden_layers,"[128, 128, 128]",3,89250,73,0.00023638212415515915,1.0,0.17440563625245886,0.9729
3_hidden_layers,"[128, 128, 128]",3,89250,74,0.00023100701403463774,1.0,0.17427909039807754,0.9735
3_hidden_layers,"[128, 128, 128]",3,89250,75,0.00022503745181225507,1.0,0.17505989168736194,0.9733
3_hidden_layers,"[128, 128, 128]",3,89250,76,0.0002199081177599249,1.0,0.17531100763130925,0.9732
3_hidden_layers,"[128, 128, 128]",3,89250,77,0.00021487034744878522,1.0,0.17640910127454912,0.9733
3_hidden_layers,"[128, 128, 128]",3,89250,78,0.00020973250631748953,1.0,0.1765588372903851,0.9731
3_hidden_layers,"[128, 128, 128]",3,89250,79,0.0002052818604572646,1.0,0.17696522187227146,0.9733
3_hidden_layers,"[128, 128, 128]",3,89250,80,0.000200517088857775,1.0,0.1774197708634042,0.9733
3_hidden_layers,"[128, 128, 128]",3,89250,81,0.00019660614408222103,1.0,0.17799703015301702,0.973
3_hidden_layers,"[128, 128, 128]",3,89250,82,0.0001915951337232143,1.0,0.17825574777791772,0.9734
3_hidden_layers,"[128, 128, 128]",3,89250,83,0.0001882552524433676,1.0,0.17869422306451946,0.9734
3_hidden_layers,"[128, 128, 128]",3,89250,84,0.0001845473081056933,1.0,0.1788074468677923,0.9731
3_hidden_layers,"[128, 128, 128]",3,89250,85,0.00018049727152337784,1.0,0.1793340106203184,0.9732
3_hidden_layers,"[128, 128, 128]",3,89250,86,0.0001772668764133845,1.0,0.17977254783026986,0.973
3_hidden_layers,"[128, 128, 128]",3,89250,87,0.000173693559963924,1.0,0.18007006314948318,0.9732
3_hidden_layers,"[128, 128, 128]",3,89250,88,0.00017021113536166006,1.0,0.1805848342676016,0.9731
3_hidden_layers,"[128, 128, 128]",3,89250,89,0.00016661037586185906,1.0,0.18131035769117262,0.9734
3_hidden_layers,"[128, 128, 128]",3,89250,90,0.0001640176826353209,1.0,0.18130453587951148,0.9731
3_hidden_layers,"[128, 128, 128]",3,89250,91,0.00016083523140986958,1.0,0.1820770618951496,0.9731
3_hidden_layers,"[128, 128, 128]",3,89250,92,0.00015808403865352552,1.0,0.1818305234471004,0.9731
3_hidden_layers,"[128, 128, 128]",3,89250,93,0.0001551256453996306,1.0,0.18233317476198974,0.9729
3_hidden_layers,"[128, 128, 128]",3,89250,94,0.00015238596663644816,1.0,0.18252580903745041,0.9732
3_hidden_layers,"[128, 128, 128]",3,89250,95,0.00014999239548108917,1.0,0.1832028964623109,0.9731
3_hidden_layers,"[128, 128, 128]",3,89250,96,0.00014729544678327835,1.0,0.18369810491236066,0.9732
3_hidden_layers,"[128, 128, 128]",3,89250,97,0.0001447640228281992,1.0,0.18373297332803115,0.9731
3_hidden_layers,"[128, 128, 128]",3,89250,98,0.00014247193316730956,1.0,0.18412279895622108,0.9728
3_hidden_layers,"[128, 128, 128]",3,89250,99,0.00014006815426802796,1.0,0.18447092102760299,0.973
3_hidden_layers,"[128, 128, 128]",3,89250,100,0.00013760429900850358,1.0,0.18482707070215554,0.973
3_hidden_layers,"[128, 128, 128]",3,773955,1,2.301418494142127,0.1121,2.3017370950014038,0.1093
3_hidden_layers,"[128, 128, 128]",3,773955,2,2.3011444459124997,0.11298,2.301524624417468,0.1093
3_hidden_layers,"[128, 128, 128]",3,773955,3,2.3008133324432842,0.11298,2.3006564365362068,0.1093
3_hidden_layers,"[128, 128, 128]",3,773955,4,2.1935794031560745,0.16988,1.8058717384584442,0.2845
3_hidden_layers,"[128, 128, 128]",3,773955,5,1.3922431324956526,0.45294,1.0373383625527577,0.5935
3_hidden_layers,"[128, 128, 128]",3,773955,6,0.5895699061684759,0.80688,0.3646419413510008,0.8933
3_hidden_layers,"[128, 128, 128]",3,773955,7,0.3022788812124229,0.91484,0.2477768428705626,0.9298
3_hidden_layers,"[128, 128, 128]",3,773955,8,0.2094867576144186,0.94048,0.21693813326340833,0.9386
3_hidden_layers,"[128, 128, 128]",3,773955,9,0.16196571522200293,0.95362,0.16846195671790223,0.9524
3_hidden_layers,"[128, 128, 128]",3,773955,10,0.13492672082437712,0.96096,0.16479584540014564,0.9534
3_hidden_layers,"[128, 128, 128]",3,773955,11,0.11248845000774502,0.96724,0.16135821254557944,0.9552
3_hidden_layers,"[128, 128, 128]",3,773955,12,0.09628011165474164,0.9726,0.1284665444773988,0.9636
3_hidden_layers,"[128, 128, 128]",3,773955,13,0.08451943518262975,0.9751,0.1399931164017732,0.9595
3_hidden_layers,"[128, 128, 128]",3,773955,14,0.07226557593632293,0.9789,0.1266954124204693,0.9647
3_hidden_layers,"[128, 128, 128]",3,773955,15,0.06408441973000571,0.981,0.13735908107853956,0.9627
3_hidden_layers,"[128, 128, 128]",3,773955,16,0.05687221749497013,0.98356,0.11476147621482918,0.9693
3_hidden_layers,"[128, 128, 128]",3,773955,17,0.05099414255352699,0.9851,0.12352396876697365,0.9668
3_hidden_layers,"[128, 128, 128]",3,773955,18,0.04308261856514219,0.98816,0.12304624785731162,0.967
3_hidden_layers,"[128, 128, 128]",3,773955,19,0.03835608799552783,0.98868,0.12743359367847085,0.9664
3_hidden_layers,"[128, 128, 128]",3,773955,20,0.03404763207495932,0.98984,0.11038892919625716,0.9706
3_hidden_layers,"[128, 128, 128]",3,773955,21,0.030189662562809277,0.99098,0.11819049815038679,0.9706
3_hidden_layers,"[128, 128, 128]",3,773955,22,0.02659774546338029,0.9926,0.11764557480720628,0.9689
3_hidden_layers,"[128, 128, 128]",3,773955,23,0.022942630499018887,0.99362,0.11562799574107974,0.9724
3_hidden_layers,"[128, 128, 128]",3,773955,24,0.019066448145582702,0.99508,0.15418890544359345,0.9629
3_hidden_layers,"[128, 128, 128]",3,773955,25,0.016453602801867754,0.99594,0.13346260881955674,0.9672
3_hidden_layers,"[128, 128, 128]",3,773955,26,0.013799485089389607,0.99648,0.12342936453844432,0.9713
3_hidden_layers,"[128, 128, 128]",3,773955,27,0.011409952018837032,0.99714,0.11990015099806858,0.9717
3_hidden_layers,"[128, 128, 128]",3,773955,28,0.012470608252508132,0.99672,0.12737058278486885,0.9708
3_hidden_layers,"[128, 128, 128]",3,773955,29,0.010115937401969245,0.99742,0.13553610088480644,0.97
3_hidden_layers,"[128, 128, 128]",3,773955,30,0.007794490976898624,0.99822,0.12928574106302093,0.9718
3_hidden_layers,"[128, 128, 128]",3,773955,31,0.0069055876338767475,0.99856,0.13152792017801004,0.9724
3_hidden_layers,"[128, 128, 128]",3,773955,32,0.003902180900928444,0.99962,0.1314465606329439,0.9733
3_hidden_layers,"[128, 128, 128]",3,773955,33,0.002788620919653411,0.99976,0.12948094226124746,0.9738
3_hidden_layers,"[128, 128, 128]",3,773955,34,0.0022306959044845124,0.99988,0.13575971745084106,0.9722
3_hidden_layers,"[128, 128, 128]",3,773955,35,0.0018723839939953316,0.99986,0.1328706819066658,0.9735
3_hidden_layers,"[128, 128, 128]",3,773955,36,0.0015370424587584875,0.99992,0.13398294493172472,0.9735
3_hidden_layers,"[128, 128, 128]",3,773955,37,0.0013620546754402273,0.99994,0.13622136653204006,0.9737
3_hidden_layers,"[128, 128, 128]",3,773955,38,0.0012207637429034245,0.99996,0.13909735190240619,0.9736
3_hidden_layers,"[128, 128, 128]",3,773955,39,0.0011017141038436175,0.99994,0.1390436283683044,0.974
3_hidden_layers,"[128, 128, 128]",3,773955,40,0.0009597542782224096,0.99998,0.1411175028547313,0.9737
3_hidden_layers,"[128, 128, 128]",3,773955,41,0.0008462501189277445,1.0,0.14265968212096136,0.9733
3_hidden_layers,"[128, 128, 128]",3,773955,42,0.0007823376427549745,1.0,0.143492813537272,0.9735
3_hidden_layers,"[128, 128, 128]",3,773955,43,0.0007259390249538857,1.0,0.14419823233168955,0.9741
3_hidden_layers,"[128, 128, 128]",3,773955,44,0.0006851284960060613,1.0,0.14460646267126934,0.9736
3_hidden_layers,"[128, 128, 128]",3,773955,45,0.0006395357475700282,1.0,0.14669937782835196,0.9732
3_hidden_layers,"[128, 128, 128]",3,773955,46,0.0005928296114053197,1.0,0.14825335852399316,0.9734
3_hidden_layers,"[128, 128, 128]",3,773955,47,0.0005591517250450816,1.0,0.14831332017471138,0.9739
3_hidden_layers,"[128, 128, 128]",3,773955,48,0.0005358138866547212,1.0,0.14836291004411448,0.9742
3_hidden_layers,"[128, 128, 128]",3,773955,49,0.0005065291715220043,1.0,0.15036294112770413,0.9738
3_hidden_layers,"[128, 128, 128]",3,773955,50,0.0004851485931191337,1.0,0.15089669182603807,0.9738
3_hidden_layers,"[128, 128, 128]",3,773955,51,0.00045729199091847105,1.0,0.15135537738291172,0.974
3_hidden_layers,"[128, 128, 128]",3,773955,52,0.0004381920169001178,1.0,0.1524708465544692,0.9737
3_hidden_layers,"[128, 128, 128]",3,773955,53,0.00042106739081105454,1.0,0.1527915977123542,0.9741
3_hidden_layers,"[128, 128, 128]",3,773955,54,0.0004041907714825683,1.0,0.15397143051204176,0.9739
3_hidden_layers,"[128, 128, 128]",3,773955,55,0.00038635222897631243,1.0,0.15478853814222576,0.974
3_hidden_layers,"[128, 128, 128]",3,773955,56,0.00037054193783143746,1.0,0.15542751102327165,0.9739
3_hidden_layers,"[128, 128, 128]",3,773955,57,0.000358148730232525,1.0,0.15656903145537326,0.9734
3_hidden_layers,"[128, 128, 128]",3,773955,58,0.00034634041724982757,1.0,0.15580204803236564,0.9738
3_hidden_layers,"[128, 128, 128]",3,773955,59,0.0003323559049043813,1.0,0.1567886040545066,0.9736
3_hidden_layers,"[128, 128, 128]",3,773955,60,0.0003218684640791452,1.0,0.15734675102072923,0.9738
3_hidden_layers,"[128, 128, 128]",3,773955,61,0.0003106558231261091,1.0,0.15813772798398784,0.9734
3_hidden_layers,"[128, 128, 128]",3,773955,62,0.0003010508331756391,1.0,0.15838716707204853,0.9737
3_hidden_layers,"[128, 128, 128]",3,773955,63,0.00029066929689047663,1.0,0.15882202958502167,0.9735
3_hidden_layers,"[128, 128, 128]",3,773955,64,0.00028334600753735704,1.0,0.15986933141120033,0.9733
3_hidden_layers,"[128, 128, 128]",3,773955,65,0.0002751825069833532,1.0,0.1599652550310766,0.9733
3_hidden_layers,"[128, 128, 128]",3,773955,66,0.0002666834256113634,1.0,0.160728219373338,0.9735
3_hidden_layers,"[128, 128, 128]",3,773955,67,0.0002593679317159215,1.0,0.16067922512254496,0.9732
3_hidden_layers,"[128, 128, 128]",3,773955,68,0.0002512267171961352,1.0,0.16188177080787716,0.9735
3_hidden_layers,"[128, 128, 128]",3,773955,69,0.0002448815790804415,1.0,0.16274511778765624,0.9731
3_hidden_layers,"[128, 128, 128]",3,773955,70,0.00023752169295365776,1.0,0.16235554416845646,0.9738
3_hidden_layers,"[128, 128, 128]",3,773955,71,0.0002318639945060277,1.0,0.1628049547530746,0.9734
3_hidden_layers,"[128, 128, 128]",3,773955,72,0.00022582261850775142,1.0,0.16343079471105992,0.9734
3_hidden_layers,"[128, 128, 128]",3,773955,73,0.00022011560804990576,1.0,0.1643469348845545,0.9736
3_hidden_layers,"[128, 128, 128]",3,773955,74,0.00021516247070912795,1.0,0.16454086206804797,0.9735
3_hidden_layers,"[128, 128, 128]",3,773955,75,0.0002098703432887126,1.0,0.16492450797568703,0.9738
3_hidden_layers,"[128, 128, 128]",3,773955,76,0.0002049518228565236,1.0,0.16510072472489393,0.9734
3_hidden_layers,"[128, 128, 128]",3,773955,77,0.00020052471696985116,1.0,0.1658577224984019,0.9734
3_hidden_layers,"[128, 128, 128]",3,773955,78,0.00019599915468314073,1.0,0.16592391712904245,0.9735
3_hidden_layers,"[128, 128, 128]",3,773955,79,0.00019157827272582126,1.0,0.16624311759038782,0.9732
3_hidden_layers,"[128, 128, 128]",3,773955,80,0.00018723174239926077,1.0,0.16618807000189262,0.9734
3_hidden_layers,"[128, 128, 128]",3,773955,81,0.0001832545566903467,1.0,0.16766372442730984,0.9733
3_hidden_layers,"[128, 128, 128]",3,773955,82,0.00017990811166458554,1.0,0.1673204282082729,0.9734
3_hidden_layers,"[128, 128, 128]",3,773955,83,0.00017580971699506192,1.0,0.16774927213711796,0.9732
3_hidden_layers,"[128, 128, 128]",3,773955,84,0.0001722824335238399,1.0,0.168358479036822,0.9734
3_hidden_layers,"[128, 128, 128]",3,773955,85,0.00016864895082242012,1.0,0.16856107668696785,0.9731
3_hidden_layers,"[128, 128, 128]",3,773955,86,0.00016540825765034537,1.0,0.1690910293183762,0.973
3_hidden_layers,"[128, 128, 128]",3,773955,87,0.0001624301563501162,1.0,0.16934895280191528,0.9732
3_hidden_layers,"[128, 128, 128]",3,773955,88,0.00015907627877851795,1.0,0.17002582883639766,0.9735
3_hidden_layers,"[128, 128, 128]",3,773955,89,0.0001561785925301875,1.0,0.17019830175820574,0.9732
3_hidden_layers,"[128, 128, 128]",3,773955,90,0.00015323284814101036,1.0,0.1706569794867105,0.9729
3_hidden_layers,"[128, 128, 128]",3,773955,91,0.00015066832582208545,1.0,0.17094753296403462,0.973
3_hidden_layers,"[128, 128, 128]",3,773955,92,0.0001477330732684255,1.0,0.17075712038874763,0.9735
3_hidden_layers,"[128, 128, 128]",3,773955,93,0.00014504191729648155,1.0,0.17128458829047136,0.9733
3_hidden_layers,"[128, 128, 128]",3,773955,94,0.00014289257913893094,1.0,0.17165329965228904,0.9731
3_hidden_layers,"[128, 128, 128]",3,773955,95,0.00014034157517774047,1.0,0.17216372466867474,0.9732
3_hidden_layers,"[128, 128, 128]",3,773955,96,0.0001379026206115205,1.0,0.1722883165897177,0.9734
3_hidden_layers,"[128, 128, 128]",3,773955,97,0.00013558772277449046,1.0,0.17254406693793137,0.9729
3_hidden_layers,"[128, 128, 128]",3,773955,98,0.0001331315909848839,1.0,0.17320736618971794,0.9732
3_hidden_layers,"[128, 128, 128]",3,773955,99,0.00013115199476539466,1.0,0.17338773993877166,0.9734
3_hidden_layers,"[128, 128, 128]",3,773955,100,0.00012897007523191928,1.0,0.1734009994994276,0.9734
