architecture,epoch,train_loss_mean,train_loss_std,train_accuracy_mean,train_accuracy_std,val_loss_mean,val_loss_std,val_accuracy_mean,val_accuracy_std
1_hidden_layer,1,0.8473443565786137,0.010513693712245436,0.7808266666666667,0.008873473577654561,0.3771112757391066,0.007023430139036784,0.8923666666666668,0.0032516662395352283
1_hidden_layer,2,0.3329537675623608,0.0010305191072879501,0.9048933333333333,0.0008542443054146279,0.30071412345566734,0.006760766338402413,0.9118333333333334,0.0029905406423142633
1_hidden_layer,3,0.27960655490205855,0.0017278594330159029,0.9202066666666666,0.000926138938460791,0.26303902493991566,0.00917247744280799,0.9232333333333335,0.004020364825899924
1_hidden_layer,4,0.2424780100886179,0.0006733381577881717,0.93158,0.000503189825016353,0.2316271926611109,0.0018695151568610875,0.9329333333333333,0.0008082903768654259
1_hidden_layer,5,0.2138276974403748,0.0007840988949401249,0.9396733333333334,0.0006357148207595442,0.20379325881267993,0.0029499278256786042,0.9423,0.002291287847477934
1_hidden_layer,6,0.19110686264027918,0.0013781037171089795,0.94654,0.0011459493880621072,0.18498908088633337,0.0006193705868506669,0.9472,0.0007000000000000062
1_hidden_layer,7,0.17251963679013257,0.0018969353185645805,0.9515533333333334,0.0012159495603573437,0.17296630224715667,0.0018003619519007623,0.951,0.0
1_hidden_layer,8,0.15698659539341675,0.0019593166378565107,0.9561133333333333,0.0004455707949735626,0.16151412191611444,0.004684254835620725,0.953,0.002594224354214577
1_hidden_layer,9,0.14350119304575087,0.002237972799169115,0.9598599999999999,0.0008029943959953807,0.1509938477936986,0.002604529567334944,0.9566,0.0011789826122551145
1_hidden_layer,10,0.13223156766879787,0.0020519344792007217,0.9629666666666666,0.0010214368964029951,0.14176907166776165,0.0014361533256728178,0.9588000000000001,0.0007810249675906896
1_hidden_layer,11,0.12221859646698467,0.0017460912946204782,0.9662066666666668,0.0002700617213403812,0.1335940928393905,0.0023112984227867195,0.9606666666666667,0.001101514109457236
1_hidden_layer,12,0.11340486627517377,0.0016828907098801712,0.9685600000000001,0.00036715119501373657,0.12646004141875902,0.0005178227504088253,0.9628666666666666,0.0010066445913694327
1_hidden_layer,13,0.10576120570941405,0.001729473850805258,0.9706466666666667,0.000502924779001107,0.12071413480944178,0.000691275932826021,0.9648666666666667,0.0008621678104251853
1_hidden_layer,14,0.09892276625039398,0.0016259938071506662,0.9728133333333333,0.0007550717405209397,0.11553384276165625,0.002826981204691442,0.9659666666666666,0.0003055050463304314
1_hidden_layer,15,0.09288517040633804,0.0014111992960292353,0.9740466666666667,0.0008237313477909289,0.11110402332636375,0.001120635820642458,0.9678999999999999,0.0012529964086141396
1_hidden_layer,16,0.08751403338559609,0.0012121908847364236,0.976,0.0007158212067269689,0.10901766661420041,0.002221393118515769,0.9679000000000001,0.000964365076099326
1_hidden_layer,17,0.0824825650925317,0.001120976452713042,0.9775133333333333,0.00047427137098221783,0.10392259757089466,0.0014620631284956,0.9696666666666666,0.0010263202878893647
1_hidden_layer,18,0.07799037436401468,0.0009206865344296943,0.9788133333333334,0.0003214550253664756,0.10041078477651359,0.0013378430240242008,0.9705,0.0006244997998397777
1_hidden_layer,19,0.07391081436685672,0.0006249227817894523,0.9798066666666667,0.0005601190349678574,0.09880054960297398,0.0014040820757942115,0.9709666666666666,0.0005859465277082602
1_hidden_layer,20,0.0701763836372129,0.0007974267302275239,0.9809000000000001,0.00026000000000001234,0.0955360060804405,0.001953615341753104,0.9714333333333333,0.001331665623695839
1_hidden_layer,21,0.06682968539798906,0.0006052642862321778,0.9817733333333334,0.0002532455988429393,0.09510870652373428,0.0015657614524094844,0.9715333333333334,0.0005507570547286251
1_hidden_layer,22,0.063487063170144,0.00043630917237375634,0.9827933333333334,0.00046918368826428695,0.09231240645663023,0.0016681125003174748,0.9729666666666666,0.0008504900548115566
1_hidden_layer,23,0.06044197385329478,0.0004733772026033698,0.9838,0.0003857460304397989,0.09052860359102148,0.0005774242739339323,0.9732333333333334,0.0005686240703076896
1_hidden_layer,24,0.05777497671566798,0.00013833075455218743,0.98454,0.00014422205101857294,0.09049342423746531,0.001221018402207261,0.9723333333333333,0.0012897028081435865
1_hidden_layer,25,0.055297779766971124,0.00011067526549088353,0.98538,0.0003019933774107809,0.08784783392508355,0.0006613584265866356,0.9735333333333333,0.0008962886439832258
1_hidden_layer,26,0.052895586334869675,8.153978368967298e-05,0.9858600000000001,0.0003078960863668208,0.08693827469771558,0.0014543736835469791,0.9740333333333333,0.0007505553499465172
1_hidden_layer,27,0.05059948420567897,9.946780727517635e-05,0.9867466666666665,0.0003354598833442236,0.08533083234286144,0.0007422325720849747,0.9738000000000001,0.0010440306508910742
1_hidden_layer,28,0.04835835010271056,0.00027067209762427966,0.9874200000000001,0.0001216552506059195,0.08512500467121399,0.0025247888765427997,0.9741333333333334,0.000814452781524755
1_hidden_layer,29,0.04637314946870479,0.00019784533103996032,0.9881466666666666,0.00015143755588802068,0.08474349890636945,0.0009079702815079591,0.9743666666666666,0.0012858201014657226
1_hidden_layer,30,0.04448318796698298,0.00031537524341910086,0.9887733333333334,0.00019731531449270094,0.08341396578037692,0.002034381866319783,0.9753,0.00026457513110645617
1_hidden_layer,31,0.042695333021930244,0.0003872246141380045,0.98924,0.00012165525060595373,0.08374078759585118,0.00233560788673023,0.9751333333333333,0.0009291573243177626
1_hidden_layer,32,0.041053886262130905,0.0004567986823790971,0.9897866666666667,9.018499505645062e-05,0.08160136166343714,0.0011693588575274678,0.9757000000000001,0.00017320508075686865
1_hidden_layer,33,0.03939305506388339,0.0004544276769688828,0.99032,0.0002029778313018628,0.08054100968295015,0.001438313317080829,0.9753333333333334,0.0008326663997864214
1_hidden_layer,34,0.03764533012285235,0.0006110977318400497,0.9909333333333333,0.00041198705481284453,0.0815950921598203,0.0027209160705530012,0.9748333333333333,0.000642910050732872
1_hidden_layer,35,0.036514719937224834,0.0005650630608431898,0.9912199999999999,9.999999999998899e-05,0.07884785710552993,0.0005136318791613365,0.9759333333333333,0.0008736894948054222
1_hidden_layer,36,0.0350571728247847,0.0005564222369702427,0.9916666666666667,0.000371662929727118,0.07958761773662522,0.0009495965461318634,0.9761000000000001,0.0005567764362830156
1_hidden_layer,37,0.03365711889091754,0.0006040254651135939,0.99216,0.0005302829433425859,0.07921520132501692,0.0015063109785297625,0.9760666666666666,0.0004932882862316585
1_hidden_layer,38,0.03242011196529307,0.0006525029583340466,0.99266,0.0002078460969083129,0.0786846981186522,0.0014650674832481004,0.9762333333333334,0.0008326663997864969
1_hidden_layer,39,0.031247283298589935,0.0005966708154725333,0.99286,0.0004256759330758774,0.07775027826273023,0.0005168058210085359,0.9762666666666666,0.0006806859285554078
1_hidden_layer,40,0.03004209849369076,0.0006573728990816929,0.9934466666666667,0.0002516611478424133,0.07873949320490158,0.0018658383919040182,0.9763000000000001,0.0007999999999999258
1_hidden_layer,41,0.02895364145794486,0.0006300468025265896,0.9936666666666666,0.00029687258770949934,0.07728349888499474,0.0016262248189728365,0.9768666666666667,0.0007767453465154472
1_hidden_layer,42,0.027884376726383543,0.0005851764820810865,0.9942533333333333,0.00023860706890893964,0.07845769611659491,0.0014576883754719259,0.9767333333333333,0.0007023769168568852
1_hidden_layer,43,0.02690762544878389,0.0005443820696305501,0.99442,0.00018000000000004124,0.07699848066399011,0.0008077929941607668,0.9767666666666667,0.00040414518843269356
1_hidden_layer,44,0.025879138441715455,0.0005370639590938082,0.99484,0.0004326661530556534,0.07700902678587476,0.0008945331921832313,0.9767666666666667,0.0006429100507329166
1_hidden_layer,45,0.02501905781569999,0.0006123445940648583,0.9950333333333333,7.57187779440476e-05,0.07706957439452641,0.0009587052792868096,0.9768,9.999999999998899e-05
1_hidden_layer,46,0.02407130904998313,0.0005949870296092095,0.9953799999999999,0.0003538361202590851,0.07669196016435119,0.0008586107038432624,0.9769333333333333,0.00035118845842838596
1_hidden_layer,47,0.02332318876223771,0.0006141304479671254,0.9956733333333334,0.0004346646216720796,0.0770246974466887,0.0015917111512706841,0.9770333333333333,0.0007637626158259982
1_hidden_layer,48,0.022536841557105905,0.0005292624027723557,0.9959000000000001,0.0002306512518933987,0.0759933875754581,0.0007687074305156094,0.9766333333333334,0.00032145502536639643
1_hidden_layer,49,0.021745234381141187,0.0005320228803580312,0.9960666666666667,0.0001814754345175952,0.07693647565739604,0.001609845648196041,0.9765,0.00030000000000003635
1_hidden_layer,50,0.02106359036546465,0.0005336782877214375,0.99652,0.0002749545416973498,0.07680040748402567,0.0005305088636324343,0.9768,0.0003605551275463592
1_hidden_layer,51,0.020400669320179088,0.0005316076469229356,0.9966266666666667,0.00020132891827386008,0.07670772717935977,0.0008722690453538451,0.9775999999999999,0.0005567764362830031
1_hidden_layer,52,0.0196594655130801,0.0006396092737381321,0.9968866666666667,0.00019218047073861345,0.07638189409946038,0.0011039248206117917,0.9774333333333334,0.0003511884584284518
1_hidden_layer,53,0.018951619550658688,0.000535609344992429,0.997,0.00012165525060600393,0.07655933452864179,0.0014161864676352166,0.9773,0.0005567764362829683
1_hidden_layer,54,0.018379587467213677,0.0005385193338985781,0.9973266666666666,0.00011015141094575073,0.07627295624887413,0.0008457636584661893,0.9774333333333334,0.0006658328118479438
1_hidden_layer,55,0.017846556682565143,0.0005537874938670266,0.9974133333333333,0.00019218047073866638,0.07604741432578292,0.001677950581899971,0.9777333333333332,0.0004725815626252871
1_hidden_layer,56,0.017203886036220667,0.0006456648841347379,0.99764,0.00021166010488517435,0.07646798367700429,0.0006413036000941751,0.9777999999999999,0.0003605551275463592
1_hidden_layer,57,0.016774713884162577,0.0005408823637925275,0.9976066666666666,0.00024110855093358792,0.07591177658643072,0.0015863078598229506,0.9773999999999999,0.00026457513110653483
1_hidden_layer,58,0.016189080311002253,0.0005358195858268728,0.9979,0.0001587450786638716,0.07634960545643794,0.00027079434632652495,0.9775666666666667,0.00032145502536646837
1_hidden_layer,59,0.015651875895712323,0.00043346900508573497,0.9979866666666667,0.0001616580753731264,0.07566969741997369,0.001058462634026443,0.9777,0.00019999999999997797
1_hidden_layer,60,0.01519940809026722,0.0005215157662081045,0.9980533333333333,0.00026102362600597507,0.07580993120521033,0.001099253487034026,0.9777333333333335,0.00020816659994659034
1_hidden_layer,61,0.014765556808980266,0.0005110657942351965,0.9983133333333333,0.00010066445913693187,0.0762432742196029,0.001648316709130786,0.9780333333333333,0.0003055050463303557
1_hidden_layer,62,0.014391719808681896,0.0005475966297363074,0.9983133333333334,4.618802153516818e-05,0.07593563100694442,0.001400338123425679,0.9777,0.0003605551275464593
1_hidden_layer,63,0.013889225588707269,0.00044813499527099137,0.9984333333333334,6.429100507324416e-05,0.07605749689023387,0.001954053592394615,0.9777333333333335,0.0002886751345947811
1_hidden_layer,64,0.013537554980245434,0.000559825894605276,0.9985399999999999,0.00010583005244256358,0.0768889188749405,0.0012062758080263571,0.9775333333333333,0.0005507570547286167
1_hidden_layer,65,0.01316498362087809,0.0004873278083849382,0.9986933333333333,6.110100926610868e-05,0.0767655453847732,0.002080637982214536,0.9779333333333334,0.0004509249752822726
1_hidden_layer,66,0.01276075340005236,0.0005405152687707134,0.9988199999999999,7.211102550930187e-05,0.07741598879367512,0.001526965706148441,0.9774666666666666,0.0004041451884327565
1_hidden_layer,67,0.012396258399633493,0.0004844775687008274,0.9988199999999999,0.0001562049935180761,0.07709710148386419,0.0012438833241083806,0.9777333333333332,0.0004725815626252871
1_hidden_layer,68,0.01203880139543032,0.0005173756573160755,0.9988800000000001,0.0,0.07708894655456876,0.0018918953504285852,0.9779333333333334,0.0006110100926607659
1_hidden_layer,69,0.011760715574587279,0.00048506702758830387,0.9989533333333332,6.429100507327871e-05,0.0772231779175936,0.0011888705424177863,0.9780666666666668,0.0004041451884327679
1_hidden_layer,70,0.011393930726651477,0.00045631189435998466,0.9990133333333334,5.03322295684448e-05,0.07753608167772046,0.0010502016597248483,0.9773333333333333,5.773502691903634e-05
1_hidden_layer,71,0.011096510114288327,0.0004892272580974152,0.9990866666666666,7.571877794401583e-05,0.07730694611081773,0.001510913555014239,0.9778333333333333,0.00040414518843269356
1_hidden_layer,72,0.010835851432831056,0.0004333440246711804,0.9991333333333333,1.1547005383755988e-05,0.07706052405926216,0.0012322734828292407,0.9780333333333333,5.7735026918956215e-05
1_hidden_layer,73,0.010510016491917462,0.0004411488441059581,0.9992333333333333,3.0550504633030116e-05,0.07738888484184958,0.0015955582513041556,0.9779333333333334,0.00041633319989320736
1_hidden_layer,74,0.010259484016587593,0.00044903558341504476,0.9992133333333334,0.00011015141094571125,0.07727987233994177,0.0015969710047159585,0.9778666666666668,0.00015275252316517785
1_hidden_layer,75,0.009972849644228949,0.00042887343606107085,0.9992800000000001,3.9999999999970615e-05,0.07760191942420104,0.001410480898702382,0.9780666666666668,0.0004509249752822521
1_hidden_layer,76,0.009711411326114486,0.00042917211343289076,0.99934,9.16515138991055e-05,0.07762861294256121,0.000665230390330289,0.9779,0.00019999999999997797
1_hidden_layer,77,0.009490449223994562,0.0004769581887153421,0.9993733333333333,9.451631252508405e-05,0.07798620148852724,0.0014981169417841152,0.9780666666666665,0.00032145502536639643
1_hidden_layer,78,0.009238079710621868,0.0004098252601524132,0.9993733333333333,7.571877794401583e-05,0.07810902245202785,0.0016103122350794752,0.9782000000000001,0.00026457513110651385
1_hidden_layer,79,0.009015532090985882,0.0004233497374519249,0.9994,0.00010000000000007225,0.07844341282401791,0.0019583453251031213,0.9777999999999999,0.00026457513110642993
1_hidden_layer,80,0.008824281209498413,0.0003852032149029318,0.9994266666666668,9.237604307038443e-05,0.07790174594072244,0.0012824023550802527,0.9779,0.00026457513110642993
1_hidden_layer,81,0.00859717927882471,0.0003792981932151441,0.9994533333333333,1.1547005383844125e-05,0.07813775649739652,0.0016849867190922457,0.9778666666666668,5.773502691895622e-05
1_hidden_layer,82,0.008427678726056823,0.0003921455319622156,0.9994666666666667,4.1633319989377625e-05,0.07831279973012768,0.0012772797343494596,0.9779,9.999999999998899e-05
1_hidden_layer,83,0.00821504229477492,0.0004000317173609586,0.9994933333333332,8.326663997866414e-05,0.07880776771404141,0.0009924264374930318,0.9778333333333333,0.00032145502536639643
1_hidden_layer,84,0.008035818200220491,0.0003559414347924308,0.99954,8.717797887084653e-05,0.07924658116820672,0.0020736313666648576,0.9779333333333332,0.0007371114795832336
1_hidden_layer,85,0.00783071569296796,0.00034462211563507773,0.99952,3.46410161513561e-05,0.07848743158455761,0.0014754216259418842,0.9781,0.0003464101615137373
1_hidden_layer,86,0.007649067066569388,0.000361918272966401,0.99958,7.211102550924413e-05,0.07911800231162076,0.0017385801879936343,0.9780666666666668,0.0005507570547286335
1_hidden_layer,87,0.007468832411540477,0.0003467790897641599,0.9995866666666666,7.023769168569589e-05,0.07976183623501676,0.0017636181985259936,0.9777333333333332,0.000550757054728573
1_hidden_layer,88,0.007304902935842701,0.00033352583120394117,0.9995866666666666,5.033222956846134e-05,0.07935015897933867,0.0018703904114604091,0.9780000000000001,0.00043588989435401935
1_hidden_layer,89,0.007129287823378663,0.000321659946345334,0.9996466666666667,6.110100926610263e-05,0.07931855751915921,0.001596057505989025,0.9782333333333333,0.0002516611478423674
1_hidden_layer,90,0.006985485641248114,0.0002845614237522542,0.99966,5.291502622134473e-05,0.07905039279630764,0.0016793050504827914,0.9782666666666667,0.00025166114784234164
1_hidden_layer,91,0.006814300319152015,0.0003061784044548546,0.9996666666666667,5.0332229568466855e-05,0.07972619550141025,0.002014533987206559,0.9782333333333333,0.0004932882862316379
1_hidden_layer,92,0.006687697379048569,0.0002900993976912168,0.9997266666666667,6.429100507327727e-05,0.07957946102702686,0.0018511433636331164,0.9776666666666666,0.0004041451884327565
1_hidden_layer,93,0.006534753909403337,0.00029771313491339254,0.9997400000000001,8.000000000005225e-05,0.07972391500993091,0.0023844712769063056,0.9780666666666668,0.00030550504633037386
1_hidden_layer,94,0.006414827734947366,0.00027403096583714104,0.9997199999999999,9.165151389915093e-05,0.07968573120341571,0.0017240135699441678,0.9779666666666667,0.0002516611478423306
1_hidden_layer,95,0.006275769626009475,0.0002820056261488776,0.9997466666666668,4.618802153511209e-05,0.08038939471616309,0.0011437314516365095,0.9783,0.00010000000000007225
1_hidden_layer,96,0.006148085873038729,0.0002758858598611344,0.9997733333333333,3.0550504633030116e-05,0.08042661645187997,0.0016260186101389063,0.9782000000000001,0.00045825756949555174
1_hidden_layer,97,0.006037369081281163,0.0002693064352572413,0.9997733333333333,7.023769168566824e-05,0.07998212153127882,0.0018658805398719066,0.9781,0.00026457513110642993
1_hidden_layer,98,0.00590198340234598,0.0002383656650438333,0.99978,5.2915026221287034e-05,0.0801047624981491,0.0019096533008764061,0.9786666666666667,5.7735026918956215e-05
1_hidden_layer,99,0.00580278042278358,0.00026121325377555276,0.99982,5.2915026221287034e-05,0.08066363764273991,0.0017590645651713668,0.9781,0.0003464101615137373
1_hidden_layer,100,0.0056816615906836185,0.00022472364916124212,0.9997866666666667,6.110100926597545e-05,0.08079747468214672,0.001622260158243411,0.9781,0.0005196152422706701
2_hidden_layers,1,2.0278117907758255,0.08053362327134589,0.2581466666666667,0.034411685999574844,0.8869410258747514,0.09335421176454131,0.6903333333333332,0.04855248019754845
2_hidden_layers,2,0.5758015401720274,0.0029634468934044964,0.8237533333333333,0.0008198373822492552,0.46460385987779174,0.01829165255470945,0.8568666666666666,0.011163482132978648
2_hidden_layers,3,0.36649335722880755,0.004697305267426836,0.8937133333333334,0.0006416645021607832,0.34133146450608515,0.030449830314315765,0.8978,0.010974060324237322
2_hidden_layers,4,0.27679776840589815,0.0032732570644905656,0.9202533333333333,0.001016136473773724,0.26815536958135106,0.004780085229004116,0.9186,0.002718455443813631
2_hidden_layers,5,0.2188397881924827,0.0010722635039144635,0.9371333333333333,0.00018903262505015047,0.19797769290873388,0.0034812292710823425,0.9423666666666666,0.0011547005383792366
2_hidden_layers,6,0.1794364514588386,0.001150087932887919,0.9484066666666666,0.0007322112627741363,0.1735083980050197,0.011603844880443564,0.9489666666666667,0.003946306289852993
2_hidden_layers,7,0.1517316933483361,0.001583488464813501,0.9563466666666667,0.00040808495847471525,0.15223697712734227,0.0023829487274122734,0.9556,0.0010392304845413482
2_hidden_layers,8,0.13185696468987002,0.0015386549414337113,0.96244,0.0004386342439892048,0.14234230341070986,0.0047104753424938575,0.9575333333333335,0.002706165799305966
2_hidden_layers,9,0.11511835359266691,0.0007092567602088666,0.9671866666666666,0.0003667878587594377,0.13257679960782834,0.006196699219967671,0.9592333333333333,0.0026102362600602994
2_hidden_layers,10,0.10254992947671131,0.001728707905053238,0.9705866666666667,0.0005773502691896344,0.12859787301006267,0.014888122620364987,0.9612333333333334,0.004518111699962008
2_hidden_layers,11,0.0915615260658314,0.0019775349910735062,0.9738133333333333,0.0011202380699357423,0.11276533472108102,0.004174089219970321,0.9655,0.0019287301521985368
2_hidden_layers,12,0.08209582785961193,0.002043775957053328,0.9765600000000001,0.0006584831053261993,0.1096555985065505,0.006693785927568875,0.9659666666666666,0.0009451631252505478
2_hidden_layers,13,0.07529650304089902,0.0019671672174583505,0.9787333333333333,0.0007603507962337552,0.10976224477636216,0.011870010976133622,0.9659666666666666,0.005217598425840498
2_hidden_layers,14,0.06824347518295147,0.00207683817571338,0.9802733333333333,0.0008904680417248411,0.09920754519204146,0.003723224960136055,0.9697999999999999,0.0010535653752852686
2_hidden_layers,15,0.06200673296271094,0.0019461601982605024,0.9822066666666668,0.0007381959992666635,0.09821998385889492,0.008424166493816871,0.9703666666666666,0.0021501937897160173
2_hidden_layers,16,0.05698385605079511,0.0017448042728126468,0.9836866666666667,0.0004772141378179413,0.09045630396053217,0.0015207637429138611,0.9727333333333333,0.00037859388971997655
2_hidden_layers,17,0.051941452425987,0.0021458143633879515,0.98536,0.0008487638069569007,0.09273769459017951,0.006192989469114872,0.9722333333333334,0.0016802777548170712
2_hidden_layers,18,0.0476220128470047,0.0022623453960466757,0.9867533333333333,0.0005937451754190158,0.08528500670415991,0.000589523754023407,0.9750666666666667,0.0008962886439832314
2_hidden_layers,19,0.04381082913911118,0.002000045704962762,0.9876999999999999,0.0006199999999999848,0.08929746575409131,0.0027818995176978807,0.9728333333333333,0.0008736894948054148
2_hidden_layers,20,0.03984390454480961,0.0020790192982978457,0.9890333333333333,0.0005913825608972378,0.09431158854542561,0.017698162991484488,0.971,0.006069596362197431
2_hidden_layers,21,0.036648006097542644,0.0017855363698489704,0.99004,0.00012000000000000899,0.0904283835677361,0.008169439381954908,0.9737,0.002858321185591265
2_hidden_layers,22,0.033497072244728386,0.0022429036749250343,0.9909733333333334,0.0007088958550684877,0.08240165524552609,0.0007327512954049005,0.9759333333333333,0.00032145502536639643
2_hidden_layers,23,0.03049018799831851,0.0011963468888783401,0.99208,0.0004915282290978213,0.08795469626882495,0.005210807191022816,0.9742666666666667,0.0018147543451754499
2_hidden_layers,24,0.027848842122692872,0.0014089932425410557,0.9928,0.00027495454169733466,0.09298214615700584,0.009905259383595417,0.9732666666666666,0.002830783166074952
2_hidden_layers,25,0.025663607034070706,0.0015630278182173596,0.9936400000000001,0.0004014971979977263,0.0831531709731354,0.0028327043657016488,0.9765666666666667,0.000750555349946511
2_hidden_layers,26,0.023284515644409073,0.0015758453025054317,0.9945066666666666,0.0005828664798505725,0.09462428080241536,0.009619027252814095,0.9730333333333334,0.0029838453936712624
2_hidden_layers,27,0.02130610508045119,0.001161015377849895,0.9951333333333334,0.00024110855093368997,0.08459126502796493,0.002230165164656185,0.9763666666666667,0.0012423096769056147
2_hidden_layers,28,0.018962896892069467,0.0014337018632329128,0.9958866666666667,0.0003716629297270856,0.08599894057953678,0.0054261910025408915,0.9760333333333334,0.001457166199626289
2_hidden_layers,29,0.01769712048195086,0.0013769196961806573,0.9961866666666667,0.0005643875736879209,0.08573187125456648,0.004771530234007389,0.9771333333333333,0.0017039170558842418
2_hidden_layers,30,0.01579708690666437,0.001115924258517418,0.9968666666666667,0.00027153882472554284,0.08835968326720495,0.008684449091040639,0.9767,0.0015716233645501128
2_hidden_layers,31,0.014403320134992561,0.0007197548308503412,0.9972799999999999,0.00021071307505709822,0.08764694698923674,0.010379987955670264,0.9765,0.0025514701644346236
2_hidden_layers,32,0.01305971070949425,0.0008059446213998537,0.9976933333333333,0.00035795716689756305,0.0841319554540146,0.0036566973653551684,0.9769,0.0014525839046333898
2_hidden_layers,33,0.011871386398468707,0.0008313943462537806,0.99798,0.0003994996871087796,0.0865049851951817,0.002968427349906178,0.9763999999999999,0.001228820572744452
2_hidden_layers,34,0.010673158492408559,0.0005245605238465286,0.9985400000000001,0.00017999999999998573,0.09512443306126556,0.01974782239117561,0.9747,0.006237788069500256
2_hidden_layers,35,0.009908956604751258,0.0006518439227204206,0.9986666666666667,0.00020033305601756311,0.08733197435634277,0.006037148828050484,0.9774666666666666,0.0009865765724632778
2_hidden_layers,36,0.009000452497192292,0.0007556265108419223,0.99878,0.0001928730152198419,0.08686150340923243,0.00179199631075279,0.9771,0.00017320508075686865
2_hidden_layers,37,0.008070026986277944,0.00042271035791873086,0.9991133333333333,7.023769168565507e-05,0.08672473198243554,0.0019183164602823773,0.9780666666666665,0.0006806859285554573
2_hidden_layers,38,0.00733044534907487,0.0006449381152768858,0.9992533333333333,0.00017009801096236246,0.10681907660122618,0.028984578273554384,0.9720999999999999,0.007066116330771836
2_hidden_layers,39,0.0068410476384768255,0.0004299715406371871,0.9993333333333333,0.00011547005383791243,0.08722730489075746,0.003129474757849576,0.9779666666666667,0.0015947831618540753
2_hidden_layers,40,0.006243676520507728,0.0003846334645884469,0.9994266666666668,6.429100507334203e-05,0.08950959285363003,0.0007181765684740458,0.9773666666666667,0.00011547005383799255
2_hidden_layers,41,0.005721278511868368,0.0003160041009831172,0.9994733333333333,6.429100507333052e-05,0.08877112535086647,0.004212544320058064,0.9781666666666666,0.00140118997046558
2_hidden_layers,42,0.005225483003852654,0.0002662341980129561,0.9996466666666667,6.429100507331037e-05,0.08857252781755094,0.0037507966164754872,0.9784,0.000964365076099326
2_hidden_layers,43,0.004816610068591919,0.00021466385554097644,0.9996999999999999,3.4641016151332065e-05,0.09063650456315468,0.0018705055715633695,0.9775333333333333,0.0010115993936995933
2_hidden_layers,44,0.004453265792890512,0.00019137482349483622,0.9997666666666666,3.05505046330816e-05,0.090425072127355,0.0019450395729275374,0.9783333333333334,0.0008386497083605391
2_hidden_layers,45,0.004100030717228206,0.00016668637387720077,0.9997866666666667,5.7735026918956215e-05,0.09073282858602856,0.00343391992666311,0.9779333333333334,0.0008386497083605391
2_hidden_layers,46,0.003836546016706952,0.00024662590949614364,0.99982,7.211102550929417e-05,0.09149212176101962,0.003712226064302654,0.9783333333333334,0.0009712534856222493
2_hidden_layers,47,0.0035962637377559815,0.00020865389994020737,0.9998533333333333,3.055050463300589e-05,0.09079224436358713,0.0031348133522634864,0.9788333333333333,0.0009291573243177243
2_hidden_layers,48,0.0034258594841146636,0.00012806611170142754,0.99984,1.9999999999936735e-05,0.09226237630143215,0.0013046096145910826,0.9783,0.0007937253933193946
2_hidden_layers,49,0.0031013504964207688,0.00012179883179120662,0.9998866666666667,2.3094010767600115e-05,0.09273610089976192,0.0028600339294555946,0.9784666666666667,0.0007094598884597556
2_hidden_layers,50,0.0029327585393951455,0.00011091380164809621,0.99992,3.4641016151332065e-05,0.0920880470423898,0.0032377445855899314,0.9783666666666667,0.0012423096769056147
2_hidden_layers,51,0.002737646138155,6.360246560472e-05,0.9999533333333334,1.1547005383731951e-05,0.0931197297995474,0.003438702735075687,0.9786,0.001652271164185872
2_hidden_layers,52,0.002581707744124313,9.106463439423674e-05,0.9999600000000001,1.9999999999936735e-05,0.09362604112261179,0.003509274732313165,0.9786333333333334,0.0010066445913694622
2_hidden_layers,53,0.0024456153929871115,9.30509723728533e-05,0.9999600000000001,2.0000000000020002e-05,0.0939184505350385,0.0033014844590617013,0.9785666666666666,0.001504437879519537
2_hidden_layers,54,0.0023110387566629095,8.041304603314026e-05,0.9999600000000001,3.46410161513561e-05,0.09450300618848177,0.0034892566147272162,0.9785,0.0011357816691600665
2_hidden_layers,55,0.0022524105520184655,8.126498583046258e-05,0.9999533333333334,2.3094010767544028e-05,0.0942171575079629,0.0034996338838566778,0.9785,0.001307669683062192
2_hidden_layers,56,0.0020935674336910637,8.331705892680498e-05,0.9999866666666666,1.1547005383788038e-05,0.09513662949992104,0.0033811138540263655,0.9786333333333334,0.000873689494805453
2_hidden_layers,57,0.002003872366995064,7.268194472070576e-05,0.9999866666666666,1.1547005383755988e-05,0.09552451750450025,0.0034505727395190296,0.9788333333333332,0.0011846237095944636
2_hidden_layers,58,0.0019061338293850944,6.787574461197602e-05,0.9999866666666666,1.1547005383804064e-05,0.09520324528137425,0.0027185579652617034,0.9788333333333333,0.0010214368964029932
2_hidden_layers,59,0.001828567337318561,4.643013466020246e-05,0.9999933333333333,1.1547005383844125e-05,0.09583342191672604,0.0037611808567386707,0.9785666666666666,0.0015307950004273055
2_hidden_layers,60,0.001752578722549271,5.486156365153172e-05,0.9999933333333333,1.1547005383796051e-05,0.09620149336922436,0.0035991129376087942,0.9790333333333333,0.0013796134724383831
2_hidden_layers,61,0.0017009679326960118,4.970249414098162e-05,0.9999866666666666,1.1547005383755988e-05,0.09634723114484034,0.003047799916972084,0.979,0.0013856406460551736
2_hidden_layers,62,0.0016090269180058364,4.036048886676877e-05,1.0,0.0,0.09737854304681604,0.0030843975997231917,0.9787333333333333,0.0006806859285554669
2_hidden_layers,63,0.0015527173660295132,4.6812731928383047e-05,1.0,0.0,0.09702147647413457,0.003666269381428291,0.9790666666666666,0.0012503332889007266
2_hidden_layers,64,0.0015100439838046395,4.2579700387240744e-05,1.0,0.0,0.09755018116643731,0.0032990028291735637,0.9786333333333334,0.001021436896402991
2_hidden_layers,65,0.001458316045921832,4.2734118140710344e-05,1.0,0.0,0.09805048012760981,0.0034913894448881516,0.9789333333333333,0.001357694123627828
2_hidden_layers,66,0.0013940161362167762,3.324352814587672e-05,1.0,0.0,0.09921814250176819,0.004153667716103496,0.9786,0.0012124355652982169
2_hidden_layers,67,0.0013528332482784517,4.242460620876624e-05,1.0,0.0,0.09900530660658124,0.003114592539953067,0.9786999999999999,0.0011357816691600629
2_hidden_layers,68,0.001310189975783732,2.6391999263020526e-05,1.0,0.0,0.09901828460685445,0.0033850365537776875,0.9788,0.0013856406460551736
2_hidden_layers,69,0.0012710141967491168,3.4007520960763496e-05,1.0,0.0,0.09907107749658638,0.0034674181138488816,0.9788,0.0014730919862656854
2_hidden_layers,70,0.001229897627707338,2.135205813771933e-05,1.0,0.0,0.10055668033329586,0.0031197247705076585,0.9784,0.0007937253933193946
2_hidden_layers,71,0.001188229338108618,2.4937120686376385e-05,1.0,0.0,0.10007857428216278,0.00365176650499857,0.9784666666666667,0.0010263202878893981
2_hidden_layers,72,0.0011560063525952978,2.079762331069377e-05,1.0,0.0,0.10031046079471229,0.0033860893700583036,0.9786666666666667,0.0013316656236958668
2_hidden_layers,73,0.001123498340026575,2.578941775492133e-05,1.0,0.0,0.10039568322042451,0.0033954592117456097,0.9786666666666667,0.0012423096769056136
2_hidden_layers,74,0.0010968403833655192,2.459560925595145e-05,1.0,0.0,0.10041870752375039,0.0036201664403517674,0.9787666666666667,0.0014364307617610159
2_hidden_layers,75,0.0010587493771906202,2.010375214352561e-05,1.0,0.0,0.1015082335149728,0.0037617730627228074,0.9788666666666667,0.001504437879519562
2_hidden_layers,76,0.0010328121630096268,2.6410947932580317e-05,1.0,0.0,0.10180906612536038,0.0032120978699327683,0.9786,0.0011135528725659915
2_hidden_layers,77,0.001005487181822145,2.5629454419583666e-05,1.0,0.0,0.1021434837759602,0.004074786832793755,0.9787333333333333,0.0009291573243177886
2_hidden_layers,78,0.000980786986712533,1.989556856814881e-05,1.0,0.0,0.10204353646654128,0.0031613351996276433,0.9788666666666667,0.0015143755588801285
2_hidden_layers,79,0.0009564250962201475,2.275750245708321e-05,1.0,0.0,0.10207099744680963,0.003716174654511522,0.9789333333333333,0.001357694123627764
2_hidden_layers,80,0.0009329774641771024,1.8884358871873293e-05,1.0,0.0,0.10216960709067396,0.0033977977237650745,0.9788,0.0013892443989449873
2_hidden_layers,81,0.0009068423353461658,2.297501518330334e-05,1.0,0.0,0.10277641461458588,0.0036156804864389287,0.9785666666666666,0.0010969655114602976
2_hidden_layers,82,0.0008886323617773002,1.500307773653745e-05,1.0,0.0,0.10313820351067754,0.003344806067905589,0.9784333333333333,0.0009237604307034356
2_hidden_layers,83,0.0008677839298888552,1.7669966492915783e-05,1.0,0.0,0.10375350228991438,0.0033359474642981786,0.9787666666666667,0.001193035344544861
2_hidden_layers,84,0.0008489065193892016,1.6552093584536184e-05,1.0,0.0,0.10363467966103755,0.004043493020810035,0.9784333333333333,0.0011060440015358008
2_hidden_layers,85,0.0008278069795360907,1.7062621833602826e-05,1.0,0.0,0.10345040130261124,0.003856695147123628,0.9787333333333333,0.001474222959166456
2_hidden_layers,86,0.0008100062473370111,1.6953389617636445e-05,1.0,0.0,0.1039023104454355,0.003817052883719406,0.9787,0.001571623364550217
2_hidden_layers,87,0.000790703640947652,1.4738720295057915e-05,1.0,0.0,0.10419307774866066,0.004136750850004987,0.9786666666666667,0.0015821925715075018
2_hidden_layers,88,0.0007762845620951134,1.324492881579185e-05,1.0,0.0,0.10441697867155682,0.0037309171388710065,0.9788,0.0013453624047073303
2_hidden_layers,89,0.000759921860337639,1.808230174558881e-05,1.0,0.0,0.10479040330522321,0.00316520175002227,0.9785666666666666,0.0008962886439832866
2_hidden_layers,90,0.0007442352990922776,1.31146560826844e-05,1.0,0.0,0.10472387091706409,0.0038868128489428855,0.9785333333333334,0.0013796134724383046
2_hidden_layers,91,0.0007269623597003957,1.4022181312871879e-05,1.0,0.0,0.10510450611768718,0.003775957002881106,0.9788,0.0010535653752852686
2_hidden_layers,92,0.0007118509864654682,1.399349261648292e-05,1.0,0.0,0.10527847572164926,0.003722081148436141,0.9783666666666667,0.000960902353693321
2_hidden_layers,93,0.0006994003198476685,1.41852323008624e-05,1.0,0.0,0.10555855031555617,0.00394149619750031,0.9786666666666667,0.0010969655114602976
2_hidden_layers,94,0.0006864390908223921,1.0498241997021241e-05,1.0,0.0,0.10565167005967842,0.00385907911154846,0.9786999999999999,0.001307669683062192
2_hidden_layers,95,0.0006737388715886405,1.1121676611563554e-05,1.0,0.0,0.10607902806226799,0.0032705961294423303,0.9784666666666667,0.00107857931249091
2_hidden_layers,96,0.0006611442296546938,1.2375459806875879e-05,1.0,0.0,0.10614601026122122,0.0038045350817949037,0.9787666666666667,0.0014153915830374807
2_hidden_layers,97,0.0006477214490153623,1.287026307320259e-05,1.0,0.0,0.10622124566426445,0.0038350512032330132,0.9787,0.0014933184523068645
2_hidden_layers,98,0.0006357048606180144,8.648148326086425e-06,1.0,0.0,0.10642830032411542,0.0036224382185330597,0.9788,0.0012288205727444476
2_hidden_layers,99,0.0006251731067229574,1.1053149540398172e-05,1.0,0.0,0.1069147946863445,0.004036628303313052,0.9789333333333333,0.0013051181300301154
2_hidden_layers,100,0.0006131263987434562,1.0053781077458325e-05,1.0,0.0,0.10706125241410332,0.003660331216059438,0.9789333333333333,0.0013650396819628937
3_hidden_layers,1,2.3014464089434603,2.7800983449488398e-05,0.11230666666666667,0.0001921804707386563,2.3017474908385247,3.5311915301444e-05,0.1093,0.0
3_hidden_layers,2,2.3011819058719727,4.6469659437962364e-05,0.11298000000000001,0.0,2.3016460259850335,0.00015340200321237751,0.1093,0.0
3_hidden_layers,3,2.3009468528708976,0.00013162062629859989,0.11298000000000001,0.0,2.3011598911274405,0.0004569165019139562,0.1093,0.0
3_hidden_layers,4,2.264387918573435,0.06132610214953052,0.13194666666666666,0.03285123031688971,2.132782672234114,0.2831360856074844,0.1677,0.10115176716202241
3_hidden_layers,5,1.7378143752625206,0.3629432848246141,0.33578,0.131188546756186,1.1944684978012112,0.3630386953113008,0.5411666666666667,0.17284768824989627
3_hidden_layers,6,0.7882887251990126,0.2903900810592093,0.7321933333333334,0.11699518679558289,0.48421765580556375,0.17782976358518307,0.8526333333333334,0.068626112620003
3_hidden_layers,7,0.379057349397796,0.09481795061034158,0.8922,0.027372197573450326,0.29876031304970974,0.05037788362690515,0.9171,0.011588356225108037
3_hidden_layers,8,0.2540031788007357,0.04822328017558073,0.92914,0.011985140800174196,0.2490080388907998,0.03211737781353742,0.9312333333333332,0.007205784713224016
3_hidden_layers,9,0.19433191616277404,0.03403980180799152,0.9458066666666666,0.008148480430935176,0.2012976820971055,0.0319243603418549,0.9425333333333333,0.009521204405606127
3_hidden_layers,10,0.15758889180855043,0.025429371057778833,0.95526,0.006011023207408208,0.175454072334204,0.013312558970355475,0.9498000000000001,0.004396589587396145
3_hidden_layers,11,0.1300323887370666,0.01951103917238533,0.96324,0.0044542114902640356,0.19072500550538143,0.03896590943324975,0.9473666666666668,0.010002166431995278
3_hidden_layers,12,0.10972622811809309,0.015339088079213642,0.9685133333333334,0.004315846768982137,0.14705067109321937,0.024289015016572643,0.9583666666666667,0.006351640208114228
3_hidden_layers,13,0.0941992769656259,0.011404561940710751,0.9727333333333332,0.0027744789300575626,0.150301108717073,0.03307863678865457,0.9570666666666666,0.009877415316434435
3_hidden_layers,14,0.08175774642339652,0.010632696634262787,0.97616,0.002948423307464493,0.13484418398342377,0.018905760462729383,0.9624333333333333,0.005558177159225308
3_hidden_layers,15,0.07062349520326222,0.008013136158683157,0.9794733333333333,0.0017788010943704227,0.13306859078087283,0.015101913835326454,0.9631333333333334,0.002874601421646649
3_hidden_layers,16,0.06220797143977863,0.006842970399338649,0.9818000000000001,0.002181008940834488,0.12067073615989565,0.005333485042323937,0.9679666666666668,0.001222020185321538
3_hidden_layers,17,0.054054199961259077,0.0052649164509031,0.9842933333333334,0.0014670151101243679,0.1185643347277554,0.004374380507413791,0.9671333333333333,0.00041633319989329626
3_hidden_layers,18,0.04707431363545098,0.005054713040389531,0.9865400000000001,0.001919479096005008,0.11694585566033443,0.005364877250631039,0.9689,0.0016522711641858401
3_hidden_layers,19,0.04115717820371731,0.003285311765610243,0.98794,0.0008986656775464101,0.12649589190254987,0.0038172823487146396,0.9671,0.0014798648586948884
3_hidden_layers,20,0.0361635192859945,0.0033243976811242323,0.98934,0.001080555412739238,0.1310807310232561,0.031467138501379596,0.9647,0.009704122835166496
3_hidden_layers,21,0.03154839274662349,0.002618580677584962,0.9904733333333334,0.0008431686268673023,0.14031144398694662,0.023048590441203783,0.9636999999999999,0.007275300681071579
3_hidden_layers,22,0.027108538972844237,0.0024805699398506007,0.9923266666666667,0.0012133150181768118,0.1263051002648285,0.007632916057817512,0.9676333333333332,0.00135769412362776
3_hidden_layers,23,0.02328799605529457,0.0018969982568708375,0.9935200000000001,0.0008146164741767029,0.12526594945948974,0.011492975384677532,0.9691666666666667,0.0035921210076127995
3_hidden_layers,24,0.019331335457961535,0.0011739190427656047,0.9949133333333333,0.0006658328118479744,0.1759402500683985,0.059366424871294926,0.9587666666666667,0.011948779575058388
3_hidden_layers,25,0.01734738740388107,0.0007821201326976929,0.99552,0.0003671511950137109,0.13188224754163702,0.0013686330539518128,0.9690666666666666,0.0016196707484341926
3_hidden_layers,26,0.014409859413591013,0.0023385873891504545,0.9962933333333334,0.0006407287517610835,0.13485058455817883,0.014553797050844034,0.9682666666666666,0.0032715949219506747
3_hidden_layers,27,0.012058611129711327,0.0010258973559622228,0.9969733333333334,0.0003061590000855269,0.1287367039084439,0.007668548007848752,0.9711666666666666,0.001011599393699592
3_hidden_layers,28,0.010525232954050875,0.0017779342342606236,0.9974866666666667,0.0006806859285554078,0.13813011792395605,0.01017967858833952,0.9702000000000001,0.0015874507866387893
3_hidden_layers,29,0.007869579271712434,0.001998326381034657,0.9983666666666666,0.0008200812967830134,0.13528724331819306,0.004318368231499343,0.9709,0.0009539392014169541
3_hidden_layers,30,0.005971896355681586,0.001650074478759277,0.9989333333333333,0.0006274817394421532,0.13193984157848307,0.002938366196836624,0.9721000000000001,0.0005196152422706701
3_hidden_layers,31,0.004753873424078947,0.0019131361354450206,0.9993266666666667,0.0006806859285554078,0.13623523376055602,0.004304247776669471,0.9717000000000001,0.0006082762530298348
3_hidden_layers,32,0.0032625237754212648,0.000611671137929539,0.99974,0.00012000000000003674,0.13614285433607207,0.004422036583120219,0.9723,0.0011135528725660388
3_hidden_layers,33,0.0025155761548999044,0.00032921259541054157,0.9998466666666667,0.00010263202878888708,0.13638013685824005,0.006153014497651318,0.9728,0.0011789826122551687
3_hidden_layers,34,0.0021318399790558325,0.00019198463202570542,0.9998999999999999,3.464101615144424e-05,0.13939980812706929,0.003947242122553077,0.9722333333333334,0.0013503086067019312
3_hidden_layers,35,0.0017257023494892249,0.00018859752818225974,0.9999333333333333,7.023769168570249e-05,0.140334834636998,0.006712428465125923,0.9730666666666666,0.0014011899704655542
3_hidden_layers,36,0.0014644030592523571,0.0001284352966143771,0.9999600000000001,3.9999999999970615e-05,0.14122676140582804,0.006672829816858743,0.9728,0.0012999999999999924
3_hidden_layers,37,0.0013058839969511688,0.00012399575010099286,0.9999733333333333,3.0550504632954405e-05,0.14344939983108607,0.006980720116228628,0.9729333333333333,0.0013279056191361292
3_hidden_layers,38,0.0011602460485826695,0.00010303621777738434,0.99998,1.9999999999992246e-05,0.14558747984647671,0.006230730718030318,0.9727333333333333,0.0014153915830375447
3_hidden_layers,39,0.0010746364701958579,0.00010131646913739185,0.9999600000000001,3.46410161513561e-05,0.1461324019817449,0.006499068236865842,0.973,0.0014798648586948483
3_hidden_layers,40,0.0009539764200352089,5.981879200329211e-05,0.9999866666666666,1.1547005383755988e-05,0.14796322630652983,0.006234311890467374,0.9728666666666667,0.0016196707484341605
3_hidden_layers,41,0.0008695195854201716,5.563037951129803e-05,0.9999933333333333,1.1547005383796051e-05,0.14925265334094764,0.006037419807516479,0.9727666666666667,0.0013796134724383938
3_hidden_layers,42,0.0008102432146350876,5.883170757475296e-05,0.9999933333333333,1.1547005383796051e-05,0.15075934088478582,0.006363480823585695,0.9725,0.0014000000000000026
3_hidden_layers,43,0.0007488128357172609,4.4192022345414086e-05,0.9999933333333333,1.1547005383796051e-05,0.1514473906146697,0.0066803627701890024,0.9730333333333333,0.0017616280348965385
3_hidden_layers,44,0.0007038669287099735,3.741497271991554e-05,0.9999933333333333,1.1547005383796051e-05,0.1521603165945313,0.006986575965881095,0.9727666666666668,0.0011930353445448907
3_hidden_layers,45,0.0006563635099492683,3.1157469950093516e-05,0.9999933333333333,1.1547005383796051e-05,0.15370892685364004,0.00639008835764619,0.9725,0.001571623364550126
3_hidden_layers,46,0.0006143728067312921,3.337509855519202e-05,0.9999933333333333,1.1547005383796051e-05,0.155226252753459,0.006431334533156426,0.9726666666666667,0.001357694123627828
3_hidden_layers,47,0.0005854302771251588,3.578330385683585e-05,0.9999933333333333,1.1547005383796051e-05,0.1554728599638105,0.006575465277637762,0.9729000000000001,0.0013999999999999826
3_hidden_layers,48,0.0005551447127799223,2.6899424525529826e-05,1.0,0.0,0.1566881662263042,0.007446742674596226,0.9727666666666667,0.0016258331197676048
3_hidden_layers,49,0.0005264242531594585,2.6849143627954057e-05,1.0,0.0,0.157682497205319,0.006684210142971451,0.9725666666666667,0.0016441816606851127
3_hidden_layers,50,0.0005008033773218574,2.1307316957490162e-05,1.0,0.0,0.15828128138783382,0.006602353962328351,0.9725333333333334,0.0015534906930307925
3_hidden_layers,51,0.00047773036953969376,2.4551538323782634e-05,1.0,0.0,0.15865267215342135,0.006817484625451893,0.973,0.0016462077633154757
3_hidden_layers,52,0.00045633950475404606,2.061849498500626e-05,1.0,0.0,0.159850959353105,0.006719574561327861,0.9727333333333333,0.001504437879519562
3_hidden_layers,53,0.00043666812434156854,1.871634526967373e-05,1.0,0.0,0.16073718535529258,0.007104006464879817,0.9727666666666667,0.0017387735140993585
3_hidden_layers,54,0.00041860948383970286,1.6835309659832465e-05,1.0,0.0,0.16132424942205204,0.006859081957758378,0.9728333333333333,0.001436430761761079
3_hidden_layers,55,0.00040186028397594473,1.6902022004887474e-05,1.0,0.0,0.1619009214091525,0.006498773380464395,0.9729000000000001,0.0014177446878757625
3_hidden_layers,56,0.0003864620857481576,1.8220575315901854e-05,1.0,0.0,0.16295808145054372,0.00680010406782043,0.9724666666666666,0.0016921386861995789
3_hidden_layers,57,0.0003723156232716745,1.4684164975989403e-05,1.0,0.0,0.1634448218760044,0.006338461104800739,0.9727,0.0013000000000000169
3_hidden_layers,58,0.000358949478688797,1.3430272426167569e-05,1.0,0.0,0.16405542843205162,0.007478810007160246,0.9727,0.0012124355652981607
3_hidden_layers,59,0.00034564893755643624,1.3483023102802104e-05,1.0,0.0,0.16448651851959392,0.0069387396005703775,0.9725666666666667,0.001457166199626289
3_hidden_layers,60,0.0003341462039193361,1.3035563894824276e-05,1.0,0.0,0.16539687517729662,0.00728370724346669,0.9727,0.001571623364550157
3_hidden_layers,61,0.0003229479516925796,1.30311996338592e-05,1.0,0.0,0.16623734927924336,0.007363620997624829,0.9724666666666666,0.0013650396819628902
3_hidden_layers,62,0.00031266593965555904,1.2033079008823477e-05,1.0,0.0,0.16651955855582867,0.007396662425206271,0.9727333333333333,0.0016743157806498907
3_hidden_layers,63,0.00030253238406257726,1.1481022238250611e-05,1.0,0.0,0.16715422587879927,0.007527794422179909,0.9725,0.0015620499351813827
3_hidden_layers,64,0.00029405372162410564,1.1065898232856679e-05,1.0,0.0,0.16775684205958022,0.0072548534457867265,0.9724333333333334,0.0015885003409925632
3_hidden_layers,65,0.0002854016975042314,1.042015731301406e-05,1.0,0.0,0.1680521702705564,0.007415774051884619,0.9725,0.0014730919862656854
3_hidden_layers,66,0.0002762612798404102,1.003862393367609e-05,1.0,0.0,0.16888639591974272,0.007474531683916588,0.9726,0.0013892443989449873
3_hidden_layers,67,0.0002689480585067014,9.291448379570378e-06,1.0,0.0,0.16941435383877765,0.007838679308562527,0.9724666666666666,0.0014468356276140975
3_hidden_layers,68,0.0002608298859975401,9.413268409960891e-06,1.0,0.0,0.1699492352385645,0.007249608440061231,0.9725666666666667,0.0014468356276141113
3_hidden_layers,69,0.0002543775683160626,9.238796441513094e-06,1.0,0.0,0.17049531631249681,0.007112027202364408,0.9723333333333333,0.0014153915830374562
3_hidden_layers,70,0.0002470648736428764,9.133292332019896e-06,1.0,0.0,0.1708667736027688,0.007787624539003621,0.9725,0.0018357559750685384
3_hidden_layers,71,0.00024082423863560989,8.645763120435447e-06,1.0,0.0,0.1714361972472536,0.0077421587463406,0.9725666666666667,0.001357694123627764
3_hidden_layers,72,0.00023496156532178074,8.7306133920386e-06,1.0,0.0,0.1716359902766258,0.007542596416983047,0.9726,0.0015620499351813827
3_hidden_layers,73,0.00022882553671082869,8.194359860418345e-06,1.0,0.0,0.1725040615354286,0.007392111728047187,0.9723666666666667,0.0015695009822657919
3_hidden_layers,74,0.0002232227981249865,7.925879539293056e-06,1.0,0.0,0.1726375203550248,0.0074134604557914196,0.9726333333333333,0.001501110699893086
3_hidden_layers,75,0.0002179893852054468,7.640061277704636e-06,1.0,0.0,0.1732006480083549,0.007520898872870271,0.9726,0.0016643316977093623
3_hidden_layers,76,0.00021277143693404935,7.501499028796463e-06,1.0,0.0,0.17349307154321061,0.007647197303225825,0.9724,0.0015620499351813135
3_hidden_layers,77,0.00020818673836371063,7.222689695952394e-06,1.0,0.0,0.1742527204562646,0.007551367848284968,0.9724333333333334,0.0015885003409924993
3_hidden_layers,78,0.0002032783815808057,6.9037549174495955e-06,1.0,0.0,0.17451850694928997,0.0077777965838390075,0.9723666666666667,0.0016289055630493922
3_hidden_layers,79,0.00019889790590015165,6.899543465648988e-06,1.0,0.0,0.1749916664886123,0.007947721868541877,0.9723666666666667,0.0015307950004272916
3_hidden_layers,80,0.00019437889879872115,6.699896822917807e-06,1.0,0.0,0.17518511754180643,0.008113892884032652,0.9725333333333334,0.0014153915830375447
3_hidden_layers,81,0.00019040703067846774,6.726655467138478e-06,1.0,0.0,0.1760719651007966,0.007630070537509436,0.9723666666666667,0.0013650396819628902
3_hidden_layers,82,0.00018627467344179067,5.913321182239813e-06,1.0,0.0,0.17614534758496594,0.007981784225609365,0.9725,0.0015588457268119781
3_hidden_layers,83,0.0001825443593252872,6.285609356759592e-06,1.0,0.0,0.17659237343830772,0.008001958717079979,0.9725,0.0013892443989449524
3_hidden_layers,84,0.000178977166220652,6.20929267288857e-06,1.0,0.0,0.1769761918401228,0.007863665750684173,0.9724,0.001479864858694867
3_hidden_layers,85,0.00017510157242738597,5.994454916893422e-06,1.0,0.0,0.1772631492974981,0.007873610908583956,0.9723,0.001473091986265597
3_hidden_layers,86,0.00017167600324970687,5.958215081919877e-06,1.0,0.0,0.1777629940176344,0.00786221969590166,0.9722333333333334,0.0013279056191361292
3_hidden_layers,87,0.00016857607476866926,5.7016946088836086e-06,1.0,0.0,0.17812573011990762,0.007984188937326137,0.9723333333333333,0.0015011106998929979
3_hidden_layers,88,0.00016517109234156192,5.6418670185928355e-06,1.0,0.0,0.17863070849565624,0.007813292799854443,0.9724,0.0015716233645501542
3_hidden_layers,89,0.00016192072249058683,5.29493211455355e-06,1.0,0.0,0.17909211789503224,0.008018225263397917,0.9723666666666667,0.0016196707484341247
3_hidden_layers,90,0.00015925154646399286,5.5004406846393325e-06,1.0,0.0,0.17931437425819594,0.00785376423719939,0.9722,0.0013892443989449623
3_hidden_layers,91,0.00015622192365404385,5.148261976452275e-06,1.0,0.0,0.17977465777466775,0.007930673907083683,0.9722666666666666,0.0013576941236277396
3_hidden_layers,92,0.00015352981609759178,5.286162461836575e-06,1.0,0.0,0.1797818726058,0.00819478838206092,0.9724333333333334,0.0015143755588800626
3_hidden_layers,93,0.00015056642298311962,5.110696817289191e-06,1.0,0.0,0.18021850609862686,0.008086682566338366,0.9722666666666667,0.001457166199626289
3_hidden_layers,94,0.00014819811223065334,4.844378781457589e-06,1.0,0.0,0.18058257015865722,0.008133654990759956,0.9723,0.001473091986265597
3_hidden_layers,95,0.00014565983870939316,4.900336365429442e-06,1.0,0.0,0.18102760124049935,0.008001166716745759,0.9723666666666667,0.0013576941236277404
3_hidden_layers,96,0.00014302829354107517,4.7549014620065954e-06,1.0,0.0,0.18128195956922788,0.00806184989684706,0.9724333333333334,0.0015044378795195565
3_hidden_layers,97,0.0001406835689602736,4.671657825472328e-06,1.0,0.0,0.18154703126647442,0.008133372670242276,0.9722,0.0013892443989449623
3_hidden_layers,98,0.00013836306357413347,4.770290990735776e-06,1.0,0.0,0.1820355629449962,0.007991688303147447,0.9722666666666666,0.0012858201014657226
3_hidden_layers,99,0.00013618263329988182,4.5670500051626994e-06,1.0,0.0,0.1822927465935643,0.008040331433254881,0.9724,0.0014000000000000026
3_hidden_layers,100,0.0001338846512756659,4.43940821587655e-06,1.0,0.0,0.18254021905045895,0.008237413741783713,0.9723666666666667,0.001457166199626289
