step,loss,accuracy,global_gradient_norm
0,2.371450052162514,0.05,2.221600273826683
1,1.3369778466253326,0.6,1.7946624080332663
2,0.8704971181135998,0.85,1.8002880041147657
3,0.6951492859795639,0.9,1.5282913435624312
4,0.299155487467356,1.0,0.8498126672789406
5,0.17625974719751997,1.0,0.5106010273956488
6,0.1104480943485235,1.0,0.2739956012546121
7,0.08197192062274862,1.0,0.18858555813951364
8,0.0663152667504285,1.0,0.15464981702850664
9,0.05580095947227609,1.0,0.13211059086079402
10,0.04794315108819586,1.0,0.11497308956227774
11,0.0420221167121183,1.0,0.10187983366155326
12,0.03727828158004147,1.0,0.09183484627642965
13,0.033538936372506364,1.0,0.0831195419607891
14,0.030355672410573777,1.0,0.07553520526108436
15,0.02776174252813432,1.0,0.07023224233011259
16,0.025525021299994743,1.0,0.0646944903108111
17,0.02362173266296636,1.0,0.06000116985364201
18,0.021949530202411426,1.0,0.056086158988837044
19,0.020510284588723955,1.0,0.05301587906901515
20,0.0192396271207767,1.0,0.049847058941267654
21,0.018103308740516105,1.0,0.04679466376435613
22,0.0170832977042863,1.0,0.044403874911974395
23,0.016173384528059484,1.0,0.04210179001862992
24,0.015353570507932745,1.0,0.04022110790746774
25,0.01460707698004606,1.0,0.03853842104993452
26,0.01393006226474917,1.0,0.036899673556470766
27,0.013305602737215006,1.0,0.03506932052290438
28,0.012729993339588946,1.0,0.033865971154602506
29,0.012203896126342036,1.0,0.03242822059375005
30,0.011711267824269686,1.0,0.03119817837477591
31,0.011262962213738122,1.0,0.030265473176554928
32,0.01084128349732931,1.0,0.029141732678334486
33,0.010447753077918972,1.0,0.028063486136820505
34,0.010080552930198121,1.0,0.027410336419714777
35,0.009739891541028617,1.0,0.026370556111711366
36,0.00941621373681884,1.0,0.02553026013819777
37,0.00911188174742047,1.0,0.024828404535343553
38,0.00882901358637778,1.0,0.02419650476745729
39,0.00855952643268007,1.0,0.023272050519157737
40,0.008304172999502035,1.0,0.022841882123420247
41,0.00806541331573148,1.0,0.02218485040872151
42,0.007836387979939807,1.0,0.021593996383235503
43,0.007620517365599595,1.0,0.02095485279780314
44,0.007415427660174388,1.0,0.020434645391237512
45,0.007220931945625275,1.0,0.02002049789573882
46,0.007035637531468802,1.0,0.01947188587441527
47,0.006858007502347852,1.0,0.019021258268515685
48,0.006690961654169993,1.0,0.01867548718128291
49,0.006529295734915836,1.0,0.018198837770058148
50,0.006375910023749017,1.0,0.01770027966635087
51,0.006227370208001154,1.0,0.01744593618986046
52,0.006087505892402279,1.0,0.01707978331766751
53,0.005952165832848281,1.0,0.016788296782873177
54,0.00582224785009778,1.0,0.016258682790986037
55,0.005697205921012684,1.0,0.015980045202468953
56,0.00557794123120291,1.0,0.01573333635895618
57,0.005463463681245187,1.0,0.015420483008513043
58,0.005353083392431788,1.0,0.015091290961805828
59,0.0052469622597798435,1.0,0.014889415903723627
60,0.005144450496036129,1.0,0.014622729195839068
61,0.005046198566980627,1.0,0.01426312460464697
62,0.0049501628326695,1.0,0.014002578506141568
63,0.004858927588630108,1.0,0.013822732955778181
64,0.004770542733256987,1.0,0.01362486065585831
65,0.0046844245348930235,1.0,0.013321581789505573
66,0.00460193362155685,1.0,0.0132118473490132
67,0.004521580674000063,1.0,0.01281628978755033
68,0.004443820453608977,1.0,0.012663571777233379
69,0.004368887830803391,1.0,0.012553780551402872
70,0.004296451257115837,1.0,0.012330285562702823
71,0.004226160542008348,1.0,0.012138700007540039
72,0.004158088051351585,1.0,0.011887624995566589
73,0.004091472288366237,1.0,0.011793334840786103
74,0.004027614765788986,1.0,0.011554566827122015
75,0.003964801302233117,1.0,0.011456172555091224
76,0.0039046203754616823,1.0,0.011147382783524234
77,0.0038451745698728267,1.0,0.01107674816868695
78,0.0037884197626927357,1.0,0.010908205072131803
79,0.003732674575459978,1.0,0.010760756665545297
80,0.003678860027101201,1.0,0.010634168539605438
81,0.0036260730417666475,1.0,0.010425513038795436
82,0.0035750762067474663,1.0,0.010361810319429125
83,0.0035254348233128446,1.0,0.010228990610378663
84,0.00347681391286441,1.0,0.010027686153537396
85,0.0034293110529289204,1.0,0.009902744560100428
86,0.003383455772343205,1.0,0.009868346557060589
87,0.0033389176436083084,1.0,0.009703547219057944
88,0.0032946450046830783,1.0,0.009680829679114792
89,0.003252103268096971,1.0,0.00949618710011703
90,0.003209998428633242,1.0,0.00933849320040839
91,0.003168934511510321,1.0,0.009260400223041015
92,0.0031290727783255348,1.0,0.009084846945689982
93,0.003089878012441237,1.0,0.009048263981407553
94,0.0030521001181000188,1.0,0.008966121977367165
95,0.0030147644372402835,1.0,0.00882976083859982
96,0.0029783728331791996,1.0,0.008754299707537164
97,0.0029428962017485068,1.0,0.00864659200554584
98,0.002908150041870953,1.0,0.008495139409120746
99,0.002874146310331641,1.0,0.008424162702372463
100,0.0028411786033621295,1.0,0.00836539095855087
101,0.0028085592406172917,1.0,0.008277003923860294
102,0.0027768077775725186,1.0,0.00821529238940417
103,0.00274568161944279,1.0,0.008078392404195618
104,0.00271525817350419,1.0,0.00798094366587077
105,0.0026853304143832947,1.0,0.00792085150551253
106,0.0026562066982897224,1.0,0.00782724650292623
107,0.002627592140046613,1.0,0.007751078503923982
108,0.0025996369662125646,1.0,0.0077371535955239115
109,0.0025721369665595894,1.0,0.007592262277098944
110,0.0025451609292976483,1.0,0.007551866017741142
111,0.0025188986463758464,1.0,0.0074492903486774635
112,0.002492899668781108,1.0,0.007350137495803956
113,0.0024675975592613145,1.0,0.007333249079382837
114,0.0024426556951104568,1.0,0.007253751297260906
115,0.002418317745160083,1.0,0.007169248922090899
116,0.0023942863693487094,1.0,0.0070820913781893405
117,0.002370870144788212,1.0,0.007077999494001894
118,0.0023477498705898547,1.0,0.006955398157378758
119,0.002325085964078271,1.0,0.006917474088787673
120,0.0023028935434110456,1.0,0.006854130937363374
121,0.0022809658647363956,1.0,0.006757131518206092
122,0.0022594466189921336,1.0,0.006728039743126119
123,0.0022384871155635556,1.0,0.006651913965347567
124,0.0022177734758572175,1.0,0.006629265009817894
125,0.00219748749766876,1.0,0.006535808316537614
126,0.0021774757906230188,1.0,0.0065437070106895605
127,0.0021578970124119185,1.0,0.0064861247476305
128,0.0021385054965940946,1.0,0.0063922529431342376
129,0.002119369355813754,1.0,0.0063145367480143995
130,0.0021007291196098454,1.0,0.006262988443558439
131,0.002082260669812902,1.0,0.006216898561441933
132,0.002064336185298934,1.0,0.006215444775763848
133,0.0020465866185014436,1.0,0.006126187600413311
134,0.002029035009279129,1.0,0.006085011538362899
135,0.002011815772801702,1.0,0.006019167706094892
136,0.001994893667514009,1.0,0.006022097202196815
137,0.0019783167148795847,1.0,0.005929463339332042
138,0.0019617606169219813,1.0,0.005862886490180514
139,0.0019457411867668227,1.0,0.005872723849679536
140,0.0019297600910683783,1.0,0.005748297364089183
141,0.0019140636461144548,1.0,0.0057441597536416
142,0.0018987122241318909,1.0,0.005743057105238289
143,0.0018836061286180276,1.0,0.005686527435776478
144,0.001868635762354252,1.0,0.00558851954808485
145,0.00185377207949598,1.0,0.005610463295821965
146,0.001839501225124197,1.0,0.00553508405289178
147,0.0018250399578088974,1.0,0.0054847196493753424
148,0.001810976416485193,1.0,0.005462028694456603
149,0.0017971279378928393,1.0,0.005437274064715905
150,0.00178347348431029,1.0,0.005402975955609305
151,0.0017699919013333773,1.0,0.0053358786740959055
152,0.0017566549101604705,1.0,0.005290031086923455
153,0.0017435627358368024,1.0,0.005291891869493694
154,0.0017307098409992973,1.0,0.005242593011183004
155,0.001717923979168301,1.0,0.0051665421668866205
156,0.001705386549234119,1.0,0.005138954662644961
157,0.0016930020552676645,1.0,0.005105358431486487
158,0.0016808283259690554,1.0,0.005099964055308287
159,0.0016689050894285417,1.0,0.00509643387836675
160,0.0016569875442043944,1.0,0.0050356595998713215
161,0.0016452472467553664,1.0,0.0049453347363070995
162,0.001633627823050016,1.0,0.004964299308180969
163,0.0016223509176877455,1.0,0.004930969339690216
164,0.0016110133321542038,1.0,0.004858988410324021
165,0.0015998995619271271,1.0,0.0048585481084172846
166,0.0015890344941280957,1.0,0.00482227783743181
167,0.0015781285523600926,1.0,0.004804742067694061
168,0.0015675605379998838,1.0,0.004761729265110553
169,0.0015569441271842386,1.0,0.004712359276004043
170,0.001546602677484283,1.0,0.004691256823496767
171,0.001536282223676236,1.0,0.0046336504094894575
172,0.0015261845852993685,1.0,0.004644372838195386
173,0.0015162093297527396,1.0,0.004594047989979949
174,0.0015062855486442394,1.0,0.0045849455021971484
175,0.0014965643618503862,1.0,0.004580055800902232
176,0.0014869086103276637,1.0,0.004522855797447211
177,0.001477389468876921,1.0,0.0044931009806136925
178,0.0014679303132153448,1.0,0.004471164405279825
179,0.0014586782194361614,1.0,0.004426385722048919
180,0.001449481031190104,1.0,0.004393819172740087
181,0.0014404181086884141,1.0,0.004392422773170129
182,0.0014314530586657494,1.0,0.004385066764769107
183,0.0014226379214895895,1.0,0.004346295804173773
184,0.0014138321519921073,1.0,0.004316244321752092
185,0.0014051700220357104,1.0,0.004272716993276669
186,0.0013966393405815418,1.0,0.004271854001764252
187,0.0013881852029425598,1.0,0.004236285551208419
188,0.0013797800398607162,1.0,0.00422092246403291
189,0.001371583815709417,1.0,0.004157523948307675
190,0.0013633266811329179,1.0,0.004170126882463479
191,0.001355304072301749,1.0,0.0041603676770136724
192,0.0013473381769718163,1.0,0.004126068378224495
193,0.0013394022389239413,1.0,0.004101337417192675
194,0.001331622639032456,1.0,0.004072329576414864
195,0.00132386947414137,1.0,0.004045290081712392
196,0.0013162432300053177,1.0,0.004023780086621882
197,0.001308648946018965,1.0,0.003997945133322992
198,0.0013011914751145898,1.0,0.003972986392846205
199,0.001293800585618754,1.0,0.003971030803490649
200,0.0012864871310447853,1.0,0.00393573168750256
201,0.001279237304000523,1.0,0.003933109843318469
202,0.0012721062340029774,1.0,0.003889682270561617
203,0.0012649994272484904,1.0,0.003881351382110879
204,0.001257984306283333,1.0,0.0038592150629056304
205,0.0012510585355307259,1.0,0.0038449629797619304
206,0.001244216122309173,1.0,0.00382182151274353
207,0.0012373789376466913,1.0,0.003800905854672026
208,0.0012306779118173789,1.0,0.0037913091335984085
209,0.001224032282553766,1.0,0.0037648404655857386
210,0.0012174489654941472,1.0,0.0037404088984292062
211,0.00121090940582806,1.0,0.003716303121780179
212,0.001204452304839844,1.0,0.003700113776257584
213,0.0011981022150862578,1.0,0.0037029969094276565
214,0.001191724847158132,1.0,0.003642076849947764
215,0.0011854593800101991,1.0,0.0036497089226432936
216,0.001179292859047936,1.0,0.00363324598966875
217,0.0011731871133625474,1.0,0.0036319693056271222
218,0.001167072309961924,1.0,0.003600135133318768
219,0.0011610434987511147,1.0,0.003574260517781791
220,0.001155105861121937,1.0,0.0035448993805591417
221,0.0011491693322048034,1.0,0.0035412898683195313
222,0.0011433349588579622,1.0,0.0035292198324969656
223,0.0011375956358714104,1.0,0.003531614652147144
224,0.0011318323259900294,1.0,0.0034771922687466955
225,0.0011261442770488506,1.0,0.0034844610041647964
226,0.001120540897157554,1.0,0.0034678909972790956
227,0.0011149506593596333,1.0,0.0034310927313485947
228,0.0011094021213402402,1.0,0.0034112018038759623
229,0.0011039773149464425,1.0,0.0034384538767466845
230,0.0010985534908771253,1.0,0.0033869099826785275
231,0.0010931622648109487,1.0,0.00339679001718579
232,0.0010878567876106175,1.0,0.003367128909361188
233,0.0010825706568571567,1.0,0.0033521529248540386
234,0.0010773098849926166,1.0,0.0033178910238320265
235,0.0010721613325107757,1.0,0.003307123918061676
236,0.0010669946095720115,1.0,0.003300503843269442
237,0.0010619361058407093,1.0,0.003305435315353694
238,0.001056915901325576,1.0,0.003280447360275374
239,0.0010518960057977933,1.0,0.003276080555162141
240,0.001046959609371621,1.0,0.003250596124283661
241,0.0010420443079654522,1.0,0.0032371142079344203
242,0.0010371887011188686,1.0,0.00320629207017714
243,0.001032345966304088,1.0,0.003195184585377345
244,0.001027587704248174,1.0,0.003197895376564381
245,0.0010228283255280057,1.0,0.003169979595742542
246,0.0010181598241781405,1.0,0.003155130200064446
247,0.0010134767919755192,1.0,0.0031288287065464465
248,0.0010088673755067666,1.0,0.003149534567336182
249,0.0010043281072921707,1.0,0.003121327816058481
250,0.000999775145748438,1.0,0.003105943120040762
